"Name","Team","G","PA","AB","H","2B","3B","HR","R","RBI","BB","SO","HBP","SB","CS","AVG","OBP","SLG","OPS","wOBA","Fld","BsR","WAR","playerid"
"Bryce Harper","Nationals","155","651","536","164","31","2","37","102","96","105","129","5","6","4",".306",".422",".578","1.000",".421","1.9","0.7","7.3","11579"
"Mike Trout","Angels","157","658","550","165","33","7","36","105","101","92","144","9","17","6",".301",".406",".580",".986",".414","0.6","3.1","8.7","10155"
"Giancarlo Stanton","Marlins","150","630","540","147","29","2","43","92","106","80","176","5","8","4",".273",".370",".572",".943",".394","3.8","0.0","5.8","4949"
"Joey Votto","Reds","152","637","507","144","32","2","21","84","72","120","127","5","7","4",".285",".423",".482",".906",".389","4.0","-1.3","4.8","4314"
"Paul Goldschmidt","Diamondbacks","160","672","560","162","37","2","30","95","100","103","149","3","16","6",".289",".399",".527",".926",".388","7.3","1.3","5.5","9218"
"Miguel Cabrera","Tigers","152","637","553","171","34","1","27","85","99","75","106","4","2","1",".310",".393",".525",".917",".387","0.5","-2.7","4.5","1744"
"Andrew McCutchen","Pirates","158","665","563","166","34","4","24","90","90","86","123","10","13","6",".295",".393",".494",".888",".379","-5.4","0.9","5.7","9847"
"Jose Bautista","Blue Jays","142","595","495","128","24","1","33","86","97","89","98","5","5","3",".259",".375",".511",".885",".379","-2.6","0.0","4.1","1887"
"Anthony Rizzo","Cubs","157","658","563","155","33","2","32","93","99","73","114","17","10","6",".275",".372",".510",".882",".377","7.3","-0.5","4.9","3473"
"Edwin Encarnacion","Blue Jays","138","581","501","134","27","1","31","79","98","69","88","5","3","1",".268",".359",".514",".873",".372","-0.1","-0.4","3.0","2151"
"Chris Davis","Orioles","150","630","549","140","26","0","41","88","107","68","194","8","2","3",".255",".344",".529",".873",".370","2.7","-0.1","3.9","9272"
"Kris Bryant","Cubs","152","637","549","147","28","4","30","89","100","74","187","9","12","5",".268",".361",".496",".857",".369","3.0","1.9","5.5","15429"
"Josh Donaldson","Blue Jays","153","644","567","156","34","2","31","91","97","64","123","6","5","2",".276",".352",".507",".859",".368","8.9","0.5","6.1","5038"
"Freddie Freeman","Braves","152","637","549","154","33","2","23","85","85","76","132","8","3","2",".282",".374",".474",".848",".366","2.3","-0.4","3.8","5361"
"Manny Machado","Orioles","148","623","558","160","30","1","27","84","78","55","96","4","15","6",".286",".352",".491",".843",".362","13.9","0.4","6.1","11493"
"Carlos Gonzalez","Rockies","133","560","508","140","26","3","31","74","87","45","127","2","7","2",".275",".334",".519",".853",".361","-0.8","0.9","2.1","7287"
"Jose Abreu","White Sox","153","644","581","165","31","2","31","87","96","47","131","11","1","2",".284",".348",".504",".852",".361","-1.2","-1.0","3.0","15676"
"Yasiel Puig","Dodgers","140","588","521","147","29","6","21","79","77","54","118","8","10","7",".281",".356",".482",".838",".360","2.7","-0.5","3.9","14225"
"David Ortiz","Red Sox","143","602","523","140","32","0","31","71","97","71","102","2","1","1",".268",".354",".508",".862",".360","0.0","-4.2","1.9","745"
"Buster Posey","Giants","136","571","509","156","28","1","17","68","78","52","59","4","2","1",".305",".371",".468",".838",".359","4.0","-1.5","5.3","9166"
"Miguel Sano","Twins","145","609","530","134","29","3","32","82","93","69","189","4","5","3",".253",".341",".498",".839",".359","-3.1","-1.2","3.0","12164"
"Mookie Betts","Red Sox","148","623","561","168","37","5","17","89","71","52","76","2","24","8",".299",".358",".474",".832",".359","6.6","3.3","4.5","13611"
"J.D. Martinez","Tigers","143","602","548","152","30","3","31","79","93","44","159","5","4","2",".278",".335",".510",".845",".359","-0.4","-1.0","3.3","6184"
"Nolan Arenado","Rockies","155","651","603","174","41","4","31","80","96","35","95","4","3","3",".288",".329",".523",".851",".358","11.2","-0.8","4.3","9777"
"Justin Upton","Tigers","150","630","551","147","29","3","28","87","89","67","153","5","13","5",".267",".349",".483",".832",".357","-0.9","1.9","3.5","5222"
"Kyle Schwarber","Cubs","123","515","450","115","20","3","26","77","80","56","133","4","4","2",".256",".341",".485",".826",".355","-3.5","0.9","2.9","16478"
"Hanley Ramirez","Red Sox","123","518","462","129","31","1","17","64","73","47","89","5","11","4",".280",".352",".462",".814",".352","1.8","-0.3","2.1","8001"
"Ryan Braun","Brewers","139","585","527","146","29","3","23","77","84","49","117","5","17","6",".278",".343",".479",".822",".352","-3.1","0.2","2.4","3410"
"Carlos Correa","Astros","150","630","565","155","32","3","25","80","91","55","116","4","23","8",".274",".340",".475",".814",".349","0.3","1.9","4.8","14162"
"Michael Brantley","Indians","133","560","502","150","34","1","13","67","72","48","52","4","13","4",".298",".362",".447",".809",".349","-1.7","1.5","2.8","4106"
"George Springer","Astros","147","616","535","135","24","2","28","85","78","66","177","9","19","6",".252",".342",".461",".803",".348","1.4","2.3","3.4","12856"
"Prince Fielder","Rangers","143","602","527","148","27","0","20","69","79","62","89","9","1","0",".281",".363",".448",".811",".347","0.0","-2.7","1.3","4613"
"Shin-Soo Choo","Rangers","147","616","520","137","27","2","17","80","61","74","138","14","7","4",".264",".368",".419",".787",".347","-6.9","0.1","1.8","3174"
"Lucas Duda","Mets","139","583","499","122","26","1","27","72","84","68","141","10","2","2",".244",".344",".463",".807",".347","0.7","-0.4","2.7","2502"
"Matt Carpenter","Cardinals","150","630","541","146","35","3","15","88","65","74","120","7","5","3",".270",".362",".434",".796",".347","-5.1","0.7","3.5","8090"
"Jason Heyward","Cubs","150","630","555","155","31","3","17","87","68","64","101","5","18","6",".279",".357",".441",".798",".347","10.8","2.8","4.4","4940"
"David Peralta","Diamondbacks","142","595","541","155","29","9","17","68","78","43","112","4","9","5",".287",".341",".467",".808",".347","-2.1","0.4","2.3","2136"
"Matt Holliday","Cardinals","139","583","504","136","29","1","17","70","78","64","98","11","4","2",".271",".362",".435",".797",".346","-4.3","-1.6","2.0","1873"
"Mark Reynolds","Rockies","107","448","393","96","18","1","23","51","63","47","121","4","3","2",".245",".329",".476",".806",".346","-0.5","-0.7","0.9","7619"
"Chris Carter","Brewers","127","535","462","106","21","1","31","66","82","62","168","5","3","1",".230",".325",".481",".806",".345","-3.2","-0.6","1.4","9911"
"Byung-ho Park","Twins","137","574","514","134","23","1","28","74","82","48","164","8","6","3",".260",".331",".472",".803",".345","0.2","0.0","1.8","18717"
"Carlos Santana","Indians","152","637","528","128","29","1","22","74","81","101","118","4","6","3",".242",".364",".425",".789",".345","-0.4","-1.0","2.1","2396"
"Nelson Cruz","Mariners","147","616","557","145","25","1","33","76","90","50","150","5","4","3",".260",".324",".485",".810",".345","-0.3","-2.2","2.1","2434"
"Ben Zobrist","Cubs","138","581","506","138","33","3","14","77","58","65","74","2","7","4",".273",".356",".431",".787",".342","-1.1","-0.4","3.0","7435"
"Adrian Beltre","Rangers","150","630","575","167","31","3","20","76","84","45","75","4","1","0",".290",".343",".457",".800",".342","7.2","-0.4","4.0","639"
"Justin Turner","Dodgers","125","525","471","133","31","1","13","59","64","39","89","9","6","2",".284",".348",".439",".786",".342","-0.8","-0.3","3.1","5235"
"A.J. Pollock","Diamondbacks","153","644","586","168","36","6","15","89","62","47","94","3","28","9",".287",".341",".447",".788",".341","7.7","2.5","4.4","9256"
"Eric Hosmer","Royals","153","644","581","166","33","3","17","78","82","54","105","3","8","3",".286",".347",".442",".790",".341","2.4","0.3","2.5","3516"
"Brandon Belt","Giants","125","525","466","123","28","3","17","64","63","50","133","5","7","4",".265",".340",".448",".788",".340","5.3","0.1","2.8","10264"
"Anthony Rendon","Nationals","138","581","513","140","32","3","15","76","60","55","104","6","6","3",".274",".347",".433",".781",".340","3.6","0.5","3.6","12861"
"Domingo Santana","Brewers","136","572","504","127","24","2","24","69","77","57","175","6","6","4",".251",".333",".449",".782",".339","-0.2","0.4","2.2","10348"
"Starling Marte","Pirates","153","644","586","165","32","6","18","84","73","32","139","18","31","13",".282",".337",".447",".784",".339","9.5","2.0","4.1","9241"
"Pedro Alvarez","Orioles","123","518","460","113","19","1","29","64","80","51","144","3","4","2",".245",".322",".477",".799",".339","-0.2","-0.1","1.2","2495"
"Mark Teixeira","Yankees","135","567","490","115","22","0","29","69","92","65","116","6","2","1",".236",".330",".457",".787",".338","4.7","-1.4","2.1","1281"
"Alex Gordon","Royals","143","602","524","139","30","2","16","71","65","61","127","11","7","4",".266",".352",".425",".778",".338","10.3","1.0","3.6","5209"
"Christian Yelich","Marlins","150","630","559","158","32","4","11","82","57","63","128","3","18","7",".282",".356",".415",".771",".338","5.9","1.6","3.2","11477"
"Robinson Cano","Mariners","150","630","572","165","34","1","17","75","78","48","87","5","5","4",".288",".347",".441",".788",".337","-1.8","-2.0","3.4","3269"
"John Jaso","Pirates","85","355","309","82","20","1","8","40","38","39","61","4","3","2",".265",".352",".416",".768",".336","-0.6","-0.9","1.2","5887"
"Jose Altuve","Astros","153","644","595","183","36","3","10","83","60","34","62","6","36","12",".308",".348",".432",".780",".336","-3.1","1.0","3.2","5417"
"Adrian Gonzalez","Dodgers","150","630","567","154","32","0","24","75","94","53","110","3","1","1",".271",".334",".453",".787",".336","6.9","-2.6","2.6","1908"
"Kendrys Morales","Royals","150","630","570","156","33","1","20","71","84","50","110","6","0","0",".273",".336",".442",".777",".336","0.0","-3.3","1.1","8610"
"Yoenis Cespedes","Mets","150","630","585","155","31","5","29","81","93","35","135","5","7","5",".264",".309",".481",".790",".336","4.6","0.6","3.8","13110"
"Victor Martinez","Tigers","142","595","537","152","28","0","20","65","86","47","58","5","1","1",".284",".344",".448",".792",".335","0.0","-4.0","0.9","393"
"Adam Jones","Orioles","150","630","591","162","29","3","28","80","91","25","117","9","6","2",".274",".311",".472",".783",".335","-0.1","1.4","3.3","6368"
"Rougned Odor","Rangers","148","623","570","156","28","9","20","74","78","32","96","12","11","9",".273",".323",".457",".779",".334","-2.4","-0.3","2.6","12282"
"Troy Tulowitzki","Blue Jays","133","560","497","129","26","1","21","70","71","52","117","6","2","1",".260",".334",".441",".776",".334","3.6","-1.2","3.5","3531"
"Albert Pujols","Angels","150","630","574","151","30","0","29","79","94","46","73","5","5","2",".263",".320",".468",".789",".334","0.9","-3.5","1.7","1177"
"Maikel Franco","Phillies","142","595","554","150","34","3","23","72","84","33","95","4","2","1",".271",".314",".467",".781",".334","-5.5","0.2","2.4","12179"
"A.J. Reed","Astros","58","245","218","56","10","1","9","30","31","23","57","2","0","0",".259",".332",".440",".772",".334","0.4","0.1","0.8","sa599279"
"Ryan Raburn","Rockies","43","180","161","41","10","0","6","20","24","16","42","2","0","0",".258",".330",".442",".772",".334","-1.0","-0.1","0.2","2218"
"Kyle Seager","Mariners","150","630","567","149","31","2","22","77","80","52","104","6","7","5",".263",".329",".443",".772",".333","1.7","-0.6","3.7","9785"
"Justin Morneau"," ","108","455","415","116","23","2","13","48","55","31","67","4","1","1",".279",".333",".442",".775",".333","1.0","-1.4","1.2","1737"
"Yasmani Grandal","Dodgers","96","402","340","81","16","1","14","45","50","56","93","2","1","1",".237",".345",".413",".759",".333","-0.3","-1.0","2.7","11368"
"Mark Trumbo","Orioles","130","546","500","128","23","2","27","67","82","40","131","1","2","2",".255",".309",".470",".779",".333","-1.6","-1.1","1.4","6876"
"Charlie Blackmon","Rockies","143","602","548","155","27","5","15","74","57","36","96","10","29","11",".282",".335",".434",".769",".333","-6.3","1.7","1.2","7859"
"Xander Bogaerts","Red Sox","150","630","580","169","34","3","14","74","74","38","106","5","7","3",".291",".337",".428",".765",".332","-2.0","1.1","3.2","12161"
"Jorge Soler","Cubs","98","411","369","96","21","2","15","48","56","35","108","2","3","1",".260",".325",".448",".773",".331","-2.5","0.5","1.2","14221"
"Jose Reyes","Rockies","8","35","32","10","2","0","1","4","3","2","4","0","1","0",".300",".342",".419",".761",".331","-0.5","0.1","0.1","1736"
"Michael Conforto","Mets","127","534","483","124","27","2","21","66","71","42","105","4","2","2",".258",".320",".450",".771",".330","2.4","0.3","2.5","16376"
"Todd Frazier","White Sox","150","630","568","143","30","2","26","78","84","48","131","8","12","7",".253",".318",".448",".766",".330","3.7","0.3","3.4","785"
"Dexter Fowler","Cubs","137","574","492","125","23","5","12","75","46","71","126","4","14","7",".253",".351",".396",".747",".330","-9.4","1.3","1.8","4062"
"Alex Rodriguez","Yankees","142","595","514","122","21","1","25","71","82","69","146","6","4","2",".238",".332",".429",".761",".330","0.0","-1.5","0.9","1274"
"Gerardo Parra","Rockies","137","576","530","154","31","4","11","71","58","34","87","4","11","7",".291",".336",".429",".765",".330","3.1","-0.1","1.0","8553"
"Neil Walker","Mets","132","553","493","128","26","3","18","66","66","45","100","9","3","2",".259",".330",".434",".763",".330","-4.8","0.4","2.5","7539"
"Ryan Zimmerman","Nationals","115","483","434","113","25","1","17","55","71","42","98","2","2","1",".260",".324",".440",".764",".330","1.0","-0.2","1.3","4220"
"Daniel Murphy","Nationals","142","595","552","164","37","2","11","72","70","34","64","2","8","3",".296",".337",".432",".769",".330","-7.9","0.6","2.0","4316"
"Joc Pederson","Dodgers","145","609","512","115","19","2","25","74","68","84","173","6","12","7",".224",".339",".414",".753",".330","0.0","0.1","3.2","11899"
"Wil Myers","Padres","137","574","512","132","27","2","20","71","68","54","134","3","10","4",".258",".330",".433",".762",".330","-5.8","0.6","1.2","10047"
"Jayson Werth","Nationals","120","506","441","112","23","1","15","61","59","54","104","5","4","2",".255",".340",".411",".752",".329","-6.0","0.5","1.0","1327"
"Josh Reddick","Athletics","138","581","525","136","26","4","20","68","75","49","86","2","8","3",".260",".323",".438",".761",".329","5.8","1.9","3.0","3892"
"Brandon Moss","Cardinals","101","426","376","90","18","2","19","48","56","41","116","6","1","1",".239",".320",".444",".765",".329","-1.9","0.0","1.2","4467"
"Jonathan Lucroy","Brewers","119","499","447","123","27","3","10","58","54","44","66","3","2","1",".275",".339",".416",".756",".329","2.3","-1.4","2.7","7870"
"Hyun-soo Kim","Orioles","117","490","438","119","19","0","16","60","53","41","67","5","5","3",".272",".337",".424",".762",".329","0.0","0.0","1.5","18718"
"Scott Van Slyke","Dodgers","73","305","267","66","15","1","10","33","38","31","78","4","4","2",".249",".333",".422",".755",".329","2.8","-0.4","1.4","4365"
"Curtis Granderson","Mets","152","637","548","129","26","2","24","84","66","76","148","5","10","5",".235",".332",".419",".751",".328","0.4","1.4","2.5","4747"
"Travis d'Arnaud","Mets","99","416","378","97","21","2","16","49","56","31","72","4","1","0",".255",".316",".446",".762",".328","-2.3","-0.4","2.6","7739"
"Russell Martin","Blue Jays","114","480","413","98","20","1","17","55","62","53","102","9","5","4",".237",".334",".415",".749",".328","5.8","-1.7","3.4","4616"
"Andre Ethier","Dodgers","113","475","423","112","22","4","11","51","57","43","88","5","3","2",".266",".339",".417",".755",".328","-0.7","-0.7","1.6","6265"
"Devon Travis","Blue Jays","58","245","223","60","13","1","7","30","28","17","41","2","4","2",".269",".325",".430",".755",".328","0.5","0.2","1.2","13862"
"Adam Eaton","White Sox","138","581","515","141","25","7","8","77","47","49","103","10","17","9",".274",".347",".396",".743",".327","-3.0","1.5","1.7","11205"
"Dustin Pedroia","Red Sox","142","595","535","151","31","1","11","69","60","50","71","3","7","4",".282",".343",".405",".748",".327","7.5","-0.7","3.2","8370"
"Jason Kipnis","Indians","150","630","556","150","33","4","11","78","61","60","113","5","18","7",".270",".344",".407",".750",".327","-3.1","2.1","2.9","9776"
"Matt Kemp","Padres","132","555","505","134","27","2","18","66","75","41","133","3","9","4",".265",".321",".436",".757",".327","-9.3","-0.2","1.0","5631"
"Chris Colabello","Blue Jays","83","350","320","83","16","1","14","41","49","24","96","3","1","1",".258",".313",".444",".757",".326","-1.2","-0.4","0.5","13051"
"Hunter Pence","Giants","138","581","532","141","26","4","18","72","75","42","110","3","10","4",".266",".321",".433",".754",".326","0.1","0.9","2.3","8252"
"Adam Lind","Mariners","128","539","479","126","25","1","15","60","66","54","101","2","0","0",".264",".338",".417",".755",".326","-0.5","-1.4","1.3","8027"
"Evan Gattis","Astros","125","525","487","122","21","5","25","61","76","28","111","5","1","1",".250",".297",".468",".764",".325","0.0","-0.9","0.7","11003"
"Mike Napoli","Indians","125","525","450","102","21","1","20","55","60","67","150","5","3","2",".226",".331",".412",".743",".325","3.5","-1.5","1.4","3057"
"Corey Dickerson","Rays","117","490","452","117","25","4","18","56","58","32","118","2","5","5",".260",".309",".453",".762",".325","-0.1","-0.7","1.0","10762"
"David Wright","Mets","127","533","474","126","25","2","12","62","58","52","105","3","7","3",".266",".341",".403",".744",".325","-0.1","-0.1","2.6","3787"
"Luis Valbuena","Astros","122","511","445","105","22","1","19","60","59","57","107","4","2","2",".236",".326",".418",".745",".325","-1.7","-0.7","1.9","4969"
"Evan Longoria","Rays","153","644","577","149","30","2","23","75","81","54","131","6","3","1",".258",".324",".435",".759",".325","5.2","-0.2","3.7","9368"
"Ramon Flores","Brewers","13","56","50","13","2","0","2","6","6","5","10","0","0","0",".260",".329",".415",".744",".324","0.1","0.0","0.1","11165"
"Jon Singleton","Astros","83","350","301","67","14","1","15","43","45","45","105","1","2","1",".222",".323",".422",".745",".324","-0.4","0.2","0.7","10441"
"Justin Bour","Marlins","124","520","472","123","24","0","19","56","68","42","103","3","2","0",".260",".323",".432",".755",".324","-2.4","-1.3","0.7","9744"
"Stephen Piscotty","Cardinals","134","564","511","138","32","3","12","64","61","42","94","5","7","5",".269",".330",".416",".745",".324","2.2","-0.8","1.8","13367"
"Mitch Moreland","Rangers","128","539","489","125","26","1","21","58","75","38","117","5","1","0",".256",".313",".439",".753",".324","3.5","-0.6","1.1","3086"
"Lorenzo Cain","Royals","148","623","573","162","33","5","11","76","69","37","114","8","24","8",".283",".333",".416",".749",".324","10.0","2.1","3.9","9077"
"Nick Hundley","Rockies","95","397","368","101","19","3","11","40","48","22","83","3","4","4",".275",".318",".433",".750",".324","-2.3","-1.0","1.1","3376"
"Mike Moustakas","Royals","145","609","552","143","32","1","20","66","72","42","88","8","2","2",".258",".317",".430",".747",".324","3.3","-1.1","2.8","4892"
"Jung-ho Kang","Pirates","118","497","448","115","24","2","15","57","61","34","125","11","5","3",".257",".324",".418",".742",".324","-0.6","0.4","2.3","17182"
"Carlos Gomez","Astros","142","595","540","139","30","4","19","76","71","37","137","11","24","10",".258",".316",".430",".746",".324","6.4","2.0","3.5","4881"
"Matt Adams","Cardinals","102","427","398","108","22","1","15","45","59","23","93","2","2","1",".271",".311",".445",".756",".324","1.9","-0.2","1.3","9393"
"Oswaldo Arcia","Twins","47","196","179","44","9","1","9","22","26","13","55","3","1","1",".247",".306",".449",".755",".323","-1.1","-0.1","0.3","10306"
"Brian McCann","Yankees","122","512","457","111","16","1","23","59","77","42","87","7","0","0",".243",".315",".433",".748",".323","1.7","-1.7","3.0","4810"
"Kole Calhoun","Angels","147","616","561","146","27","3","21","80","73","44","131","3","6","3",".260",".316",".430",".745",".323","5.5","0.8","2.8","11200"
"Joe Mauer","Twins","140","588","517","142","29","2","9","65","59","65","102","2","2","1",".275",".355",".388",".744",".323","3.7","-0.4","1.5","1857"
"Carlos Beltran","Yankees","125","525","476","123","28","1","18","57","65","40","93","3","1","1",".258",".316",".432",".748",".323","-5.6","-1.0","0.5","589"
"Nick Castellanos","Tigers","137","574","527","141","31","4","15","56","69","39","128","2","2","2",".267",".318",".430",".748",".323","-10.8","-1.5","1.1","11737"
"Javier Baez","Cubs","66","276","254","63","12","1","12","33","38","16","79","3","8","3",".250",".301",".450",".751",".322","-1.4","0.6","1.1","12979"
"Brian Dozier","Twins","150","630","556","135","31","3","21","83","66","59","125","7","13","6",".243",".319",".422",".741",".322","-0.8","1.7","2.7","9810"
"Marcell Ozuna","Marlins","142","595","549","146","31","3","18","67","72","38","135","3","4","2",".265",".315",".430",".745",".322","-0.5","0.6","2.4","10324"
"Seth Smith","Mariners","112","469","411","101","26","3","12","54","48","50","99","4","1","0",".246",".331",".410",".741",".322","-0.6","-0.4","1.3","7331"
"Corey Seager","Dodgers","135","567","522","139","32","3","17","67","70","34","109","4","4","2",".265",".313",".435",".748",".322","-1.0","0.5","2.9","13624"
"Josh Hamilton","Rangers","50","210","191","49","10","1","8","24","27","15","55","1","1","1",".257",".312",".440",".752",".322","-0.6","0.0","0.3","1875"
"Ike Davis","Rangers","2","7","6","1","0","0","0","1","1","1","1","0","0","0",".237",".330",".405",".735",".321","0.0","0.0","0.0","8433"
"Melky Cabrera","White Sox","142","595","545","154","29","2","12","71","64","39","74","2","4","2",".282",".329",".412",".741",".321","-3.1","-0.7","0.8","4022"
"Steve Pearce","Rays","83","350","311","74","16","1","13","39","40","30","74","6","2","1",".239",".316",".423",".739",".321","0.8","-0.1","0.8","9957"
"Jesse Winker","Reds","45","191","171","44","8","1","6","22","21","17","38","2","2","1",".256",".328",".409",".737",".321","-0.3","0.0","0.4","sa657865"
"Pablo Sandoval","Red Sox","122","511","469","128","27","2","13","54","62","32","73","5","0","0",".272",".322",".421",".743",".321","-4.5","-1.8","1.2","5409"
"Justin Ruggiano","Rangers","55","231","207","51","10","1","8","28","27","19","62","3","5","3",".246",".317",".421",".738",".321","-1.0","-0.5","0.2","7620"
"Devin Mesoraco","Reds","99","416","371","90","19","1","16","45","52","35","87","6","2","2",".243",".317",".426",".743",".321","-1.1","-0.7","2.0","5666"
"Randal Grichuk","Cardinals","137","575","534","134","29","6","22","70","73","31","145","6","7","5",".251",".297",".453",".750",".321","1.9","0.0","2.5","10243"
"Ben Paulsen","Rockies","116","489","448","115","24","4","16","50","58","33","130","3","3","3",".256",".309",".436",".745",".321","1.5","-0.3","0.1","9741"
"Adam Duvall","Reds","75","314","290","70","13","1","16","37","44","17","78","3","2","1",".241",".289",".460",".750",".321","-0.8","0.4","0.7","10950"
"Chase Headley","Yankees","142","595","528","134","27","1","16","66","66","54","132","8","4","3",".255",".331",".400",".731",".321","2.3","-0.6","2.5","4720"
"Michael Saunders","Blue Jays","75","315","277","68","16","2","9","40","41","32","78","1","5","3",".246",".323",".415",".738",".321","1.5","0.5","0.9","9981"
"Khris Davis","Athletics","133","560","502","121","26","2","22","66","73","46","136","7","7","4",".240",".310",".430",".740",".321","-3.1","-0.7","1.2","9112"
"Brett Gardner","Yankees","138","581","512","131","26","5","13","75","57","54","123","6","17","6",".256",".331",".400",".731",".320","4.2","2.3","2.1","9927"
"Trevor Plouffe","Twins","143","602","543","136","31","3","19","67","76","48","118","5","2","1",".251",".315",".423",".738",".320","-3.7","-0.8","1.9","7462"
"Jason Rogers","Pirates","7","28","25","7","1","0","1","3","3","2","6","0","0","0",".260",".327",".405",".732",".320","0.0","0.0","0.1","11773"
"Derek Dietrich","Marlins","63","265","236","58","12","2","8","32","28","17","62","10","1","1",".244",".318",".417",".735",".320","-1.3","0.3","0.7","10542"
"Josh Harrison","Pirates","137","574","534","151","35","4","10","71","52","25","86","7","16","8",".282",".321",".416",".737",".319","-1.3","0.9","2.4","8202"
"Aaron Judge","Yankees","10","42","38","9","2","0","2","5","6","3","13","0","0","0",".235",".300",".441",".742",".319","0.0","0.0","0.1","sa549847"
"Francisco Cervelli","Pirates","114","480","426","115","19","4","6","48","44","41","90","9","2","1",".271",".345",".377",".722",".319","0.6","-0.3","2.9","5275"
"Colby Rasmus","Astros","130","546","490","114","24","2","24","65","68","48","168","3","3","1",".233",".304",".436",".739",".319","-0.4","1.3","1.5","9893"
"Andy Wilkins","Brewers","5","21","19","5","1","0","1","2","3","1","5","0","0","0",".247",".298",".450",".748",".319","0.0","0.0","0.0","11251"
"Joey Gallo","Rangers","20","84","74","16","3","0","5","10","12","9","33","0","1","0",".216",".299",".448",".747",".319","0.3","0.1","0.1","14128"
"Jose Martinez","Royals","2","7","6","2","0","0","0","1","1","0","1","0","0","0",".283",".334",".394",".728",".319","0.0","0.0","0.0","sa380012"
"Justin Smoak","Blue Jays","95","399","354","83","18","1","15","46","54","38","94","3","1","1",".235",".312",".420",".732",".318","0.8","-1.3","0.5","9054"
"Trevor Story","Rockies","117","490","444","110","25","6","15","52","56","36","139","4","14","5",".247",".308",".430",".738",".318","-0.9","1.1","1.2","sa597765"
"Rob Refsnyder","Yankees","55","231","207","53","11","1","5","26","24","19","42","3","4","2",".258",".326",".402",".727",".318","-0.3","0.0","0.8","13770"
"Billy Butler","Athletics","58","245","219","58","11","0","6","25","28","21","41","2","0","0",".264",".332",".400",".732",".318","0.0","-1.6","0.1","7399"
"Josmil Pinto","Brewers","6","26","23","6","1","0","1","3","3","2","6","0","0","0",".247",".314",".417",".731",".318","-0.4","0.0","0.1","6806"
"Ian Kinsler","Tigers","153","644","592","162","33","5","13","83","69","39","74","5","11","6",".273",".321",".411",".731",".318","5.5","1.0","3.1","6195"
"Jay Bruce","Reds","141","593","531","127","29","2","24","70","81","53","146","2","9","4",".239",".308",".438",".746",".318","-0.2","0.2","1.2","9892"
"Jackie Bradley Jr.","Red Sox","125","525","468","118","30","4","11","61","58","44","125","7","8","3",".251",".323",".404",".727",".318","4.0","-0.1","2.2","12984"
"Jerry Sands","White Sox","30","126","112","26","5","1","5","14","15","12","32","1","1","0",".234",".312",".415",".728",".317","0.3","-0.1","0.2","4016"
"Steven Souza","Rays","105","441","389","92","17","1","16","54","48","43","131","5","14","7",".236",".317",".410",".727",".317","-0.6","0.8","1.2","5667"
"Stephen Vogt","Athletics","111","465","418","107","20","3","13","49","55","40","81","2","1","1",".257",".322",".413",".734",".317","-2.2","-0.5","2.2","5000"
"Mark Canha","Athletics","67","280","252","64","13","1","8","32","33","21","61","4","3","1",".253",".319",".406",".725",".317","-0.5","0.1","0.5","11445"
"Dustin Ackley","Yankees","43","182","165","42","8","1","5","22","22","13","31","1","2","1",".257",".314",".417",".731",".317","1.8","0.1","0.5","10099"
"Tommy Pham","Cardinals","108","455","411","107","19","6","10","53","46","37","109","2","10","3",".259",".321",".408",".729",".317","2.2","1.3","1.7","2967"
"Joey Butler","Indians","12","49","44","11","2","0","1","5","5","4","13","1","0","0",".256",".325",".396",".721",".317","-0.2","-0.1","0.1","7799"
"Howie Kendrick","Dodgers","125","525","487","138","25","3","9","59","56","29","86","4","7","3",".283",".327",".404",".731",".317","-1.5","-0.5","1.9","4229"
"Jhonny Peralta","Cardinals","67","280","253","66","14","0","7","28","32","22","51","2","1","1",".262",".325",".405",".730",".317","-0.6","-1.1","1.1","1738"
"Chris Parmelee","Yankees","12","49","44","11","2","0","2","5","6","4","12","0","0","0",".249",".312",".418",".729",".316","-0.1","-0.1","0.1","2554"
"Chris Parmelee","Yankees","42","175","158","39","8","0","6","19","20","14","42","1","1","1",".249",".312",".418",".729",".316","-0.3","-0.3","0.2","2554"
"Denard Span","Giants","130","546","496","138","29","4","5","67","39","41","57","2","17","6",".278",".334",".386",".720",".316","-1.8","1.7","2.4","8347"
"Logan Forsythe","Rays","142","595","528","134","27","2","14","65","59","51","114","9","8","3",".254",".327",".392",".720",".316","-0.5","-0.1","2.4","7185"
"Yonder Alonso","Athletics","110","462","413","112","22","1","8","50","48","41","58","3","5","3",".270",".337",".386",".724",".316","3.6","-1.2","1.1","2530"
"Sam Travis","Red Sox","3","14","13","3","1","0","0","2","1","1","3","0","0","0",".270",".321",".403",".725",".315","0.0","0.0","0.0","sa599539"
"Chris Young","Red Sox","80","336","300","72","20","1","11","41","40","29","73","3","5","2",".240",".311",".418",".729",".315","1.3","0.4","0.8","3882"
"Josh Bell","Pirates","17","70","63","17","3","1","1","7","8","6","10","0","1","0",".270",".331",".396",".727",".315","-0.1","0.0","0.1","sa597768"
"Welington Castillo","Diamondbacks","95","397","358","88","18","0","14","40","48","28","93","7","1","0",".246",".310",".414",".724",".315","-1.8","-0.9","1.5","3256"
"Tommy La Stella","Cubs","33","137","122","33","7","1","2","13","14","12","15","1","2","1",".272",".338",".377",".715",".315","-0.5","-0.2","0.4","12371"
"Francisco Lindor","Indians","153","644","585","159","27","6","13","71","63","43","109","2","19","11",".271",".320",".403",".723",".315","8.5","-0.7","3.7","12916"
"Kyle Blanks","Giants","34","143","128","31","7","0","4","17","15","11","39","3","1","0",".246",".314",".406",".720",".315","0.2","0.2","0.4","49"
"Kennys Vargas","Twins","18","77","70","17","3","0","3","9","10","6","20","1","0","0",".246",".309",".418",".727",".315","-0.1","-0.1","0.0","12101"
"Eugenio Suarez","Reds","128","539","490","125","24","3","16","57","59","36","121","6","7","5",".254",".311",".412",".724",".315","1.5","-0.6","1.8","12552"
"Peter O'Brien","Diamondbacks","54","227","211","50","11","2","11","27","32","11","67","2","1","1",".236",".279",".458",".736",".314","-1.4","0.0","0.4","13288"
"Matt Duffy","Giants","142","595","548","151","26","5","11","65","64","35","102","5","12","4",".276",".323",".399",".721",".314","7.1","1.5","3.5","13836"
"Jesus Montero","Mariners","43","182","169","45","7","1","6","20","23","10","39","1","1","0",".264",".305",".426",".730",".314","-0.5","-0.4","0.2","5514"
"Joe Panik","Giants","133","560","508","141","26","3","7","64","48","41","60","4","4","3",".277",".334",".381",".715",".314","2.1","0.2","2.6","11936"
"Brandon Guyer","Rays","78","329","292","76","15","2","5","39","29","19","56","13","8","3",".259",".330",".379",".709",".314","0.8","0.8","1.0","2636"
"Brett Lawrie","White Sox","133","560","513","131","24","2","18","61","62","35","121","6","5","3",".256",".309",".414",".723",".314","-2.8","0.8","1.7","5247"
"Travis Shaw","Red Sox","75","315","284","71","15","1","9","34","35","25","71","2","2","1",".249",".314",".409",".722",".314","0.5","0.1","0.5","11982"
"Preston Tucker","Astros","57","238","218","55","11","0","9","28","29","16","51","2","1","1",".249",".304",".423",".726",".314","-0.4","0.0","0.3","13633"
"Nomar Mazara","Rangers","2","7","6","2","0","0","0","1","1","0","2","0","0","0",".257",".314",".409",".722",".314","0.0","0.0","0.0","sa659453"
"Travis Snider","Royals","42","175","156","39","8","1","4","19","19","16","40","1","1","1",".250",".322",".398",".720",".314","-0.2","0.0","0.2","2830"
"Jake Lamb","Diamondbacks","130","546","491","125","26","5","12","56","57","46","140","4","4","2",".254",".320",".402",".722",".314","3.8","0.5","2.0","13329"
"Jedd Gyorko","Cardinals","52","217","198","50","9","0","8","23","29","15","46","2","1","1",".252",".307",".415",".723",".314","-1.5","-0.3","0.6","10816"
"DJ LeMahieu","Rockies","142","595","544","156","23","5","6","64","52","40","99","2","18","8",".287",".337",".383",".720",".314","4.2","0.4","1.2","9874"
"Michael McKenry","Rangers","8","32","28","6","1","0","1","3","4","3","8","0","0","0",".231",".318",".394",".713",".314","-0.4","-0.1","0.1","9628"
"David Freese","Pirates","89","375","337","86","18","1","9","38","41","28","83","6","1","1",".256",".323",".389",".712",".313","-1.6","-1.5","0.7","9549"
"Salvador Perez","Royals","126","531","504","137","25","2","17","54","67","19","74","4","1","0",".272",".301",".431",".732",".313","5.0","-1.7","3.1","7304"
"C.J. Cron","Angels","133","560","525","136","26","2","20","59","72","23","111","7","3","2",".258",".296",".432",".728",".313","-1.8","-0.8","0.6","12546"
"Marcus Semien","Athletics","140","588","529","131","26","5","15","69","61","50","121","3","11","5",".247",".315",".403",".718",".313","-9.6","0.4","1.7","12533"
"Lonnie Chisenhall","Indians","100","420","385","100","23","1","11","45","49","27","84","4","3","1",".261",".312",".411",".724",".313","0.2","0.5","0.9","7571"
"Matt Wieters","Orioles","91","384","349","87","17","1","13","40","46","29","76","1","1","0",".249",".305",".419",".724",".313","0.5","-0.9","1.8","4298"
"Jonathan Schoop","Orioles","117","490","460","117","21","0","20","54","59","18","112","6","3","1",".256",".292",".432",".724",".312","1.2","-0.4","1.6","11265"
"Martin Prado","Marlins","140","588","539","149","27","3","10","58","61","37","69","4","3","2",".277",".325",".391",".717",".312","3.2","-1.2","2.1","3312"
"Danny Valencia","Athletics","122","511","473","121","27","2","16","56","66","31","105","2","3","3",".256",".302",".423",".725",".312","-4.0","-1.6","1.3","6364"
"Gregory Polanco","Pirates","147","616","555","143","29","4","13","78","59","52","108","2","25","11",".258",".322",".395",".717",".312","6.6","2.1","2.2","12907"
"Kevin Pillar","Blue Jays","133","560","524","144","32","2","11","63","62","24","86","5","19","7",".275",".311",".410",".721",".312","6.2","1.9","2.6","12434"
"Jake Smolinski","Athletics","3","14","13","3","1","0","0","2","2","1","3","0","0","0",".245",".315",".398",".713",".312","0.0","0.0","0.0","5408"
"Brad Miller","Rays","108","455","407","102","18","4","11","51","46","39","93","2","9","4",".252",".318",".396",".714",".312","-1.9","0.6","1.9","12775"
"Aaron Hicks","Yankees","75","315","279","68","13","3","8","36","33","31","69","1","7","3",".244",".319",".393",".712",".311","1.2","0.4","0.9","5297"
"Jacoby Ellsbury","Yankees","133","560","509","136","23","4","11","70","50","39","89","5","26","7",".267",".323",".390",".713",".311","0.3","3.2","2.1","4727"
"Cody Asche","Phillies","103","433","398","102","22","2","12","44","48","28","99","3","3","2",".257",".309",".413",".722",".311","-3.2","-0.2","0.4","11997"
"Dan Vogelbach","Cubs","2","7","6","2","0","0","0","1","1","1","2","0","0","0",".244",".321",".387",".708",".311","0.0","0.0","0.0","sa597778"
"Jabari Blash","Padres","75","315","281","63","12","1","14","37","37","27","99","5","5","3",".223",".298",".416",".714",".311","-0.9","0.0","0.7","sa392225"
"Nick Markakis","Braves","148","623","557","152","28","1","8","69","49","57","76","3","2","1",".273",".341",".368",".709",".311","-3.4","-0.9","0.6","5930"
"Derek Norris","Padres","91","384","344","84","18","1","11","43","41","34","86","3","3","1",".244",".315",".395",".710",".311","-0.4","0.0","2.0","6867"
"Yasmany Tomas","Diamondbacks","126","528","498","131","25","3","16","54","62","23","125","3","6","4",".262",".298",".422",".720",".311","-4.9","-0.9","0.0","17171"
"Dariel Alvarez","Orioles","33","140","133","36","6","1","4","16","16","4","21","1","2","1",".272",".298",".422",".720",".311","-0.1","-0.1","0.2","15580"
"Clint Robinson","Nationals","50","210","187","47","9","1","5","22","22","20","38","2","0","0",".250",".325",".384",".709",".311","-0.9","-0.2","0.1","6908"
"Tom Murphy","Rockies","26","109","100","24","5","1","4","12","14","7","32","1","1","1",".238",".292",".430",".721",".310","-1.0","-0.1","0.2","13499"
"Asdrubal Cabrera","Mets","130","546","494","124","28","3","14","60","60","39","100","5","6","3",".251",".310",".407",".717",".310","-9.6","0.0","1.4","4962"
"Avisail Garcia","White Sox","128","539","498","132","18","3","15","61","62","31","123","6","8","5",".264",".313",".401",".714",".310","-1.5","-1.0","0.1","5760"
"Logan Morrison","Rays","100","420","375","90","16","2","13","46","48","38","68","4","6","3",".240",".315",".400",".715",".310","-1.5","-0.6","0.3","9205"
"Hector Olivera","Braves","117","491","446","116","19","3","12","51","50","35","71","5","1","1",".259",".319",".392",".711",".310","-1.2","-0.2","0.8","17528"
"Darin Ruf","Phillies","120","505","454","109","23","0","17","53","58","38","125","8","2","1",".241",".308",".404",".712",".310","-3.3","-0.6","0.2","9929"
"Yadier Molina","Cardinals","111","467","430","120","23","1","7","42","52","28","54","3","3","1",".279",".324",".390",".714",".310","8.6","-1.4","3.1","7007"
"Kevin Kiermaier","Rays","130","546","505","133","23","9","10","61","50","30","100","4","16","7",".263",".308",".408",".716",".310","17.3","1.0","3.9","11038"
"Kirk Nieuwenhuis","Brewers","58","245","220","51","12","1","9","29","31","19","71","2","4","2",".231",".297",".420",".716",".310","-2.1","0.2","0.4","6400"
"Christian Walker","Orioles","2","7","6","2","0","0","0","1","1","0","2","0","0","0",".247",".301",".413",".714",".309","0.0","0.0","0.0","13419"
"Andrew Lambo","Athletics","2","7","6","2","0","0","0","1","1","0","2","0","0","0",".240",".296",".424",".720",".309","-0.1","0.0","0.0","5386"
"Addison Russell","Cubs","142","595","543","135","30","3","16","68","68","42","146","4","9","4",".249",".307",".404",".710",".309","4.6","0.4","2.7","14106"
"Yan Gomes","Indians","104","435","403","102","23","2","14","47","53","21","106","6","1","0",".253",".295",".423",".718",".309","2.7","-0.2","2.4","9627"
"Byron Buxton","Twins","135","567","524","137","21","8","12","65","54","34","141","3","22","9",".262",".309",".401",".710",".309","8.0","0.9","2.7","14161"
"J.P. Crawford","Phillies","67","280","250","64","11","2","5","31","26","25","45","1","6","4",".255",".325",".376",".701",".309","0.8","-0.3","1.1","sa737507"
"Allen Craig","Red Sox","3","14","13","3","1","0","0","1","1","1","3","0","0","0",".255",".321",".380",".701",".309","0.0","0.0","0.0","3433"
"Michael Morse","Pirates","62","260","237","58","11","1","8","25","28","17","69","4","0","0",".245",".303",".404",".707",".308","-0.4","-1.6","0.3","3035"
"Wilmer Flores","Mets","111","466","435","114","22","2","14","50","57","21","62","3","1","1",".263",".300",".416",".716",".308","-1.6","-0.1","1.3","5827"
"Brock Holt","Red Sox","72","301","272","75","14","3","2","33","26","23","55","2","6","2",".274",".332",".366",".698",".308","-1.9","0.7","0.5","9345"
"Cristhian Adames","Rockies","35","147","135","38","6","1","2","14","13","8","22","1","3","2",".281",".325",".381",".706",".308","0.5","-0.2","0.2","6013"
"Ian Desmond","Rangers","127","532","485","118","23","2","18","58","62","37","144","4","13","5",".244",".300",".408",".708",".308","1.7","1.1","0.8","6885"
"Brett Wallace","Padres","65","272","248","61","11","1","9","30","30","18","78","4","1","1",".246",".305",".403",".709",".308","-0.9","-0.5","0.5","8434"
"Tyler Moore","Nationals","58","245","223","53","12","0","9","25","31","18","61","2","1","1",".240",".299",".412",".711",".308","-0.6","-0.2","0.3","7244"
"Dilson Herrera","Mets","13","56","51","13","2","0","1","6","6","4","11","0","1","1",".254",".309",".398",".706",".308","0.1","0.0","0.2","14335"
"Desmond Jennings","Rays","125","525","467","115","24","3","11","62","45","46","104","4","16","7",".245",".317",".381",".699",".308","6.3","1.8","2.0","1965"
"Dioner Navarro","White Sox","69","288","261","67","11","0","8","28","31","22","45","1","1","0",".258",".315",".391",".706",".308","-1.1","-0.7","1.1","3179"
"Eric Campbell","Mets","13","56","49","12","2","0","1","6","5","6","11","1","1","1",".242",".331",".359",".689",".307","-0.2","0.0","0.1","6938"
"Gregor Blanco","Giants","88","371","328","86","16","3","4","41","31","36","65","2","11","5",".261",".336",".365",".701",".307","-1.3","0.4","0.8","3123"
"Kolten Wong","Cardinals","142","595","545","143","25","4","12","67","59","35","90","9","18","7",".262",".314",".391",".705",".307","2.7","1.9","2.2","12532"
"David Murphy","Red Sox","22","91","83","22","5","0","2","9","10","6","13","0","0","1",".262",".313",".394",".707",".307","-0.6","-0.2","0.0","6035"
"Austin Jackson","White Sox","140","588","534","138","27","5","10","65","53","44","136","3","15","8",".258",".316",".384",".700",".307","-1.4","0.5","1.5","9848"
"Raimel Tapia","Rockies","2","7","7","2","0","0","0","1","1","0","1","0","0","0",".280",".309",".402",".711",".307","0.0","0.0","0.0","sa597078"
"Matt den Dekker","Nationals","22","91","83","21","4","1","2","10","10","6","21","1","2","1",".252",".309",".395",".705",".307","-0.2","0.1","0.1","11385"
"Yangervis Solarte","Padres","122","511","466","122","24","2","10","51","50","35","56","4","1","0",".261",".315",".386",".700",".307","-3.1","-0.8","1.3","5352"
"Carl Crawford","Dodgers","71","300","279","74","14","3","6","35","32","15","51","3","10","4",".266",".308",".399",".707",".306","-0.1","1.1","0.7","1201"
"Juan Uribe","Indians","92","385","356","93","18","0","10","39","44","24","78","2","2","1",".260",".309",".398",".707",".306","4.9","-0.5","1.6","454"
"Ben Revere","Nationals","121","508","477","144","17","4","1","62","34","22","47","2","27","8",".302",".333",".364",".698",".306","-3.0","3.7","1.2","4712"
"Starlin Castro","Yankees","123","518","484","131","24","2","12","53","59","24","85","4","6","4",".271",".309",".401",".710",".306","-0.2","-1.0","1.3","4579"
"Trea Turner","Nationals","92","385","355","96","16","3","6","42","38","23","85","1","15","6",".270",".315",".387",".702",".306","0.3","0.8","1.4","16252"
"Jarrod Saltalamacchia","Tigers","61","256","226","51","12","0","9","28","29","26","81","1","1","1",".226",".307",".396",".703",".306","-3.0","-0.1","0.8","5557"
"Eduardo Escobar","Twins","122","511","470","121","30","4","10","55","53","31","100","3","4","3",".258",".305",".401",".707",".306","-0.8","0.0","1.5","6153"
"Miguel Montero","Cubs","99","416","361","86","14","0","11","38","47","46","95","5","1","2",".238",".329",".368",".698",".306","0.9","-1.9","1.7","3364"
"Nori Aoki","Mariners","138","581","523","141","21","3","6","65","42","41","48","9","16","8",".269",".332",".356",".688",".306","0.9","-1.4","1.1","13075"
"Odubel Herrera","Phillies","142","595","548","149","28","4","8","64","44","33","131","6","17","9",".271",".318",".378",".697",".306","3.0","0.4","1.9","11476"
"Cameron Maybin","Tigers","75","315","287","75","13","2","5","37","33","24","57","1","10","4",".262",".320",".378",".698",".306","-2.7","0.8","0.6","5223"
"Dee Gordon","Marlins","152","637","592","170","22","9","3","80","42","33","97","3","53","19",".288",".328",".370",".698",".306","1.6","4.4","2.3","8203"
"Scooter Gennett","Brewers","108","455","427","118","23","3","8","48","44","19","73","3","5","3",".276",".309",".402",".711",".305","-1.1","0.1","0.9","10339"
"Jed Lowrie","Athletics","128","539","482","120","29","1","11","59","55","47","80","4","2","1",".250",".319",".384",".703",".305","-2.5","-0.2","1.4","4418"
"Brett Phillips","Brewers","17","70","64","16","3","1","1","7","7","4","16","1","2","1",".253",".302",".401",".703",".305","-0.1","-0.1","0.1","sa658005"
"Austin Barnes","Dodgers","11","48","43","11","2","0","1","5","5","4","8","0","1","0",".250",".317",".378",".695",".305","0.0","0.0","0.2","12158"
"Chris Coghlan","Athletics","117","490","433","104","23","5","9","52","44","48","92","4","9","4",".241",".319",".378",".698",".305","-0.4","0.5","1.2","6878"
"Bryce Brentz","Red Sox","2","7","6","2","0","0","0","1","1","0","2","0","0","0",".243",".296",".408",".704",".305","-0.1","0.0","0.0","10607"
"Matt Joyce","Pirates","36","150","130","30","7","0","4","15","16","17","34","1","1","1",".228",".319",".373",".692",".305","-0.6","0.1","0.2","3353"
"Aaron Hill","Brewers","125","525","478","120","25","2","13","53","59","37","83","4","7","4",".251",".307",".392",".699",".305","-3.1","-0.7","0.7","6104"
"Max Kepler","Twins","22","91","83","21","4","1","2","10","10","7","16","1","2","1",".252",".311",".389",".701",".305","-0.2","0.1","0.1","12144"
"Jake Goebbert","Pirates","2","7","6","1","0","0","0","1","1","1","1","0","0","0",".238",".317",".378",".695",".305","0.0","0.0","0.0","9431"
"Franklin Gutierrez","Mariners","92","385","353","84","19","0","14","43","47","24","105","4","2","1",".238",".292",".412",".704",".305","0.0","-0.4","0.6","3255"
"Zach Walters","Indians","10","42","39","9","2","0","2","5","5","2","12","0","0","0",".237",".278",".433",".712",".304","0.1","0.0","0.0","10622"
"Chris Iannetta","Mariners","102","429","362","78","16","0","12","43","44","58","110","4","2","1",".214",".326",".356",".682",".304","-2.3","-1.1","1.7","8267"
"Shane Peterson","Brewers","7","28","25","6","1","0","1","3","3","2","7","0","0","0",".247",".316",".377",".692",".304","-0.2","0.0","0.0","7423"
"Yunel Escobar","Angels","142","595","538","144","23","1","8","59","53","45","74","5","3","2",".268",".328",".358",".686",".304","-2.8","-1.9","1.5","4191"
"Brandon Crawford","Giants","140","588","528","130","27","5","14","59","67","47","123","6","6","4",".245",".312",".395",".707",".304","5.7","0.0","3.0","5343"
"Rusney Castillo","Red Sox","105","441","408","108","18","2","9","47","44","25","76","4","11","6",".265",".311",".383",".694",".304","5.5","-0.4","0.8","17016"
"Delino Deshields","Rangers","148","623","549","137","24","6","8","75","49","58","126","6","34","15",".250",".326",".359",".685",".304","-5.2","2.9","1.0","11379"
"Didi Gregorius","Yankees","140","588","532","136","24","4","11","61","57","39","91","9","5","3",".256",".315",".378",".693",".303","2.2","1.2","2.3","6012"
"Jurickson Profar","Rangers","7","28","25","6","1","0","1","3","3","2","5","0","1","0",".245",".309",".382",".691",".303","-0.1","0.0","0.1","10815"
"Ender Inciarte","Braves","118","494","458","127","21","3","6","55","36","26","60","3","20","8",".277",".318",".372",".690",".303","4.2","1.2","1.7","4922"
"Ji-Man Choi","Angels","27","112","100","24","5","0","2","13","12","10","21","1","1","1",".244",".316",".373",".689",".303","-0.4","-0.1","0.0","sa549626"
"Alejandro De Aza","Mets","36","151","136","34","7","2","3","16","14","11","33","2","3","2",".249",".311",".383",".695",".303","-0.1","0.0","0.3","3371"
"Anthony Garcia","Cardinals","8","35","31","7","2","0","1","4","4","3","8","1","0","0",".235",".303",".386",".689",".302","-0.1","0.0","0.0","sa502038"
"Nick Swisher","Braves","70","295","257","58","13","1","8","29","30","33","73","2","1","1",".225",".314",".370",".685",".302","-0.6","-0.8","0.2","4599"
"Jesus Aguilar","Indians","8","35","32","8","2","0","1","4","4","3","9","0","0","0",".243",".303",".395",".698",".302","0.0","0.0","0.0","11342"
"James Loney","Rays","33","140","129","35","6","0","2","12","14","9","17","0","1","1",".274",".320",".374",".695",".302","0.3","-0.5","0.1","4556"
"Rickie Weeks","Diamondbacks","13","56","49","11","3","0","1","6","6","5","14","1","1","0",".224",".310",".371",".681",".302","-0.5","0.0","0.0","1849"
"Aaron Altherr","Phillies","8","35","32","8","2","0","1","4","4","2","9","0","1","0",".237",".296",".401",".697",".302","0.4","0.0","0.1","11270"
"Alex Avila","White Sox","76","320","269","56","12","0","8","31","29","46","105","1","1","1",".207",".324",".344",".668",".301","-0.1","-1.1","1.2","7476"
"Eddie Rosario","Twins","142","595","561","144","24","10","15","66","65","26","133","2","12","9",".257",".289",".414",".703",".301","6.8","0.2","1.3","12155"
"Cory Spangenberg","Padres","120","504","460","119","21","8","7","52","42","32","108","2","15","8",".260",".310",".384",".694",".301","0.1","0.7","1.5","12294"
"Robinson Chirinos","Rangers","107","448","399","93","19","1","13","48","48","35","100","6","1","1",".232",".302",".384",".686",".301","1.2","-0.6","1.6","3142"
"Delmon Young"," ","50","210","198","53","9","0","5","21","24","8","40","2","1","0",".265",".298",".394",".692",".301","-2.8","-0.3","-0.2","2140"
"A.J. Ellis","Dodgers","53","224","191","43","8","1","5","20","22","27","42","2","0","1",".227",".327",".351",".678",".301","0.2","-1.0","0.9","5677"
"Reymond Fuentes","Royals","5","21","19","5","1","0","0","2","2","1","4","0","1","0",".264",".317",".368",".685",".301","0.2","0.1","0.1","10329"
"Coco Crisp","Athletics","80","336","298","72","14","2","7","39","30","33","47","1","9","2",".242",".317",".366",".683",".301","0.2","1.1","0.3","1572"
"Chris Heisey","Nationals","2","10","9","2","0","0","0","1","1","1","2","0","0","0",".233",".303",".388",".690",".301","0.0","0.0","0.0","3978"
"Rymer Liriano","Brewers","83","349","314","75","16","2","9","39","37","27","99","4","9","5",".239",".306",".382",".688",".301","2.2","-0.1","0.4","4779"
"Ryan Howard","Phillies","114","480","436","99","21","1","19","50","67","35","139","4","0","0",".227",".288",".412",".700",".301","-4.9","-2.2","-0.7","2154"
"Corey Hart"," ","50","210","194","46","9","1","7","22","27","12","53","3","2","1",".238",".290",".407",".697",".301","-1.7","-0.2","-0.2","1945"
"Jose Ramirez","Indians","73","308","279","73","14","2","4","35","27","22","32","1","13","6",".260",".314",".372",".686",".300","2.3","0.6","1.1","13510"
"Steven Moya","Tigers","13","56","53","12","2","0","2","6","7","2","18","0","1","0",".236",".269",".432",".701",".300","-0.1","0.0","0.0","11854"
"Abraham Almonte","Indians","33","140","127","31","6","1","3","15","13","11","31","0","4","1",".247",".308",".378",".685",".300","-0.7","0.1","0.3","5486"
"JR Murphy","Twins","69","288","263","66","14","1","7","30","29","19","60","2","1","1",".249",".301",".387",".688",".300","-0.9","0.0","1.0","10346"
"Willson Contreras","Cubs","3","13","12","3","1","0","0","1","1","1","2","0","0","0",".251",".308",".374",".682",".300","-0.1","0.0","0.0","sa508176"
"Brandon Phillips","Reds","148","623","580","156","24","1","13","66","68","29","81","6","12","5",".268",".308",".381",".688",".300","5.5","-0.1","1.7","791"
"Enrique Hernandez","Dodgers","65","273","252","64","12","2","6","29","27","16","45","2","2","2",".253",".300",".388",".688",".300","-0.2","-0.2","0.8","10472"
"Billy Mckinney","Cubs","2","7","6","2","0","0","0","1","1","1","1","0","0","0",".251",".309",".376",".685",".300","0.0","0.0","0.0","sa737528"
"Dustin Garneau","Rockies","30","128","117","28","6","0","4","12","14","8","21","1","1","1",".244",".299",".391",".690",".299","-0.3","-0.1","0.2","9433"
"Henry Urrutia","Orioles","10","42","39","10","2","0","1","4","4","2","8","0","0","0",".267",".305",".382",".687",".299","0.0","-0.1","0.0","14441"
"Stefen Romero","Mariners","5","21","20","5","1","0","1","2","2","1","4","0","0","0",".251",".287",".406",".693",".299","0.0","0.0","0.0","11746"
"Matt Duffy","Astros","8","35","32","8","1","0","1","4","4","2","8","1","0","0",".245",".298",".387",".685",".299","0.1","0.0","0.1","12181"
"Jon Jay","Padres","117","490","432","112","18","2","5","52","35","35","82","14","7","4",".259",".333",".347",".679",".299","1.8","-0.2","0.9","5227"
"Kelly Johnson","Braves","59","249","225","52","9","1","8","25","28","20","62","1","3","1",".232",".298",".388",".686",".299","-2.4","-0.1","0.2","2234"
"Alex Dickerson","Padres","24","99","91","23","5","1","2","10","11","6","23","1","1","0",".248",".298",".391",".690",".299","-0.2","0.0","0.1","12649"
"Domonic Brown","Blue Jays","22","91","84","21","4","0","3","10","12","6","17","0","1","1",".245",".296",".396",".693",".299","-1.1","0.0","-0.1","3154"
"Lewis Brinson","Rangers","2","7","6","2","0","0","0","1","1","0","2","0","0","0",".242",".297",".389",".686",".299","0.0","0.0","0.0","sa657923"
"Brandon Barnes","Rockies","60","252","232","59","12","1","5","26","24","14","65","2","6","4",".254",".303",".384",".687",".299","0.6","-0.1","-0.3","629"
"Jose Iglesias","Tigers","138","581","531","147","21","3","5","58","46","30","69","9","14","8",".277",".325",".354",".678",".299","3.5","-1.3","1.9","10231"
"Dalton Pompey","Blue Jays","55","231","208","51","8","2","4","26","21","18","49","2","11","3",".247",".311",".369",".680",".298","0.7","0.9","0.4","12797"
"Cole Gillespie","Marlins","15","65","59","15","3","0","1","7","6","5","11","0","1","0",".258",".316",".364",".680",".298","-0.2","0.0","0.1","5888"
"Blake Swihart","Red Sox","76","320","297","77","17","2","5","34","32","19","70","1","4","3",".259",".304",".378",".682",".298","-0.5","-0.1","1.0","13176"
"Scott Schebler","Reds","89","375","341","78","12","4","13","42","43","23","96","7","7","3",".230",".290",".402",".692",".298","-0.6","0.3","0.1","12225"
"Jose Pirela","Padres","73","308","284","73","13","3","5","32","28","18","44","3","5","2",".257",".305",".377",".682",".298","-1.7","0.1","0.6","5485"
"Phil Gosselin","Diamondbacks","38","159","148","39","8","1","2","17","15","7","27","2","2","1",".266",".304",".380",".684",".298","0.0","0.2","0.2","10953"
"Tyler Collins","Tigers","37","154","141","34","6","1","4","16","17","11","34","1","2","1",".244",".300",".382",".682",".298","-0.6","0.1","0.0","12723"
"Nick Williams","Phillies","8","35","33","8","2","0","1","4","4","1","9","0","1","0",".249",".284",".405",".689",".298","-0.1","-0.1","0.0","sa657981"
"Jason Castro","Astros","107","448","400","91","22","1","13","47","48","38","128","4","2","1",".227",".299",".381",".680",".298","1.1","0.3","1.9","8722"
"Mac Williamson","Giants","33","140","126","30","6","1","3","15","14","10","34","3","1","1",".241",".308",".371",".679",".298","0.0","0.1","0.3","14158"
"Andres Blanco","Phillies","63","266","242","60","14","2","5","26","23","17","46","3","3","2",".248",".303",".378",".681",".298","-2.7","-0.8","0.2","1907"
"Elvis Andrus","Rangers","150","630","569","152","29","2","5","67","54","46","82","3","25","11",".267",".321",".353",".674",".297","0.1","2.4","1.6","8709"
"Rangel Ravelo","Athletics","3","14","13","3","1","0","0","1","1","1","3","0","0","0",".252",".308",".372",".679",".297","0.0","0.0","0.0","sa548335"
"Nick Franklin","Rays","32","133","119","28","5","1","3","15","14","12","33","0","2","1",".233",".302",".376",".679",".297","-1.0","0.1","0.3","10166"
"Taylor Motter","Rays","5","21","19","5","1","0","0","2","2","1","4","0","1","0",".248",".302",".380",".682",".297","0.1","0.0","0.1","sa577804"
"Jarrett Parker","Giants","41","173","154","34","6","1","5","19","19","15","62","2","4","2",".223",".300",".377",".678",".297","0.4","0.0","0.4","11624"
"Jeff Baker"," ","25","105","96","23","4","1","3","11","11","7","28","1","1","0",".239",".296",".389",".685",".297","-1.0","-0.2","-0.2","2073"
"Eduardo Nunez","Twins","48","203","189","49","10","2","3","22","20","10","30","1","8","3",".262",".301",".381",".682",".297","-1.4","0.4","0.4","6848"
"Trayce Thompson","Dodgers","17","70","64","15","3","1","2","8","8","4","18","1","1","1",".230",".283",".403",".686",".297","0.1","0.1","0.1","9952"
"Johnny Giavotella","Angels","135","567","517","136","27","3","6","60","53","37","68","3","7","3",".263",".314",".363",".677",".297","-7.0","0.5","0.9","6740"
"Erick Aybar","Braves","140","588","547","149","31","3","6","63","50","28","64","4","12","6",".272",".309",".373",".682",".297","-2.6","0.8","1.5","4082"
"Dean Anna","Cardinals","3","14","12","3","1","0","0","1","1","1","2","0","0","0",".246",".325",".340",".665",".297","0.0","0.0","0.0","8353"
"Orlando Arcia","Brewers","67","280","262","68","15","2","5","28","28","14","45","1","10","5",".261",".300",".384",".683",".297","1.7","0.0","0.8","sa596917"
"Jimmy Rollins","White Sox","125","525","470","111","20","3","12","63","47","48","87","1","15","7",".236",".306",".368",".674",".297","-2.0","0.3","1.2","971"
"David DeJesus"," ","75","315","281","67","14","2","5","31","29","25","56","5","3","3",".240",".312",".360",".672",".297","0.8","-0.7","0.2","1825"
"Cheslor Cuthbert","Royals","22","91","84","21","4","0","2","9","9","6","15","0","1","1",".253",".301",".379",".680",".297","0.2","0.0","0.1","10473"
"Shane Victorino","Cubs","17","70","63","16","3","0","1","7","6","4","11","1","2","0",".246",".305",".369",".674",".296","0.9","0.3","0.1","1677"
"Colin Walsh","Brewers","40","168","146","33","7","1","3","17","14","19","44","1","3","1",".228",".319",".347",".665",".296","-0.5","0.0","0.1","sa526841"
"Boog Powell","Mariners","28","119","107","27","4","1","1","12","9","10","21","1","3","3",".257",".324",".340",".664",".296","0.4","-0.4","0.3","sa658509"
"Christian Villanueva","Cubs","12","49","45","11","2","0","1","5","6","3","11","0","0","0",".241",".288",".396",".683",".296","0.0","0.0","0.0","sa505993"
"Alex Guerrero","Dodgers","2","10","9","2","0","0","0","1","1","0","2","0","0","0",".241",".283",".400",".682",".296","0.0","0.0","0.0","15670"
"Daniel Nava","Angels","118","497","435","104","19","0","8","49","43","45","108","12","4","2",".239",".323",".338",".661",".296","0.0","0.2","0.5","5450"
"Ben Gamel","Yankees","3","14","13","3","1","0","0","1","1","1","3","0","0","0",".253",".301",".380",".682",".295","0.0","0.0","0.0","sa548493"
"Christian Colon","Royals","73","308","281","75","12","1","4","31","26","20","33","2","8","3",".266",".317",".351",".668",".295","-0.5","0.1","0.6","11145"
"Michael Reed","Brewers","7","28","25","6","1","0","0","3","3","3","7","0","1","1",".231",".315",".350",".665",".295","0.0","0.0","0.0","13228"
"Marwin Gonzalez","Astros","78","329","306","78","16","1","7","35","31","15","61","2","4","3",".255",".294",".383",".677",".295","-0.4","-0.7","0.5","5497"
"Wilson Ramos","Nationals","99","416","390","98","15","0","14","39","56","20","74","1","1","0",".251",".287",".399",".685",".295","3.0","-1.2","1.6","1433"
"A.J. Pierzynski","Braves","91","384","360","95","17","1","8","33","41","15","47","6","1","2",".264",".301",".379",".680",".295","-4.5","-2.3","0.6","746"
"Marlon Byrd","Indians","77","322","299","73","14","2","10","32","38","16","89","3","1","1",".243",".287",".398",".685",".295","-0.1","-0.4","-0.1","950"
"Alex Rios"," ","108","455","427","112","24","4","7","46","47","20","79","3","12","4",".261",".296",".384",".680",".295","-1.1","0.6","0.1","2090"
"Will Middlebrooks","Brewers","74","310","289","68","11","1","12","31","39","16","76","2","2","1",".235",".276",".409",".685",".295","-0.1","-0.3","0.1","7002"
"Greg Garcia","Cardinals","12","49","43","11","2","0","0","5","4","4","9","1","1","0",".245",".324",".336",".660",".295","0.1","0.0","0.1","10951"
"Chris Denorfia","Yankees","15","63","58","14","3","0","1","7","6","4","13","0","1","0",".252",".306",".367",".673",".295","0.6","-0.1","0.1","4400"
"Jonathan Villar","Brewers","102","427","384","92","16","4","9","47","40","33","113","3","27","10",".239",".302",".369",".671",".294","-5.5","1.7","0.4","10071"
"Jefry Marte","Angels","5","21","19","5","1","0","1","2","2","1","4","0","0","0",".237",".290",".385",".675",".294","-0.2","0.0","0.0","5107"
"Sean Coyle","Red Sox","2","7","6","1","0","0","0","1","1","1","2","0","0","0",".222",".287",".387",".673",".294","0.0","0.0","0.0","sa548268"
"Ketel Marte","Mariners","125","525","485","130","23","4","5","56","42","31","79","1","21","9",".268",".310",".361",".671",".294","-0.2","1.0","1.7","13613"
"Anthony Gose","Tigers","92","385","347","85","14","4","5","45","29","30","101","3","18","8",".246",".311",".353",".664",".294","-1.8","0.9","0.6","5097"
"J.T. Realmuto","Marlins","107","448","416","106","20","5","8","45","45","24","73","3","9","4",".254",".298",".379",".677",".294","0.8","0.3","1.6","11739"
"Yorman Rodriguez","Reds","43","180","168","41","7","1","5","19","20","10","50","1","2","1",".242",".285",".392",".676",".294","-0.1","0.1","0.1","9922"
"Rajai Davis","Indians","95","399","369","92","19","5","7","48","34","21","78","4","23","8",".249",".295",".379",".674",".294","-1.0","2.0","0.6","3708"
"Chris Johnson","Marlins","75","314","296","79","16","1","5","26","31","14","76","1","2","1",".266",".300",".376",".676",".294","-2.5","-0.6","-0.3","1191"
"Cesar Hernandez","Phillies","97","406","370","98","15","4","2","43","30","30","79","1","13","6",".264",".319",".345",".664",".293","-3.1","0.4","0.3","10556"
"Xavier Scruggs","Marlins","2","7","6","1","0","0","0","1","1","1","2","0","0","0",".222",".301",".361",".662",".293","0.0","0.0","0.0","7409"
"Aledmys Diaz","Cardinals","25","105","98","24","5","1","2","11","11","5","19","1","2","1",".251",".293",".381",".675",".293","0.0","-0.1","0.3","sa803159"
"Garin Cecchini","Brewers","10","42","38","9","2","0","1","4","4","3","10","0","1","0",".244",".309",".356",".665",".293","0.1","0.1","0.0","11608"
"Adonis Garcia","Braves","125","525","498","129","25","2","12","52","55","19","85","3","5","3",".260",".289",".391",".679",".293","-3.1","-0.7","0.5","13777"
"Junior Lake","Blue Jays","7","28","26","6","1","0","1","3","3","2","8","0","1","0",".240",".293",".377",".670",".293","0.1","0.0","0.0","4672"
"Billy Burns","Athletics","147","616","562","149","20","7","4","70","43","40","97","6","34","9",".265",".318",".344",".663",".293","-0.9","3.9","1.6","12701"
"Chris Taylor","Mariners","18","77","69","18","3","1","1","8","6","6","17","0","3","1",".254",".316",".344",".660",".293","0.6","0.1","0.3","13757"
"Ryan Rua","Rangers","5","21","19","4","1","0","1","2","2","1","5","0","0","0",".231",".288",".381",".669",".293","0.0","0.0","0.0","12409"
"Andrew Susac","Giants","46","192","171","39","8","1","4","19","19","18","53","2","0","0",".226",".304",".355",".660",".293","-0.6","0.0","0.7","13132"
"Chase Utley","Dodgers","65","275","246","59","14","2","5","27","29","20","40","5","3","1",".240",".306",".370",".676",".293","0.3","0.7","0.6","1679"
"Daniel Descalso","Rockies","32","133","119","29","6","1","2","14","13","11","25","1","2","1",".245",".314",".362",".676",".293","-1.8","0.0","-0.2","8392"
"Nolan Reimold","Orioles","83","350","312","72","13","0","8","36","34","32","89","3","3","2",".233",".306",".358",".664",".293","0.0","0.0","-0.2","3441"
"Andrew Aplin","Astros","5","21","18","4","1","0","0","2","2","2","3","0","1","0",".243",".324",".331",".655",".292","0.0","0.0","0.0","sa502787"
"Josh Rutledge","Red Sox","3","14","13","3","1","0","0","1","1","1","3","0","0","0",".250",".297",".374",".671",".292","-0.1","0.0","0.0","11167"
"Arismendy Alcantara","Cubs","12","49","45","11","2","1","1","5","5","3","13","0","2","1",".234",".283",".392",".675",".292","0.0","0.1","0.1","10711"
"Conor Gillaspie","Giants","8","35","32","8","2","0","1","3","4","2","6","0","0","0",".250",".301",".374",".675",".292","-0.6","0.0","0.0","9009"
"Ryan Hanigan","Red Sox","46","192","167","40","8","0","2","18","18","19","31","3","1","0",".238",".325",".330",".655",".292","1.7","-0.3","0.7","4952"
"Patrick Kivlehan","Rangers","2","7","6","2","0","0","0","1","1","0","2","0","0","0",".243",".290",".382",".672",".292","0.0","0.0","0.0","sa657983"
"Angel Pagan","Giants","106","445","411","108","20","3","4","47","36","27","68","1","10","5",".264",".309",".356",".666",".292","-4.4","1.3","0.2","2918"
"Richie Shaffer","Rays","20","84","76","16","4","0","3","9","9","7","26","1","1","0",".215",".283",".388",".671",".292","0.0","0.0","0.0","13271"
"Andrelton Simmons","Angels","147","616","566","146","25","3","9","62","58","39","57","4","6","3",".258",".308",".361",".669",".292","16.3","-0.5","3.6","10847"
"Ryan Lavarnway","Braves","8","32","29","7","1","0","1","3","3","3","7","0","0","0",".238",".309",".351",".660",".292","-0.4","0.0","0.1","8879"
"Andy Burns","Blue Jays","12","49","45","11","3","0","1","5","5","3","9","0","1","1",".249",".295",".372",".666",".291","0.0","0.0","0.1","sa455489"
"Josh Phegley","Athletics","46","192","178","42","10","1","5","21","24","9","36","2","1","1",".238",".281",".391",".672",".291","0.8","-0.2","0.8","9308"
"Brandon Drury","Diamondbacks","70","294","275","70","16","1","5","28","30","13","49","2","2","2",".253",".291",".378",".669",".291","0.7","-0.5","0.3","11615"
"Jeimer Candelario","Cubs","2","7","6","2","0","0","0","1","1","0","1","0","0","0",".242",".289",".379",".668",".291","0.0","0.0","0.0","sa596954"
"Micah Johnson","Dodgers","2","7","6","2","0","0","0","1","1","0","1","0","0","0",".255",".301",".361",".662",".291","0.0","0.0","0.0","13809"
"Christian Vazquez","Red Sox","30","128","116","29","6","0","2","13","12","10","23","1","1","1",".250",".309",".351",".659",".290","1.1","-0.1","0.4","9774"
"Ruben Tejada","Cardinals","50","210","186","47","10","0","1","19","16","18","34","3","1","1",".252",".326",".330",".656",".290","-2.0","-0.2","0.2","5519"
"Curt Casali","Rays","61","256","228","49","10","0","7","27","25","22","66","4","1","0",".217",".295",".359",".654",".290","-0.7","0.0","0.9","12510"
"Gavin Cecchini","Mets","5","21","19","5","1","0","0","2","2","1","3","0","0","0",".249",".302",".356",".659",".290","-0.1","0.0","0.0","sa657876"
"Jimmy Paredes","Orioles","18","77","73","18","3","0","2","8","8","3","20","0","2","1",".252",".286",".382",".668",".290","-0.1","0.1","0.0","5481"
"Alen Hanson","Pirates","12","49","45","11","2","1","1","5","5","2","9","0","2","1",".247",".286",".383",".670",".290","0.2","0.0","0.1","sa547735"
"Tyler Goeddel","Phillies","92","385","353","85","15","3","8","35","37","24","84","3","14","7",".242",".294",".370",".664",".290","0.0","0.3","-0.1","sa597762"
"Stephen Drew","Nationals","33","140","125","28","7","1","3","13","15","12","28","0","1","0",".222",".293",".372",".664",".290","-0.4","-0.2","0.2","4251"
"Hank Conger","Rays","30","128","114","25","5","0","4","12","13","11","32","1","0","1",".223",".294",".365",".659",".290","-0.9","-0.3","0.3","2505"
"Danny Santana","Twins","70","294","277","73","13","4","3","32","27","10","62","2","10","5",".262",".292",".376",".668",".290","-1.9","0.6","0.4","10322"
"Jordy Mercer","Pirates","100","420","384","98","21","1","7","38","40","26","71","3","3","2",".255",".305",".369",".675",".290","-0.8","-0.2","0.9","6547"
"Jean Segura","Diamondbacks","97","406","382","102","14","5","5","42","35","15","58","4","17","6",".267",".300",".367",".667",".289","-0.5","1.2","0.7","5933"
"Steve Clevenger","Mariners","45","189","173","44","8","1","2","18","17","13","29","1","0","1",".256",".309",".353",".662",".289","-1.7","-0.5","0.3","9542"
"Carlos Ruiz","Phillies","69","288","255","60","13","1","3","25","24","24","42","5","2","1",".237",".314",".336",".650",".289","-1.6","-0.6","0.6","2579"
"John Mayberry","Tigers","2","7","6","1","0","0","0","1","1","1","2","0","0","0",".224",".287",".377",".664",".289","-0.1","0.0","0.0","3390"
"Socrates Brito","Diamondbacks","68","284","269","70","11","4","4","29","27","11","57","1","9","4",".260",".289",".379",".668",".289","1.5","0.5","0.1","12944"
"Nate McLouth"," ","58","245","219","50","11","1","5","26","19","20","45","3","8","2",".230",".300",".355",".656",".289","-0.5","0.9","0.0","3190"
"Willy Garcia","Pirates","3","14","13","3","1","0","0","1","2","1","4","0","0","0",".239",".272",".400",".672",".289","0.1","0.0","0.0","sa547734"
"Alberto Callaspo"," ","83","350","312","77","13","0","5","31","32","33","41","1","1","1",".246",".316",".334",".650",".289","-2.8","-1.1","0.0","3336"
"Joey Rickard","Orioles","25","105","93","23","4","1","1","11","8","9","21","1","3","1",".243",".316",".330",".646",".289","-0.4","0.1","0.0","sa621658"
"Caleb Joseph","Orioles","46","192","176","41","8","0","5","19","22","12","41","1","1","1",".235",".286",".378",".664",".289","1.7","-0.2","0.7","7087"
"Slade Heathcott","Yankees","5","21","19","5","1","0","0","2","2","1","6","0","0","0",".244",".289",".372",".662",".289","0.2","0.0","0.0","10336"
"Rafael Ynoa","Rockies","8","35","33","9","2","0","0","3","3","2","6","0","1","0",".264",".306",".353",".659",".289","-0.1","0.0","0.0","2832"
"Ryan Flaherty","Orioles","62","259","233","52","9","2","8","28","28","19","62","3","1","1",".223",".289",".374",".663",".288","-1.0","0.2","0.3","7888"
"Ezequiel Carrera","Blue Jays","48","203","186","47","8","1","3","22","19","12","40","2","9","3",".254",".304",".351",".655",".288","-1.5","0.8","-0.1","9048"
"Tyler Naquin","Indians","68","287","261","64","13","2","5","29","26","19","74","3","6","3",".243",".299",".360",".659",".288","1.5","0.0","0.6","sa502772"
"Jake Marisnick","Astros","45","189","174","42","8","1","4","20","19","9","48","3","9","4",".241",".287",".376",".663",".288","2.2","0.6","0.4","11339"
"Juan Lagares","Mets","72","301","280","73","14","3","4","30","28","13","60","3","6","3",".259",".297",".367",".664",".288","4.4","0.3","1.1","5384"
"Jarrod Dyson","Royals","82","343","309","77","11","5","3","39","27","24","62","3","35","8",".249",".308",".344",".652",".288","6.3","4.4","1.1","4866"
"Zack Cozart","Reds","133","560","517","127","25","4","12","57","55","29","86","4","6","2",".246",".289",".376",".665",".288","5.4","0.6","1.5","2616"
"Brett Eibner","Royals","10","42","38","9","2","0","1","4","4","3","11","0","1","0",".228",".287",".372",".660",".288","0.0","0.0","0.1","sa390416"
"Jorge Polanco","Twins","12","49","46","12","2","0","1","5","4","3","8","0","1","1",".256",".299",".358",".656",".287","0.0","-0.1","0.1","13152"
"Adam Brett Walker","Twins","3","14","13","3","1","0","1","2","2","1","5","0","0","0",".218",".262",".404",".666",".287","0.0","0.0","0.0","sa621791"
"Mallex Smith","Braves","7","28","25","6","1","0","0","3","2","2","6","0","2","1",".253",".311",".338",".648",".287","0.0","0.1","0.0","sa599039"
"Ivan De Jesus","Reds","45","189","172","42","8","2","2","17","17","14","44","1","1","1",".246",".304",".347",".652",".287","0.1","-0.1","0.1","9886"
"Grady Sizemore"," ","58","245","224","53","12","1","5","24","23","17","51","2","3","2",".235",".292",".361",".653",".287","-3.2","-0.3","-0.5","2197"
"Renato Nunez","Athletics","2","7","7","2","0","0","0","1","1","0","1","0","0","0",".238",".278",".382",".660",".287","0.0","0.0","0.0","sa596834"
"Roman Quinn","Phillies","2","7","6","2","0","0","0","1","1","0","2","0","0","0",".244",".296",".355",".651",".287","0.0","0.0","0.0","sa597773"
"Michael Taylor","Nationals","82","344","313","72","14","2","9","34","37","25","106","2","12","5",".232",".292",".369",".661",".286","1.9","0.3","0.5","11489"
"Giovanny Urshela","Indians","35","147","138","34","7","1","3","15","15","7","24","1","1","1",".244",".284",".375",".659",".286","0.8","-0.2","0.2","10681"
"Travis Ishikawa","White Sox","10","42","38","8","2","0","1","4","4","3","12","1","0","0",".223",".294",".357",".650",".286","0.0","0.0","-0.1","4793"
"Matt Dominguez","Blue Jays","2","7","7","2","0","0","0","1","1","0","1","0","0","0",".239",".279",".383",".662",".286","0.0","0.0","0.0","4903"
"Manuel Margot","Padres","3","14","13","3","1","0","0","1","1","1","2","0","1","0",".246",".290",".367",".657",".286","0.1","0.0","0.0","sa657504"
"Kevan Smith","White Sox","8","32","29","7","1","0","1","3","3","2","7","0","0","0",".235",".293",".359",".651",".286","-0.2","0.0","0.1","sa599392"
"Peter Bourjos","Phillies","93","390","347","79","14","4","8","44","33","29","105","7","11","6",".226",".297",".358",".655",".286","3.4","0.3","0.3","2578"
"James McCann","Tigers","84","352","330","84","17","2","5","32","34","14","73","4","2","1",".255",".290",".366",".656",".286","2.9","-0.7","1.2","12859"
"Jose Peraza","Reds","73","308","290","78","10","4","3","31","28","10","35","2","18","6",".269",".295",".368",".663",".286","0.7","1.2","0.5","13593"
"J.B. Shuck","White Sox","60","252","228","59","9","2","2","26","21","18","26","1","5","4",".257",".312",".335",".647",".286","-0.4","-0.3","-0.2","6677"
"Albert Almora","Cubs","2","7","7","2","0","0","0","1","1","0","1","0","0","0",".257",".288",".372",".660",".286","0.0","0.0","0.0","sa657859"
"Brandon Nimmo","Mets","10","42","37","9","1","0","1","4","3","4","10","0","1","0",".229",".308",".334",".642",".286","-0.2","0.0","0.0","sa597760"
"Tyler Saladino","White Sox","47","196","177","42","6","2","4","22","18","14","39","2","8","2",".237",".295",".353",".649",".286","0.9","0.6","0.4","10807"
"Wynton Bernard","Tigers","5","21","19","5","1","0","0","2","2","1","4","0","1","1",".257",".301",".348",".649",".286","0.0","0.0","0.0","sa658999"
"Jorge Alfaro","Phillies","8","32","30","7","1","0","1","3","3","1","9","1","0","0",".229",".275",".381",".656",".286","-0.2","0.0","0.1","sa551307"
"Collin Cowgill","Indians","13","56","51","12","2","0","1","6","5","4","13","1","1","0",".236",".296",".350",".645",".285","0.6","0.1","0.1","7250"
"Danny Espinosa","Nationals","86","360","326","74","17","1","9","37","34","23","103","7","5","2",".226",".289",".369",".658",".285","1.6","0.7","0.7","9219"
"Kurt Suzuki","Twins","76","320","290","73","15","0","4","27","32","20","38","4","1","0",".253",".307",".344",".651",".285","-1.7","-0.5","0.6","8259"
"Darrell Ceciliani","Blue Jays","32","133","123","30","6","1","2","14","14","7","35","1","5","2",".245",".290",".365",".656",".285","-0.7","0.2","-0.1","9954"
"Sean Rodriguez","Pirates","45","189","174","41","10","1","4","19","20","8","46","3","2","1",".236",".281",".374",".655",".285","-0.9","-0.1","0.1","6589"
"Keon Broxton","Brewers","75","315","283","62","12","4","8","32","31","26","106","2","12","5",".218",".287",".365",".652",".285","-0.3","0.2","0.1","9253"
"Chris Owings","Diamondbacks","108","455","426","107","22","4","7","45","42","21","100","2","12","4",".252",".288",".370",".659",".285","0.7","1.2","0.4","10030"
"Leonys Martin","Mariners","130","546","500","122","22","4","9","57","48","33","118","4","26","11",".244",".294",".358",".653",".285","6.9","2.3","1.8","11846"
"Spencer Kieboom","Nationals","3","13","12","3","1","0","0","1","1","1","2","0","0","0",".245",".299",".348",".646",".285","0.0","0.0","0.0","sa621637"
"Jace Peterson","Braves","83","350","311","74","13","3","3","34","29","31","67","2","11","6",".239",".310",".334",".643",".285","0.1","0.2","0.4","12325"
"Anthony Alford","Blue Jays","3","14","13","3","1","0","0","1","1","1","4","0","0","0",".228",".299",".344",".644",".285","0.0","0.0","0.0","sa657953"
"Austin Romine","Yankees","5","19","18","4","1","0","0","2","2","1","4","0","0","0",".240",".285",".371",".655",".285","-0.1","0.0","0.0","5491"
"Adeiny Hechavarria","Marlins","142","595","555","146","22","8","5","53","51","30","93","2","7","5",".264",".302",".355",".656",".285","1.4","-0.9","1.0","10459"
"Antoan Richardson","Pirates","5","21","18","4","1","0","0","2","2","2","4","0","1","0",".240",".318",".312",".630",".285","-0.3","0.1","0.0","209"
"James Ramsey","Indians","2","7","6","1","0","0","0","1","1","1","2","0","0","0",".222",".292",".353",".645",".284","0.0","0.0","0.0","sa599239"
"Charlie Tilson","Cardinals","8","35","33","9","1","0","0","3","3","2","6","0","1","1",".261",".301",".348",".648",".284","0.1","0.0","0.0","sa597793"
"Hunter Renfroe","Padres","41","172","159","36","7","1","5","17","19","10","48","1","1","1",".227",".274",".382",".656",".284","0.5","0.1","0.1","sa549860"
"Matt Szczur","Cubs","14","58","53","13","2","0","1","6","5","4","11","0","2","1",".249",".299",".344",".644",".284","-0.1","0.1","0.0","11255"
"Chris Bostick","Nationals","2","7","7","2","0","0","0","1","1","0","2","0","0","0",".241",".284",".366",".650",".284","0.0","0.0","0.0","sa602694"
"Dan Uggla"," ","33","140","121","24","4","1","4","14","16","16","41","2","1","1",".196",".298",".336",".634",".284","-2.5","-0.1","-0.2","3442"
"Darnell Sweeney","Phillies","36","152","138","32","7","1","3","15","14","11","41","1","5","3",".230",".291",".357",".649",".284","-0.6","-0.1","0.0","13284"
"Billy Hamilton","Reds","132","553","506","126","18","6","6","66","42","36","100","2","59","16",".250",".300",".344",".644",".284","9.9","7.2","2.1","10199"
"Tim Anderson","White Sox","13","56","53","14","2","1","1","6","5","2","14","1","3","1",".257",".285",".366",".651",".284","-0.3","0.1","0.1","sa737508"
"Ronald Torreyes","Yankees","7","28","26","7","1","0","0","3","2","1","2","0","0","0",".262",".299",".346",".645",".283","-0.1","0.0","0.0","11400"
"Mikie Mahtook","Rays","43","182","168","40","8","1","3","18","17","9","47","3","4","2",".237",".286",".362",".648",".283","0.4","0.2","0.1","13130"
"Mike Ohlman","Cardinals","1","6","6","1","0","0","0","1","1","0","1","0","0","0",".239",".298",".342",".640",".283","-0.1","0.0","0.0","sa501614"
"Reynaldo Navarro","Angels","2","7","7","2","0","0","0","1","1","0","1","0","0","0",".251",".288",".360",".648",".283","0.0","0.0","0.0","6008"
"Freddy Galvis","Phillies","117","490","455","112","18","5","8","45","46","25","88","2","5","2",".247",".287",".363",".650",".283","-0.8","0.6","0.6","6609"
"Justin Maxwell","Marlins","5","20","18","4","1","0","1","2","2","1","6","0","0","0",".221",".283",".362",".645",".283","0.0","0.0","0.0","6827"
"Chris Gimenez","Rangers","38","160","144","33","6","0","3","16","14","13","35","1","1","1",".231",".298",".341",".639",".283","-0.8","-0.1","0.2","7324"
"Max Muncy","Athletics","2","7","6","1","0","0","0","1","1","1","2","0","0","0",".223",".299",".340",".639",".283","0.0","0.0","0.0","13301"
"Joey Wendle","Athletics","3","14","13","3","1","0","0","1","1","1","3","0","0","0",".245",".282",".369",".651",".283","0.1","0.0","0.0","sa658022"
"Michael Bourn","Braves","97","406","365","89","14","4","3","39","29","33","94","1","12","6",".245",".308",".327",".634",".282","-0.1","1.1","0.2","6387"
"Brayan Pena","Cardinals","40","166","154","40","8","0","1","12","13","10","17","1","1","1",".259",".305",".337",".641",".282","-1.0","-0.9","0.2","3231"
"Alcides Escobar","Royals","152","637","595","157","27","5","4","69","50","23","80","6","20","5",".264",".297",".348",".645",".282","2.8","2.9","1.6","6310"
"Matt Davidson","White Sox","17","70","63","13","2","0","3","7","8","6","24","1","0","0",".204",".276",".369",".645",".282","0.5","0.0","0.0","7226"
"Roberto Perez","Indians","44","186","160","33","8","1","4","19","16","21","53","1","1","1",".207",".300",".332",".632",".282","2.0","-0.4","0.7","2900"
"David Lough","Phillies","10","41","38","9","1","0","1","4","4","2","8","0","1","1",".244",".284",".362",".646",".282","0.4","0.0","0.0","7215"
"Marco Hernandez","Red Sox","2","7","7","2","0","0","0","1","1","0","1","0","0","0",".257",".285",".365",".650",".281","0.0","0.0","0.0","sa547804"
"Jett Bandy","Angels","3","13","12","3","1","0","0","1","1","1","3","0","0","0",".231",".284",".356",".640",".281","0.0","0.0","0.0","12508"
"Ramon Cabrera","Reds","5","19","18","4","1","0","0","2","2","1","3","0","0","0",".253",".300",".336",".636",".281","0.0","0.0","0.0","10327"
"Tyler Flowers","Braves","53","224","206","46","8","0","6","18","23","13","69","4","0","1",".225",".280",".359",".639",".281","0.4","-0.6","0.5","9134"
"Melvin Upton","Padres","118","497","443","95","19","4","12","48","41","45","146","2","15","6",".214",".287",".355",".642",".281","0.6","1.0","0.5","5015"
"Alexei Ramirez","Padres","148","623","587","150","31","2","9","58","57","25","70","3","17","7",".255",".287",".358",".645",".281","-3.1","0.1","0.8","5133"
"Johnny Monell","Mets","23","96","87","20","4","0","2","10","9","7","21","1","1","1",".229",".289",".350",".639",".281","-0.4","-0.1","0.2","2783"
"Nolan Fontana","Astros","5","21","18","4","1","0","0","2","2","3","6","0","0","0",".206",".316",".296",".612",".281","-0.1","-0.1","0.0","sa657932"
"Jose Lobaton","Nationals","46","192","172","39","8","1","3","17","19","16","47","1","0","0",".227",".296",".340",".636",".280","-0.2","-0.3","0.4","4243"
"Drew Stubbs","Rangers","18","77","69","15","3","0","2","8","7","7","26","0","3","1",".217",".288",".346",".635",".280","0.0","0.4","0.0","9328"
"Francisco Pena","Orioles","15","64","60","14","3","0","2","7","7","3","12","1","0","0",".232",".271",".377",".648",".280","0.4","0.0","0.2","8298"
"J.J. Hardy","Orioles","125","525","491","119","21","0","12","51","52","26","90","2","1","0",".243",".282",".360",".642",".280","4.4","-0.9","1.0","3797"
"Travis Jankowski","Padres","22","91","83","21","3","1","1","9","7","6","16","0","5","2",".250",".303",".329",".632",".280","0.6","0.3","0.2","13768"
"Todd Cunningham","Angels","12","49","45","11","2","0","0","5","4","2","8","1","1","1",".249",".298",".334",".633",".279","0.3","0.0","0.0","10822"
"Cameron Rupp","Phillies","76","320","292","64","12","1","9","29","32","23","89","3","1","1",".220",".282",".359",".641",".279","1.9","-0.5","0.8","11146"
"Mike Zunino","Mariners","12","51","47","10","2","0","2","5","6","3","16","1","0","0",".208",".264",".376",".641",".279","0.0","0.0","0.1","13265"
"Geovany Soto","Angels","50","211","191","40","9","0","6","20","22","17","60","1","1","1",".212",".279",".352",".631",".279","0.1","-0.7","0.5","3707"
"Kevin Plawecki","Mets","30","128","117","28","5","0","2","12","12","7","22","2","0","0",".238",".292",".344",".636",".279","0.2","0.0","0.4","13807"
"Nick Ahmed","Diamondbacks","75","315","291","70","13","3","4","30","27","18","53","2","6","3",".241",".287",".351",".638",".279","4.3","0.2","0.6","12147"
"Tucker Barnhart","Reds","38","160","143","34","6","1","2","13","13","13","27","1","0","0",".240",".306",".328",".634",".279","1.1","-0.1","0.4","10200"
"Brian Goodwin","Nationals","2","7","6","1","0","0","0","1","1","1","2","0","0","0",".224",".292",".336",".629",".278","0.0","0.0","0.0","sa501964"
"Mike Aviles","Tigers","50","210","195","48","9","0","4","23","20","10","26","1","4","2",".248",".284",".353",".637",".278","-0.7","-0.1","0.0","5986"
"Hanser Alberto","Rangers","30","126","120","31","5","1","1","12","11","3","14","1","2","2",".261",".284",".357",".641",".278","0.9","-0.1","0.1","11902"
"Wilmer Difo","Nationals","18","77","72","18","3","1","1","7","7","3","15","1","3","1",".250",".284",".355",".639",".278","0.1","0.2","0.1","14320"
"JaCoby Jones","Tigers","2","7","6","1","0","0","0","1","1","0","2","0","0","0",".225",".274",".363",".637",".278","0.0","0.0","0.0","sa549406"
"Gordon Beckham","Braves","83","348","319","75","17","0","6","33","31","21","57","4","2","1",".236",".287",".347",".634",".278","0.1","-0.1","0.1","9015"
"Paulo Orlando","Royals","75","315","295","74","12","3","4","31","28","12","60","2","9","3",".250",".283",".356",".639",".278","3.1","0.6","0.0","8628"
"Christian Bethancourt","Padres","23","96","91","22","5","0","2","9","9","4","18","0","2","1",".247",".276",".367",".644",".277","0.4","0.0","0.3","10028"
"Mason Williams","Yankees","3","14","13","3","1","0","0","1","1","1","2","0","0","0",".240",".293",".338",".631",".277","0.2","0.0","0.0","11859"
"Ryan Brett","Rays","2","7","7","2","0","0","0","1","1","0","1","0","0","0",".246",".283",".351",".634",".277","0.0","0.0","0.0","12138"
"Shawn O'Malley","Mariners","18","77","69","17","2","1","1","8","6","5","15","1","3","1",".243",".299",".326",".624",".277","-0.6","0.1","0.0","9629"
"Deven Marrero","Red Sox","12","49","45","11","2","0","1","5","4","3","11","0","1","1",".241",".293",".332",".625",".276","0.0","0.0","0.0","13325"
"Kyle Kubitza","Angels","12","49","44","9","2","0","1","5","4","4","15","0","1","0",".215",".290",".334",".624",".276","0.0","0.0","0.0","12148"
"Hernan Perez","Brewers","12","49","46","12","2","0","1","4","4","2","8","0","1","0",".255",".282",".353",".636",".276","0.1","0.1","0.0","5751"
"Tyler Heineman","Astros","8","32","29","7","2","0","0","3","3","2","4","1","0","0",".236",".289",".334",".623",".276","0.2","0.0","0.1","sa658108"
"Omar Infante","Royals","108","455","430","109","20","4","5","42","44","17","60","1","5","2",".253",".281",".353",".635",".275","0.4","0.1","0.1","1609"
"Carlos Sanchez","White Sox","23","98","91","22","4","0","1","9","8","5","19","1","2","1",".246",".289",".335",".624",".275","0.5","-0.1","0.1","11602"
"Eric Sogard","Athletics","40","168","153","38","6","1","1","17","14","11","21","1","3","1",".246",".300",".320",".620",".275","0.4","0.2","0.2","7927"
"Max Moroff","Pirates","2","7","6","1","0","0","0","1","1","1","2","0","0","0",".233",".295",".326",".620",".275","0.0","0.0","0.0","sa658280"
"Nick Williams"," ","25","105","95","21","4","1","2","10","9","7","26","1","1","1",".222",".282",".343",".626",".275","0.0","0.0","-0.2","sa829392"
"Tyler White"," ","25","105","95","21","4","1","2","10","9","7","26","1","1","1",".222",".282",".343",".626",".275","0.0","0.0","-0.2","sa549467"
"Rafael Ortega","Angels","13","56","51","12","2","0","0","5","4","4","10","0","2","1",".237",".299",".319",".618",".275","1.1","0.0","0.1","10323"
"Ramon Torres","Royals","2","7","7","2","0","0","0","1","1","0","1","0","0","0",".255",".285",".342",".628",".275","0.0","0.0","0.0","sa547940"
"Daniel Fields","White Sox","3","14","13","3","1","0","0","1","1","1","4","0","0","0",".214",".285",".336",".621",".275","-0.1","0.0","0.0","10390"
"Ehire Adrianza","Giants","35","147","131","30","6","1","1","13","11","11","29","2","3","1",".230",".297",".317",".614",".274","0.8","0.0","0.2","8418"
"Josh Thole","Blue Jays","30","128","116","28","5","0","1","11","10","10","21","1","1","1",".239",".300",".316",".615",".274","-1.6","-0.4","0.0","9689"
"Martin Maldonado","Brewers","44","186","167","37","7","0","4","16","19","15","46","2","1","1",".219",".287",".338",".625",".274","1.6","-0.3","0.4","6887"
"Eric Young","Brewers","7","28","25","6","1","0","0","3","2","2","5","0","2","1",".232",".299",".317",".616",".274","0.0","0.2","0.0","7158"
"Carlos Perez","Angels","99","416","382","90","20","1","6","39","39","26","71","2","3","1",".235",".285",".336",".621",".274","2.5","-0.1","1.3","10642"
"Sam Fuld","Athletics","22","91","81","18","4","1","1","9","7","8","15","0","3","1",".221",".295",".320",".615",".274","0.5","0.2","0.0","8254"
"Tim Beckham","Rays","57","238","218","50","9","2","4","23","23","14","62","2","4","2",".231",".279",".345",".624",".273","-1.5","-0.2","0.1","7949"
"Bryan Holaday","Tigers","8","32","30","7","1","0","0","3","3","1","6","0","0","0",".239",".278",".346",".624",".273","0.0","0.0","0.0","11287"
"Pedro Severino","Nationals","5","19","18","4","1","0","0","2","2","1","4","0","0","0",".240",".278",".346",".624",".273","0.1","0.0","0.0","14523"
"Rob Brantly","Mariners","3","13","12","3","1","0","0","1","1","1","2","0","0","0",".241",".277",".349",".626",".273","-0.1","0.0","0.0","10655"
"Dixon Machado","Tigers","10","42","38","9","2","0","0","4","3","3","7","0","1","0",".241",".292",".323",".614",".273","0.2","0.0","0.0","11472"
"Anthony Recker","Indians","5","19","17","3","1","0","1","2","2","2","6","0","0","0",".198",".269",".355",".624",".273","-0.2","0.0","0.0","4063"
"Darwin Barney","Blue Jays","42","175","161","38","8","0","2","17","16","9","24","2","2","1",".238",".286",".334",".620",".272","1.3","0.2","0.2","2430"
"Kelby Tomlinson","Giants","47","196","179","44","6","2","1","18","15","13","39","1","7","4",".244",".296",".314",".610",".272","-0.7","0.2","0.1","13005"
"Miguel Rojas","Marlins","35","147","135","33","5","1","1","13","12","8","18","1","2","1",".246",".292",".327",".619",".272","0.8","-0.3","0.1","7802"
"Joaquin Arias","Diamondbacks","3","14","13","3","1","0","0","1","1","0","2","0","0","0",".255",".279",".348",".626",".271","-0.1","0.0","0.0","3817"
"Ryan Goins","Blue Jays","100","420","384","91","18","3","4","39","38","25","86","1","3","2",".238",".285",".330",".615",".271","2.3","-0.3","0.2","9807"
"Jorge Bonifacio","Royals","3","14","13","3","1","0","0","1","1","1","3","0","0","0",".224",".273",".345",".617",".271","0.0","0.0","0.0","sa547943"
"Daniel Castro","Braves","15","63","59","15","2","0","1","6","5","2","7","0","1","0",".256",".285",".333",".618",".271","0.0","0.0","0.0","15450"
"Chris Stewart","Pirates","35","147","134","33","6","0","1","11","11","8","24","2","1","1",".245",".297",".309",".607",".270","0.3","-0.2","0.3","3878"
"Cliff Pennington","Angels","48","203","179","41","7","1","2","19","15","18","40","2","4","1",".227",".302",".303",".605",".270","0.6","0.3","0.3","3395"
"Tyler Holt","Reds","2","7","6","1","0","0","0","1","0","1","1","0","0","0",".236",".302",".297",".600",".270","0.0","0.0","0.0","11391"
"Tomas Telis","Marlins","8","32","30","8","1","0","0","3","3","1","4","0","0","0",".252",".283",".338",".621",".270","0.1","0.0","0.0","10067"
"Jake Cave","Reds","22","91","84","20","4","1","1","8","7","5","21","1","2","1",".234",".283",".329",".612",".270","0.0","0.1","-0.1","sa597983"
"Chris Herrmann","Diamondbacks","30","128","116","25","5","1","2","12","12","9","32","1","1","1",".219",".280",".334",".614",".270","-0.3","0.0","0.1","9284"
"Tony Wolters","Rockies","1","6","6","1","0","0","0","1","1","0","2","0","0","0",".235",".293",".312",".605",".270","0.1","0.0","0.0","sa548197"
"Alexi Amarista","Padres","38","161","147","34","6","1","2","15","15","10","24","1","3","1",".234",".283",".338",".621",".270","-1.0","0.3","0.0","9063"
"Alfredo Gonzalez","Astros","15","64","58","14","2","0","1","6","5","5","14","1","1","1",".236",".297",".303",".600",".269","0.2","0.0","0.1","sa505301"
"A.J. Jimenez","Blue Jays","8","32","30","7","2","0","0","3","3","2","6","0","0","0",".237",".275",".340",".616",".269","0.2","0.0","0.1","sa454887"
"Bubba Starling","Royals","5","21","19","4","1","0","0","2","2","1","6","0","0","0",".219",".270",".345",".615",".269","-0.1","0.0","0.0","sa597751"
"Munenori Kawasaki","Cubs","7","28","25","6","1","0","0","2","2","2","5","0","0","0",".235",".303",".292",".596",".269","0.0","0.0","0.0","13047"
"Max Stassi","Astros","23","96","88","19","4","0","3","10","10","5","28","1","0","0",".215",".264",".354",".618",".269","0.3","0.0","0.2","10059"
"Juan Duran","Reds","2","7","7","1","0","0","0","1","1","0","3","0","0","0",".209",".252",".368",".620",".269","0.0","0.0","0.0","sa503255"
"Emilio Bonifacio","Braves","25","103","95","23","4","1","1","10","7","6","23","0","5","2",".242",".291",".316",".607",".268","-0.6","0.4","-0.1","4054"
"Carson Blair","Athletics","8","32","29","6","1","0","1","3","3","3","12","0","0","0",".194",".273",".330",".603",".268","-0.2","0.0","0.0","5429"
"Ichiro Suzuki","Marlins","45","187","173","43","5","2","1","18","13","11","26","0","5","2",".250",".293",".313",".606",".267","0.2","0.1","-0.2","1101"
"Jacob May","White Sox","2","7","6","2","0","0","0","1","1","0","2","0","0","0",".236",".279",".326",".605",".267","0.0","0.0","0.0","sa550097"
"Matt Reynolds","Mets","22","91","84","19","4","1","1","9","8","5","20","1","2","1",".229",".278",".326",".604",".267","0.4","0.1","0.1","sa579039"
"Leury Garcia","White Sox","18","77","72","17","3","1","1","8","6","4","18","0","4","2",".242",".280",".325",".605",".266","-0.4","0.2","-0.1","5913"
"Craig Gentry","Angels","72","301","273","64","9","2","2","30","21","19","61","4","13","4",".235",".291",".306",".598",".266","4.1","1.3","0.2","9571"
"Raul Mondesi","Royals","12","49","46","11","2","1","1","5","5","2","12","0","2","1",".233",".264",".347",".611",".265","0.0","0.0","0.0","sa659237"
"Andrew Romine","Tigers","33","140","128","31","4","0","1","14","10","8","29","1","5","2",".240",".290",".308",".598",".265","1.2","0.1","-0.1","1159"
"Charlie Culberson","Dodgers","2","7","7","1","0","0","0","1","1","0","2","0","0","0",".224",".258",".355",".613",".264","0.0","0.0","0.0","3298"
"Gabriel Guerrero","Diamondbacks","12","50","48","11","2","0","1","5","5","2","13","0","1","0",".232",".260",".347",".608",".264","0.1","0.0","-0.1","sa596948"
"Erik Gonzalez","Indians","2","7","7","2","0","0","0","1","1","0","2","0","0","0",".234",".264",".339",".603",".263","0.0","0.0","0.0","sa506001"
"Jose Rondon","Padres","3","14","13","3","1","0","0","1","1","1","2","0","0","0",".241",".282",".315",".596",".263","0.1","0.0","0.0","sa597500"
"Tyler Ladendorf","Athletics","5","21","19","4","1","0","0","2","2","1","4","0","0","0",".219",".277",".313",".590",".262","-0.2","0.0","0.0","3211"
"Luke Maile","Rays","6","26","23","5","1","0","0","2","2","2","5","0","0","0",".221",".277",".311",".588",".262","0.1","0.0","0.0","13355"
"Rene Rivera","Rays","53","224","207","45","10","1","4","18","22","12","55","2","1","1",".217",".263",".334",".598",".261","1.6","-0.5","0.4","3648"
"Oscar Hernandez","Diamondbacks","1","6","6","1","0","0","0","1","1","0","2","0","0","0",".222",".265",".329",".594",".261","0.0","0.0","0.0","13490"
"Kaleb Cowart","Angels","10","42","38","8","2","0","1","4","4","3","11","0","1","0",".215",".274",".315",".589",".260","0.1","0.0","0.0","11494"
"Pete Kozma","Yankees","27","112","101","22","4","0","1","11","9","8","21","1","2","1",".217",".280",".307",".587",".259","0.5","0.0","-0.1","2539"
"Tony Cruz","Royals","18","77","72","16","4","0","1","6","7","4","16","0","0","0",".225",".266",".324",".590",".258","-0.6","-0.2","-0.1","2802"
"Kyle Skipworth","Reds","11","45","41","7","1","0","2","4","5","2","19","1","0","0",".182",".239",".353",".592",".258","-0.2","0.0","0.0","5298"
"Jonathan Herrera"," ","50","210","194","46","7","1","2","21","18","10","37","1","3","2",".237",".277",".311",".588",".258","-1.8","-0.3","-0.4","4182"
"Austin Hedges","Padres","38","160","148","33","7","0","3","14","15","8","33","1","1","1",".220",".262",".328",".591",".258","1.7","-0.1","0.3","12976"
"Pedro Florimon","Pirates","42","175","160","34","7","1","2","16","15","12","48","1","6","2",".213",".270",".314",".584",".258","0.1","0.5","0.0","8385"
"John Hicks","Twins","8","32","30","7","1","0","0","3","3","1","8","0","1","0",".226",".263",".323",".586",".257","0.3","0.0","0.0","12547"
"Yadiel Rivera","Brewers","10","42","39","9","1","0","0","4","3","2","9","0","1","1",".229",".267",".315",".582",".256","0.1","-0.1","-0.1","11863"
"Trevor Brown","Giants","8","32","30","7","1","0","0","3","2","2","6","0","0","0",".228",".272",".299",".572",".254","-0.1","0.0","0.0","13895"
"Tuffy Gosewisch","Diamondbacks","15","64","60","13","3","0","1","5","6","3","12","0","1","0",".221",".257",".320",".577",".253","0.5","-0.1","0.0","5277"
"Drew Butera","Royals","8","32","29","6","1","0","0","3","2","2","7","0","0","0",".205",".263",".302",".565",".251","0.0","0.0","0.0","3411"
"Luis Sardinas","Mariners","38","161","152","36","6","1","0","14","11","6","27","1","4","2",".238",".270",".298",".568",".250","-0.7","0.2","-0.2","13153"
"Paul Janish","Orioles","40","168","154","35","6","1","1","14","11","10","27","1","1","1",".224",".274",".285",".559",".250","0.7","-0.3","-0.3","7412"
"Gift Ngoepe","Pirates","20","84","76","15","3","1","1","7","6","6","26","1","1","1",".200",".265",".294",".558",".249","0.5","-0.1","-0.1","sa503029"
"Alex Yarbrough","Angels","5","21","20","5","1","0","0","2","2","1","5","0","0","0",".229",".259",".310",".569",".249","-0.1","0.0","0.0","sa621579"
"David Ross","Cubs","27","115","102","19","5","0","3","8","10","11","40","0","1","0",".187",".267",".314",".581",".249","0.9","-0.1","0.0","1551"
"Terrance Gore","Royals","2","7","6","1","0","0","0","1","0","0","2","0","1","0",".219",".278",".264",".542",".246","0.0","0.1","0.0","13658"
"Justin O'Conner","Rays","1","6","6","1","0","0","0","1","1","0","2","0","0","0",".208",".236",".328",".563",".245","0.0","0.0","0.0","sa548314"
"Jeff Mathis","Marlins","38","160","146","29","6","1","3","12","15","11","46","0","0","0",".196",".251",".306",".557",".242","0.9","-0.2","-0.1","3448"
