Rk,Name,Age,Tm,Yrs,G,GS,Batting,Defense,P,C,1B,2B,3B,SS,LF,CF,RF,OF,DH,PH,PR
1,David Aardsma,33,ATL,9,33,0,30,33,33,0,0,0,0,0,0,0,0,0,0,0,0
2,Fernando Abad,29,OAK,6,62,0,4,62,62,0,0,0,0,0,0,0,0,0,0,0,0
3,Jose Abreu,28,CHW,2,154,154,154,115,0,0,115,0,0,0,0,0,0,0,39,0,0
4,A.J. Achter,26,MIN,2,11,0,1,11,11,0,0,0,0,0,0,0,0,0,0,0,0
5,Dustin Ackley,27,2TM,5,108,67,108,96,0,0,4,10,0,0,67,21,2,82,4,19,7
6,Cristhian Adames,23,COL,2,26,13,26,15,0,0,0,2,0,13,0,0,0,0,0,11,1
7,Austin Adams,28,CLE,2,28,0,3,28,28,0,0,0,0,0,0,0,0,0,0,0,0
8,Matt Adams,26,STL,4,60,42,60,46,0,0,46,0,0,0,0,0,0,0,0,16,0
9,Nathan Adcock,27,CIN,4,13,0,12,13,13,0,0,0,0,0,0,0,0,0,0,0,0
10,Ehire Adrianza,25,SFG,3,52,31,52,42,0,0,1,20,1,20,0,0,0,0,0,12,0
11,Jeremy Affeldt,36,SFG,14,52,0,47,52,52,0,0,0,0,0,0,0,0,0,0,0,0
12,Jesus Aguilar,25,CLE,2,7,5,7,4,0,0,4,0,0,0,0,0,0,0,3,2,0
13,Nick Ahmed,25,ARI,2,134,116,134,129,0,0,0,0,0,129,0,0,0,0,0,6,3
14,Andrew Albers,29,TOR,2,1,0,0,1,1,0,0,0,0,0,0,0,0,0,0,0,0
15,Matt Albers,32,CHW,10,30,0,0,30,30,0,0,0,0,0,0,0,0,0,0,0,0
16,Hanser Alberto,22,TEX,1st,41,26,41,36,0,0,0,24,7,8,0,0,0,0,4,3,4
17,Al Alburquerque,29,DET,5,67,0,6,67,67,0,0,0,0,0,0,0,0,0,0,0,0
18,Arismendy Alcantara,23,CHC,2,11,7,11,9,0,0,0,8,2,0,0,0,0,0,0,4,0
19,Scott Alexander,25,KCR,1st,4,0,0,4,4,0,0,0,0,0,0,0,0,0,0,0,0
20,Cody Allen,26,CLE,4,70,0,4,70,70,0,0,0,0,0,0,0,0,0,0,0,0
21,Abraham Almonte,26,2TM,3,82,59,82,64,0,0,0,0,0,0,6,56,2,64,1,18,2
22,Miguel Almonte,22,KCR,1st,9,0,1,9,9,0,0,0,0,0,0,0,0,0,0,0,0
23,Yonder Alonso,28,SDP,6,103,94,103,102,0,0,102,0,2,0,0,0,0,0,0,4,0
24,Aaron Altherr,24,PHI,2,39,35,39,37,0,0,0,0,0,0,23,8,11,37,0,2,0
25,Jose Altuve,25,HOU,5,154,154,154,153,0,0,0,153,0,0,0,0,0,0,1,0,0
26,Dariel Alvarez,26,BAL,1st,12,10,12,12,0,0,0,0,0,0,0,1,12,12,0,0,0
27,Dario Alvarez,26,NYM,2,6,0,6,6,6,0,0,0,0,0,0,0,0,0,0,0,0
28,Henderson Alvarez,25,MIA,5,4,4,4,4,4,0,0,0,0,0,0,0,0,0,0,0,0
29,Jose Alvarez,26,LAA,3,64,0,3,64,64,0,0,0,0,0,0,0,0,0,0,0,0
30,Pedro Alvarez,28,PIT,6,150,124,150,124,0,0,124,0,0,0,0,0,0,0,5,24,0
31,R.J. Alvarez,24,OAK,2,21,0,0,21,21,0,0,0,0,0,0,0,0,0,0,0,0
32,Alexi Amarista,26,SDP,5,118,87,118,105,1,0,0,11,2,85,11,7,0,18,0,22,1
33,Brett Anderson,27,LAD,7,31,31,29,31,31,0,0,0,0,0,0,0,0,0,0,0,0
34,Bryan Anderson,28,OAK,5,4,2,4,3,0,3,0,0,0,0,0,0,0,0,0,1,0
35,Chase Anderson,27,ARI,2,28,27,28,27,27,0,0,0,0,0,0,0,0,0,0,1,0
36,Cody Anderson,24,CLE,1st,15,15,2,15,15,0,0,0,0,0,0,0,0,0,0,0,0
37,Matt Andriese,25,TBR,1st,25,8,2,25,25,0,0,0,0,0,0,0,0,0,0,0,0
38,Elvis Andrus,26,TEX,7,160,159,160,160,0,0,0,0,0,160,0,0,0,0,0,0,0
39,Dean Anna,28,STL,2,1,0,1,0,0,0,0,0,0,0,0,0,0,0,0,1,0
40,Nori Aoki,33,SFG,4,93,86,93,88,0,0,0,0,0,0,87,0,2,88,1,6,0
41,Elvis Araujo,23,PHI,1st,40,0,36,40,40,0,0,0,0,0,0,0,0,0,0,0,0
42,Chris Archer,26,TBR,4,34,34,2,34,34,0,0,0,0,0,0,0,0,0,0,0,0
43,Oswaldo Arcia,24,MIN,3,19,18,19,19,0,0,0,0,0,0,15,0,4,19,0,1,0
44,Nolan Arenado,24,COL,3,157,156,157,157,0,0,0,0,157,0,0,0,0,0,0,1,0
45,J.P. Arencibia,29,TBR,6,24,19,24,23,0,23,0,0,0,0,0,0,0,0,1,4,0
46,Joaquin Arias,30,SFG,8,40,9,40,20,0,0,2,2,8,8,0,0,0,0,1,20,2
47,Shawn Armstrong,24,CLE,1st,8,0,0,8,8,0,0,0,0,0,0,0,0,0,0,0,0
48,Jonathan Aro,24,BOS,1st,6,0,0,6,6,0,0,0,0,0,0,0,0,0,0,0,0
49,Jake Arrieta,29,CHC,6,33,33,30,33,33,0,0,0,0,0,0,0,0,0,0,0,0
50,Cody Asche,25,PHI,3,129,112,129,114,0,0,0,0,51,0,63,0,0,63,0,15,0
51,Alec Asher,23,PHI,1st,7,7,6,7,7,0,0,0,0,0,0,0,0,0,0,0,0
52,Nevin Ashley,30,MIL,1st,12,5,12,8,0,8,0,0,0,0,0,0,0,0,0,4,0
53,Scott Atchison,39,CLE,9,23,0,0,23,23,0,0,0,0,0,0,0,0,0,0,0,0
54,Phillippe Aumont,26,PHI,4,1,1,1,1,1,0,0,0,0,0,0,0,0,0,0,0,0
55,Alex Avila,28,DET,7,67,56,67,65,0,44,23,0,0,0,0,0,0,0,1,4,0
56,Luis Avilan,25,2TM,4,73,0,66,73,73,0,0,0,0,0,0,0,0,0,0,0,0
57,Mike Aviles,34,CLE,8,98,79,98,91,0,0,0,11,28,23,34,5,1,39,2,10,4
58,Dylan Axelrod,29,CIN,5,6,0,6,6,6,0,0,0,0,0,0,0,0,0,0,0,0
59,John Axford,32,COL,7,60,0,57,60,60,0,0,0,0,0,0,0,0,0,0,0,0
60,Erick Aybar,31,LAA,10,156,154,156,154,0,0,0,0,0,154,0,0,0,0,1,2,0
61,Burke Badenhop,32,CIN,8,68,0,63,68,68,0,0,0,0,0,0,0,0,0,0,0,0
62,Javier Baez,22,CHC,2,28,16,28,26,0,0,1,17,11,8,0,0,0,0,0,6,0
63,Pedro Baez,27,LAD,2,52,0,48,52,52,0,0,0,0,0,0,0,0,0,0,0,0
64,Andrew Bailey,31,NYY,6,10,0,1,10,10,0,0,0,0,0,0,0,0,0,0,0,0
65,Homer Bailey,29,CIN,9,2,2,2,2,2,0,0,0,0,0,0,0,0,0,0,0,0
66,Jeff Baker,34,MIA,11,41,16,41,20,0,0,17,1,1,0,1,0,0,1,1,23,0
67,Scott Baker,33,LAD,10,2,2,2,2,2,0,0,0,0,0,0,0,0,0,0,0,0
68,Collin Balester,29,CIN,6,15,0,15,15,15,0,0,0,0,0,0,0,0,0,0,0,0
69,Grant Balfour,37,TBR,12,6,0,1,6,6,0,0,0,0,0,0,0,0,0,0,0,0
70,Jett Bandy,25,LAA,1st,2,0,2,1,0,1,0,0,0,0,0,0,0,0,0,1,0
71,Manny Banuelos,24,ATL,1st,7,6,7,7,7,0,0,0,0,0,0,0,0,0,0,0,0
72,Clint Barmes,36,SDP,13,98,51,98,89,0,0,1,0,0,89,0,0,0,0,0,26,3
73,Austin Barnes,25,LAD,1st,20,8,20,13,0,11,0,1,1,0,0,0,0,0,0,6,3
74,Brandon Barnes,29,COL,4,106,67,106,97,0,0,0,0,0,0,75,11,21,97,0,13,3
75,Matt Barnes,25,BOS,2,32,2,0,32,32,0,0,0,0,0,0,0,0,0,0,0,0
76,Darwin Barney,29,2TM,6,17,7,17,17,0,0,0,15,1,1,0,0,0,0,0,0,1
77,Tucker Barnhart,24,CIN,2,81,67,81,74,0,73,0,0,0,0,0,0,1,1,0,9,0
78,Steven Baron,24,SEA,1st,4,4,4,4,0,4,0,0,0,0,0,0,0,0,0,0,0
79,Kyle Barraclough,25,MIA,1st,25,0,24,25,25,0,0,0,0,0,0,0,0,0,0,0,0
80,Aaron Barrett,27,WSN,2,40,0,37,40,40,0,0,0,0,0,0,0,0,0,0,0,0
81,Yhonathan Barrios,23,MIL,1st,5,0,5,5,5,0,0,0,0,0,0,0,0,0,0,0,0
82,Anthony Bass,27,TEX,5,33,0,2,33,33,0,0,0,0,0,0,0,0,0,0,0,0
83,Chris Bassitt,26,OAK,2,18,13,1,18,18,0,0,0,0,0,0,0,0,0,0,0,0
84,Antonio Bastardo,29,PIT,7,66,0,61,66,66,0,0,0,0,0,0,0,0,0,0,0,0
85,Trevor Bauer,24,CLE,4,31,30,3,31,31,0,0,0,0,0,0,0,0,0,0,0,0
86,Jose Bautista,34,TOR,12,153,151,153,118,0,0,0,0,0,0,0,0,118,118,33,2,0
87,Mike Baxter,30,CHC,6,34,10,34,13,0,0,2,0,0,0,1,0,10,11,1,23,0
88,Brandon Beachy,28,LAD,5,2,2,2,2,2,0,0,0,0,0,0,0,0,0,0,0,0
89,Chris Beck,24,CHW,1st,1,1,0,1,1,0,0,0,0,0,0,0,0,0,0,0,0
90,Gordon Beckham,28,CHW,7,100,50,100,90,0,0,0,11,76,5,0,0,0,0,2,17,6
91,Tim Beckham,25,TBR,2,82,51,82,64,0,0,0,38,1,28,0,0,0,0,12,16,7
92,Cam Bedrosian,23,LAA,2,34,0,1,34,34,0,0,0,0,0,0,0,0,0,0,0,0
93,Dallas Beeler,26,CHC,2,3,3,3,3,3,0,0,0,0,0,0,0,0,0,0,0,0
94,Joe Beimel,38,SEA,13,53,0,3,53,53,0,0,0,0,0,0,0,0,0,0,0,0
95,Ronald Belisario,32,TBR,6,6,0,1,6,6,0,0,0,0,0,0,0,0,0,0,0,0
96,Matt Belisle,35,STL,12,34,0,32,34,34,0,0,0,0,0,0,0,0,0,0,0,0
97,Jeff Beliveau,28,TBR,4,5,0,2,5,5,0,0,0,0,0,0,0,0,0,0,0,0
98,Andrew Bellatti,23,TBR,1st,17,0,0,17,17,0,0,0,0,0,0,0,0,0,0,0,0
99,Brandon Belt,27,SFG,5,137,130,137,131,0,0,120,0,0,0,14,0,0,14,0,6,0
100,Carlos Beltran,38,NYY,18,133,128,133,123,0,0,0,0,0,0,0,0,123,123,8,4,0
101,Adrian Beltre,36,TEX,18,143,143,143,142,0,0,0,0,142,0,0,0,0,0,1,0,0
102,Joaquin Benoit,37,SDP,14,67,0,62,67,67,0,0,0,0,0,0,0,0,0,0,0,0
103,Christian Bergman,27,COL,2,30,4,29,30,30,0,0,0,0,0,0,0,0,0,0,0,0
104,Doug Bernier,35,MIN,4,4,1,4,4,0,0,0,2,2,0,0,0,0,0,0,1,0
105,Quintin Berry,30,CHC,4,8,0,8,5,0,0,0,0,0,0,2,2,1,5,0,1,7
106,Dellin Betances,27,NYY,4,74,0,4,74,74,0,0,0,0,0,0,0,0,0,0,0,0
107,Rafael Betancourt,40,COL,12,45,0,44,45,45,0,0,0,0,0,0,0,0,0,0,0,0
108,Christian Bethancourt,23,ATL,3,48,41,48,42,0,42,0,0,0,0,0,0,0,0,0,3,3
109,Chad Bettis,26,COL,3,20,20,17,20,20,0,0,0,0,0,0,0,0,0,0,0,0
110,Mookie Betts,22,BOS,2,145,141,145,144,0,0,0,0,0,0,0,133,11,144,1,1,2
111,Jeff Bianchi,28,BOS,4,3,0,3,3,0,0,0,0,2,1,0,0,0,0,0,0,1
112,Chad Billingsley,30,PHI,9,7,7,7,7,7,0,0,0,0,0,0,0,0,0,0,0,0
113,Gregory Bird,22,NYY,1st,46,42,46,46,0,0,46,0,0,0,0,0,0,0,0,1,1
114,Charlie Blackmon,28,COL,5,157,146,157,155,0,0,0,0,0,0,14,147,7,155,0,4,0
115,Carson Blair,25,OAK,1st,11,9,11,11,0,11,0,0,0,0,0,0,0,0,0,0,0
116,Andres Blanco,31,PHI,8,106,47,106,66,0,0,1,22,36,10,0,0,0,0,0,42,3
117,Gregor Blanco,31,SFG,7,115,78,115,93,0,0,0,0,0,0,38,44,23,93,0,29,2
118,Kyle Blanks,28,TEX,7,18,17,18,16,0,0,13,0,0,0,3,0,0,3,1,1,0
119,Joe Blanton,34,2TM,11,36,4,22,36,36,0,0,0,0,0,0,0,0,0,0,0,0
120,Michael Blazek,26,MIL,2,45,0,42,45,45,0,0,0,0,0,0,0,0,0,0,0,0
121,Jerry Blevins,31,NYM,9,7,0,7,7,7,0,0,0,0,0,0,0,0,0,0,0,0
122,Willie Bloomquist,37,SEA,14,35,16,35,28,0,0,3,8,5,7,5,0,2,7,0,9,4
123,Brett Bochy,27,SFG,2,4,0,4,4,4,0,0,0,0,0,0,0,0,0,0,0,0
124,Brennan Boesch,30,CIN,6,51,15,51,23,0,0,0,0,0,0,8,8,8,23,1,27,1
125,Xander Bogaerts,22,BOS,3,156,154,156,156,0,0,0,0,0,156,0,0,0,0,0,0,1
126,Brian Bogusevic,31,PHI,5,22,14,22,16,0,0,0,0,0,0,2,0,14,16,0,6,0
127,Mike Bolsinger,27,LAD,2,21,21,21,21,21,0,0,0,0,0,0,0,0,0,0,0,0
128,Emilio Bonifacio,30,CHW,9,47,15,47,22,0,0,0,17,1,0,2,3,0,5,9,20,8
129,Justin Bour,27,MIA,2,129,102,129,111,0,0,111,0,0,0,0,0,0,0,1,23,0
130,Jason Bourgeois,33,CIN,8,68,40,68,48,0,0,0,0,0,0,18,35,6,48,0,23,1
131,Peter Bourjos,28,STL,6,117,41,117,93,0,0,0,0,0,0,0,93,0,93,0,33,17
132,Michael Bourn,32,2TM,10,141,115,141,131,0,0,0,0,0,0,29,106,3,131,1,14,3
133,Brad Boxberger,27,TBR,4,69,0,7,69,69,0,0,0,0,0,0,0,0,0,0,0,0
134,Matt Boyd,24,2TM,1st,13,12,1,13,13,0,0,0,0,0,0,0,0,0,0,0,0
135,Blaine Boyer,33,MIN,9,68,0,7,68,68,0,0,0,0,0,0,0,0,0,0,0,0
136,Brad Brach,29,BAL,5,62,0,5,62,62,0,0,0,0,0,0,0,0,0,0,0,0
137,Silvino Bracho,22,ARI,1st,13,0,13,13,13,0,0,0,0,0,0,0,0,0,0,0,0
138,Archie Bradley,22,ARI,1st,8,8,8,8,8,0,0,0,0,0,0,0,0,0,0,0,0
139,Jackie Bradley Jr.,25,BOS,3,74,66,74,73,0,0,0,0,0,0,17,27,32,73,0,1,0
140,Michael Brantley,28,CLE,7,137,135,137,118,0,0,0,0,0,0,101,28,0,118,18,2,0
141,Rob Brantly,25,CHW,3,14,9,14,14,0,14,0,0,0,0,0,0,0,0,0,2,0
142,Ryan Braun,31,MIL,9,140,132,140,130,0,0,0,0,0,0,0,0,130,130,4,8,0
143,Craig Breslow,34,BOS,10,45,2,4,45,45,0,0,0,0,0,0,0,0,0,0,0,0
144,Ryan Brett,23,TBR,1st,3,1,3,3,0,0,0,3,0,0,0,0,0,0,0,1,0
145,Jake Brigham,27,ATL,1st,12,0,12,12,12,0,0,0,0,0,0,0,0,0,0,0,0
146,Reid Brignac,29,MIA,8,17,1,17,2,0,0,0,0,2,0,0,0,0,0,0,13,2
147,Socrates Brito,22,ARI,1st,18,5,18,7,0,0,0,0,0,0,1,1,5,7,0,9,3
148,Zach Britton,27,BAL,5,64,0,2,64,64,0,0,0,0,0,0,0,0,0,0,0,0
149,Michael Broadway,28,SFG,1st,21,0,21,21,21,0,0,0,0,0,0,0,0,0,0,0,0
150,Aaron Brooks,25,2TM,2,13,9,1,13,13,0,0,0,0,0,0,0,0,0,0,0,0
151,Rex Brothers,27,COL,5,17,0,16,17,17,0,0,0,0,0,0,0,0,0,0,0,0
152,Brooks Brown,30,COL,2,36,0,35,36,36,0,0,0,0,0,0,0,0,0,0,0,0
153,Domonic Brown,27,PHI,6,63,47,63,50,0,0,0,0,0,0,0,0,50,50,0,14,0
154,Trevor Brown,23,SFG,1st,13,12,13,13,0,13,0,0,0,0,0,0,0,0,0,0,0
155,Jonathan Broxton,31,2TM,11,66,0,62,66,66,0,0,0,0,0,0,0,0,0,0,0,0
156,Keon Broxton,25,PIT,1st,7,0,7,2,0,0,0,0,0,0,1,1,1,2,0,0,6
157,Jay Bruce,28,CIN,8,157,152,157,150,0,0,0,0,0,0,0,0,150,150,2,5,0
158,Kris Bryant,23,CHC,1st,151,148,151,150,0,0,1,0,144,0,8,7,7,19,1,3,0
159,David Buchanan,26,PHI,2,15,15,15,15,15,0,0,0,0,0,0,0,0,0,0,0,0
160,Jake Buchanan,25,HOU,2,5,0,0,5,5,0,0,0,0,0,0,0,0,0,0,0,0
161,Clay Buchholz,30,BOS,9,18,18,2,18,18,0,0,0,0,0,0,0,0,0,0,0,0
162,Mark Buehrle,36,TOR,16,32,32,4,32,32,0,0,0,0,0,0,0,0,0,0,0,0
163,Madison Bumgarner,25,SFG,7,36,32,34,32,32,0,0,0,0,0,0,0,0,0,0,4,0
164,Danny Burawa,26,2TM,1st,13,0,12,13,13,0,0,0,0,0,0,0,0,0,0,0,0
165,Enrique Burgos,24,ARI,1st,30,0,30,30,30,0,0,0,0,0,0,0,0,0,0,0,0
166,A.J. Burnett,38,PIT,17,26,26,24,26,26,0,0,0,0,0,0,0,0,0,0,0,0
167,Billy Burns,25,OAK,2,125,118,125,125,0,0,0,0,0,0,0,125,0,125,0,4,0
168,Emmanuel Burriss,30,WSN,6,5,0,5,1,0,0,0,1,0,0,0,0,0,0,0,4,0
169,Drew Butera,31,2TM,6,55,31,55,55,0,49,8,0,0,0,0,0,0,0,0,1,0
170,Billy Butler,29,OAK,9,151,143,151,7,0,0,7,0,0,0,0,0,0,0,136,8,0
171,Eddie Butler,24,COL,2,16,16,16,16,16,0,0,0,0,0,0,0,0,0,0,0,0
172,Joey Butler,29,TBR,3,88,61,88,34,0,0,0,0,0,0,30,0,6,34,43,24,0
173,Byron Buxton,21,MIN,1st,46,35,46,44,0,0,0,0,0,0,0,44,0,44,0,0,2
174,Marlon Byrd,37,2TM,14,135,128,135,129,0,0,0,0,0,0,88,4,41,129,2,4,0
175,Cesar Cabral,26,BAL,3,2,0,0,2,2,0,0,0,0,0,0,0,0,0,0,0,0
176,Asdrubal Cabrera,29,TBR,9,143,134,143,136,0,0,0,0,0,136,0,0,0,0,4,8,0
177,Everth Cabrera,28,BAL,7,29,28,29,28,0,0,0,2,0,27,0,0,0,0,0,0,1
178,Melky Cabrera,30,CHW,11,158,158,158,150,0,0,0,0,0,0,150,0,0,150,8,0,0
179,Miguel Cabrera,32,DET,13,119,118,119,107,0,0,107,0,0,0,0,0,0,0,11,1,0
180,Ramon Cabrera,25,CIN,1st,13,6,13,8,0,8,0,0,0,0,0,0,0,0,0,6,0
181,Trevor Cahill,27,2TM,7,26,3,26,26,26,0,0,0,0,0,0,0,0,0,0,0,0
182,Lorenzo Cain,29,KCR,6,140,139,140,137,0,0,0,0,0,0,0,136,5,137,3,1,0
183,Matt Cain,30,SFG,11,13,11,12,13,13,0,0,0,0,0,0,0,0,0,0,0,0
184,Kole Calhoun,27,LAA,4,159,157,159,157,0,0,1,0,0,0,0,0,157,157,1,2,0
185,Orlando Calixte,23,KCR,1st,2,0,2,1,0,0,0,0,0,1,0,0,0,0,0,1,1
186,Alberto Callaspo,32,2TM,10,97,54,97,67,0,0,0,4,65,0,0,0,0,0,1,34,0
187,Arquimedes Caminero,28,PIT,3,73,0,67,73,73,0,0,0,0,0,0,0,0,0,0,0,0
188,Eric Campbell,28,NYM,2,71,45,71,57,0,0,5,0,48,0,4,0,0,4,0,17,1
189,Leonel Campos,27,SDP,2,1,0,1,1,1,0,0,0,0,0,0,0,0,0,0,0,0
190,Mark Canha,26,OAK,1st,124,108,124,121,0,0,75,0,1,0,58,0,3,61,2,11,0
191,Robinson Cano,32,SEA,11,156,155,156,149,0,0,0,149,0,0,0,0,0,0,6,1,0
192,Carter Capps,24,MIA,4,30,0,28,30,30,0,0,0,0,0,0,0,0,0,0,0,0
193,Chris Capuano,36,NYY,11,22,4,2,22,22,0,0,0,0,0,0,0,0,0,0,0,0
194,Buddy Carlyle,37,NYM,9,11,0,11,11,11,0,0,0,0,0,0,0,0,0,0,0,0
195,David Carpenter,27,ATL,4,4,0,4,4,4,0,0,0,0,0,0,0,0,0,0,0,0
196,David Carpenter,29,2TM,5,30,0,9,30,30,0,0,0,0,0,0,0,0,0,0,0,0
197,Matt Carpenter,29,STL,5,154,151,154,152,0,0,3,11,146,0,0,0,0,0,0,3,0
198,Carlos Carrasco,28,CLE,6,30,30,1,30,30,0,0,0,0,0,0,0,0,0,0,0,0
199,Ezequiel Carrera,28,TOR,5,91,44,91,81,0,0,0,0,0,0,46,5,35,81,2,8,9
200,Scott Carroll,30,CHW,2,18,0,1,18,18,0,0,0,0,0,0,0,0,0,0,0,0
201,Chris Carter,28,HOU,6,129,112,129,115,0,0,115,0,0,0,0,0,0,0,8,14,0
202,Curt Casali,26,TBR,2,38,33,38,37,0,37,0,0,0,0,0,0,0,0,1,2,0
203,Andrew Cashner,28,SDP,6,38,31,37,31,31,0,0,0,0,0,0,0,0,0,0,0,7
204,Santiago Casilla,34,SFG,12,67,0,64,67,67,0,0,0,0,0,0,0,0,0,0,0,0
205,Nick Castellanos,23,DET,3,154,148,154,145,0,0,0,0,145,0,0,0,0,0,7,3,0
206,Rusney Castillo,27,BOS,2,80,67,80,75,0,0,0,0,0,0,24,6,48,75,2,5,4
207,Welington Castillo,28,3TM,6,110,85,110,88,0,88,0,0,0,0,0,0,0,0,2,21,0
208,Angel Castro,32,OAK,1st,5,0,1,5,5,0,0,0,0,0,0,0,0,0,0,0,0
209,Daniel Castro,22,ATL,1st,33,21,33,25,0,0,0,12,5,10,0,0,0,0,0,8,0
210,Jason Castro,28,HOU,5,104,102,104,103,0,103,0,0,0,0,0,0,0,0,0,1,0
211,Miguel Castro,20,2TM,1st,18,0,4,18,18,0,0,0,0,0,0,0,0,0,0,0,0
212,Simon Castro,27,COL,2,11,0,11,11,11,0,0,0,0,0,0,0,0,0,0,0,0
213,Starlin Castro,25,CHC,6,151,133,151,144,0,0,0,38,0,109,0,0,0,0,0,14,0
214,Garin Cecchini,24,BOS,2,2,0,2,1,0,0,1,0,0,0,0,0,0,0,1,1,1
215,Brett Cecil,28,TOR,7,63,0,4,63,63,0,0,0,0,0,0,0,0,0,0,0,0
216,Darrell Ceciliani,25,NYM,1st,39,13,39,21,0,0,0,0,0,0,17,7,0,21,0,21,0
217,Xavier Cedeno,28,2TM,5,66,0,9,66,66,0,0,0,0,0,0,0,0,0,0,0,0
218,Juan Centeno,25,MIL,3,10,5,10,7,0,7,0,0,0,0,0,0,0,0,0,3,0
219,Francisco Cervelli,29,PIT,8,130,125,130,128,0,128,0,0,0,0,0,0,0,0,1,5,0
220,Yoenis Cespedes,29,2TM,4,159,155,159,153,0,0,0,0,0,0,134,40,0,153,3,3,0
221,Jhoulys Chacin,27,ARI,7,5,4,5,5,5,0,0,0,0,0,0,0,0,0,0,0,0
222,Andrew Chafin,25,ARI,2,66,0,61,66,66,0,0,0,0,0,0,0,0,0,0,0,0
223,Joba Chamberlain,29,2TM,9,36,0,3,36,36,0,0,0,0,0,0,0,0,0,0,0,0
224,Aroldis Chapman,27,CIN,6,65,0,62,65,65,0,0,0,0,0,0,0,0,0,0,0,0
225,Kevin Chapman,27,HOU,3,3,0,0,3,3,0,0,0,0,0,0,0,0,0,0,0,0
226,Jesse Chavez,31,OAK,8,30,26,3,30,30,0,0,0,0,0,0,0,0,0,0,0,0
227,Bruce Chen,38,CLE,17,2,2,0,2,2,0,0,0,0,0,0,0,0,0,0,0,0
228,Wei-Yin Chen,29,BAL,4,31,31,0,31,31,0,0,0,0,0,0,0,0,0,0,0,0
229,Robinson Chirinos,31,TEX,4,78,73,78,78,0,78,0,0,0,0,0,0,0,0,0,0,0
230,Lonnie Chisenhall,26,CLE,5,106,86,106,101,0,0,0,0,50,0,0,0,51,51,4,17,2
231,Randy Choate,39,STL,15,71,0,66,71,71,0,0,0,0,0,0,0,0,0,0,0,0
232,Michael Choice,25,TEX,3,1,0,1,1,0,0,0,0,0,0,0,0,1,1,0,0,0
233,Shin-Soo Choo,32,TEX,11,149,145,149,148,0,0,0,0,0,0,0,0,148,148,1,4,0
234,Tony Cingrani,25,CIN,4,35,1,33,35,35,0,0,0,0,0,0,0,0,0,0,0,0
235,Pedro Ciriaco,29,ATL,6,84,24,84,41,0,0,2,7,24,9,1,0,0,1,1,46,4
236,Steve Cishek,29,2TM,6,59,0,58,59,59,0,0,0,0,0,0,0,0,0,0,0,0
237,Alex Claudio,23,TEX,2,18,0,0,18,18,0,0,0,0,0,0,0,0,0,0,0,0
238,Steve Clevenger,29,BAL,5,30,24,30,10,0,9,1,0,0,0,0,0,0,0,18,4,0
239,Tyler Clippard,30,2TM,9,69,0,30,69,69,0,0,0,0,0,0,0,0,0,0,0,0
240,Chris Coghlan,30,CHC,7,148,119,148,133,0,0,5,15,3,0,99,0,21,119,0,26,0
241,Phil Coke,32,2TM,8,18,0,16,18,18,0,0,0,0,0,0,0,0,0,0,0,0
242,Chris Colabello,31,TOR,3,101,86,101,78,0,0,34,0,0,0,33,0,13,46,12,13,1
243,A.J. Cole,23,WSN,1st,3,1,3,3,3,0,0,0,0,0,0,0,0,0,0,0,0
244,Gerrit Cole,24,PIT,3,33,32,30,32,32,0,0,0,0,0,0,0,0,0,0,1,0
245,Dusty Coleman,28,KCR,1st,4,1,4,2,0,0,0,0,2,0,0,0,0,0,0,2,1
246,Louis Coleman,29,KCR,5,4,0,0,4,4,0,0,0,0,0,0,0,0,0,0,0,0
247,Tyler Collins,25,DET,2,60,50,60,43,0,0,0,0,0,0,37,0,7,43,11,7,1
248,Josh Collmenter,29,ARI,5,44,12,41,44,44,0,0,0,0,0,0,0,0,0,0,0,0
249,Alex Colome,26,TBR,3,43,13,1,43,43,0,0,0,0,0,0,0,0,0,0,0,0
250,Bartolo Colon,42,NYM,18,33,31,31,33,33,0,0,0,0,0,0,0,0,0,0,0,0
251,Christian Colon,26,KCR,2,43,28,43,41,0,0,0,14,8,21,0,0,0,0,0,3,3
252,Michael Conforto,22,NYM,1st,56,48,56,50,0,0,0,0,0,0,50,0,0,50,0,7,0
253,Hank Conger,27,HOU,6,73,56,73,70,0,69,0,0,0,0,1,0,0,1,0,10,1
254,Adam Conley,25,MIA,1st,15,11,13,15,15,0,0,0,0,0,0,0,0,0,0,0,0
255,Carlos Contreras,24,CIN,2,22,0,22,22,22,0,0,0,0,0,0,0,0,0,0,0,0
256,Ryan Cook,28,2TM,5,9,0,2,9,9,0,0,0,0,0,0,0,0,0,0,0,0
257,Tim Cooney,24,STL,1st,6,6,6,6,6,0,0,0,0,0,0,0,0,0,0,0,0
258,Scott Copeland,27,TOR,1st,5,3,1,5,5,0,0,0,0,0,0,0,0,0,0,0,0
259,Patrick Corbin,25,ARI,3,16,16,15,16,16,0,0,0,0,0,0,0,0,0,0,0,0
260,Erik Cordier,29,MIA,2,8,0,8,8,8,0,0,0,0,0,0,0,0,0,0,0,0
261,John Cornely,26,ATL,1st,1,0,1,1,1,0,0,0,0,0,0,0,0,0,0,0,0
262,Carlos Corporan,31,TEX,6,33,30,33,31,0,31,0,0,0,0,0,0,0,0,1,3,0
263,Carlos Correa,20,HOU,1st,99,99,99,99,0,0,0,0,0,99,0,0,0,0,0,0,0
264,Kevin Correia,34,PHI,13,5,5,4,5,5,0,0,0,0,0,0,0,0,0,0,0,0
265,Jarred Cosart,25,MIA,3,15,13,14,14,14,0,0,0,0,0,0,0,0,0,0,0,1
266,Caleb Cotham,27,NYY,1st,12,0,1,12,12,0,0,0,0,0,0,0,0,0,0,0,0
267,Neal Cotts,35,2TM,10,68,0,50,68,68,0,0,0,0,0,0,0,0,0,0,0,0
268,Daniel Coulombe,25,2TM,2,14,0,5,14,14,0,0,0,0,0,0,0,0,0,0,0,0
269,Kaleb Cowart,23,LAA,1st,34,13,34,33,0,0,0,0,33,0,0,0,0,0,0,0,8
270,Collin Cowgill,29,LAA,5,55,17,55,46,0,0,0,0,0,0,41,4,4,46,2,9,10
271,Zack Cozart,29,CIN,5,53,52,53,52,0,0,0,0,0,52,0,0,0,0,0,1,0
272,Allen Craig,30,BOS,6,36,15,36,22,0,0,6,0,0,0,7,0,9,16,9,13,3
273,Tyler Cravy,25,MIL,1st,14,7,14,14,14,0,0,0,0,0,0,0,0,0,0,0,0
274,Brandon Crawford,28,SFG,5,143,136,143,140,0,0,0,0,0,140,0,0,0,0,0,5,0
275,Carl Crawford,33,LAD,14,69,43,69,51,0,0,0,0,0,0,51,0,0,51,3,21,3
276,Coco Crisp,35,OAK,14,44,27,44,37,0,0,0,0,0,0,37,0,0,37,0,17,0
277,Kyle Crockett,23,CLE,2,31,0,3,31,31,0,0,0,0,0,0,0,0,0,0,0,0
278,C.J. Cron,25,LAA,2,113,100,113,58,0,0,58,0,0,0,0,0,0,0,50,11,0
279,Nelson Cruz,34,SEA,11,152,152,152,80,0,0,0,0,0,0,0,0,80,80,72,0,0
280,Tony Cruz,28,STL,5,69,30,69,53,0,51,0,0,3,0,0,0,0,0,0,28,2
281,Michael Cuddyer,36,NYM,15,117,92,117,92,0,0,18,0,0,0,69,0,6,75,5,22,0
282,Johnny Cueto,29,2TM,8,32,32,17,32,32,0,0,0,0,0,0,0,0,0,0,0,0
283,Brandon Cunniff,26,ATL,1st,39,0,38,39,39,0,0,0,0,0,0,0,0,0,0,0,0
284,Todd Cunningham,26,ATL,2,39,19,39,27,0,0,0,0,0,0,22,2,4,27,0,14,3
285,Cheslor Cuthbert,22,KCR,1st,19,12,19,18,0,0,1,1,17,0,0,0,0,0,1,0,2
286,Chase d'Arnaud,28,PHI,4,11,3,11,4,0,0,0,0,1,3,0,0,0,0,0,7,0
287,Travis d'Arnaud,26,NYM,3,67,64,67,64,0,64,0,0,0,0,0,0,0,0,0,3,0
288,John Danks,30,CHW,9,30,30,0,30,30,0,0,0,0,0,0,0,0,0,0,0,0
289,Jordan Danks,28,PHI,4,4,0,4,1,0,0,0,0,0,0,1,0,0,1,0,3,0
290,Kyle Davies,31,NYY,8,1,0,1,1,1,0,0,0,0,0,0,0,0,0,0,0,0
291,Zach Davies,22,MIL,1st,6,6,6,6,6,0,0,0,0,0,0,0,0,0,0,0,0
292,Chris Davis,29,BAL,8,160,159,160,138,0,0,111,0,0,0,0,0,30,30,22,0,0
293,Ike Davis,28,OAK,6,74,61,72,67,2,0,65,0,0,0,0,0,0,0,1,8,0
294,Khris Davis,27,MIL,3,121,107,121,108,0,0,0,0,0,0,108,0,0,108,0,13,0
295,Rajai Davis,34,DET,10,112,73,112,91,0,0,0,0,0,0,39,46,10,91,9,24,6
296,Wade Davis,29,KCR,7,69,0,6,69,69,0,0,0,0,0,0,0,0,0,0,0,0
297,Alejandro De Aza,31,3TM,8,114,81,114,96,0,0,0,0,0,0,69,1,37,96,2,21,4
298,Justin De Fratus,27,PHI,5,61,0,57,61,61,0,0,0,0,0,0,0,0,0,0,0,0
299,Ivan De Jesus,28,CIN,3,76,42,76,60,0,0,4,20,13,10,18,0,0,18,0,22,1
300,Jorge De La Rosa,34,COL,12,26,26,25,26,26,0,0,0,0,0,0,0,0,0,0,0,0
301,Rubby De La Rosa,26,ARI,5,32,32,31,32,32,0,0,0,0,0,0,0,0,0,0,0,0
302,Abel De Los Santos,22,WSN,1st,2,0,2,2,2,0,0,0,0,0,0,0,0,0,0,0,0
303,Jose De Paula,27,NYY,1st,1,0,0,1,1,0,0,0,0,0,0,0,0,0,0,0,0
304,Cody Decker,28,SDP,1st,8,1,8,3,0,0,3,0,0,0,0,0,0,0,0,7,0
305,Jaff Decker,25,PIT,3,23,4,23,10,1,0,0,0,0,0,4,2,3,9,0,12,2
306,Sam Deduno,31,HOU,6,9,2,0,9,9,0,0,0,0,0,0,0,0,0,0,0,0
307,Jacob deGrom,27,NYM,2,31,30,28,30,30,0,0,0,0,0,0,0,0,0,0,1,0
308,David DeJesus,35,2TM,13,112,75,112,68,0,0,0,0,0,0,63,2,4,68,22,34,0
309,Steve Delabar,31,TOR,5,31,0,1,31,31,0,0,0,0,0,0,0,0,0,0,0,0
310,Randall Delgado,25,ARI,5,64,1,61,64,64,0,0,0,0,0,0,0,0,0,0,0,0
311,Matt den Dekker,27,WSN,3,55,19,55,38,0,0,0,0,0,0,27,2,10,38,0,21,3
312,Chris Denorfia,34,CHC,10,103,45,103,76,1,0,0,0,0,0,43,6,28,75,0,38,0
313,Daniel Descalso,28,COL,6,101,39,101,58,0,0,7,15,5,33,0,0,1,1,0,48,2
314,Anthony DeSclafani,25,CIN,2,31,31,30,31,31,0,0,0,0,0,0,0,0,0,0,0,0
315,Delino DeShields,22,TEX,1st,121,110,121,113,0,0,0,1,0,0,35,87,0,113,7,0,8
316,Ian Desmond,29,WSN,7,156,155,156,155,0,0,0,0,0,155,0,0,0,0,0,1,0
317,Odrisamer Despaigne,28,SDP,2,34,18,31,34,34,0,0,0,0,0,0,0,0,0,0,0,0
318,Ross Detwiler,29,2TM,8,41,7,24,41,41,0,0,0,0,0,0,0,0,0,0,0,0
319,Elias Diaz,24,PIT,1st,2,0,2,0,0,0,0,0,0,0,0,0,0,0,0,2,0
320,Jairo Diaz,24,COL,2,21,0,19,21,21,0,0,0,0,0,0,0,0,0,0,0,0
321,Jonathan Diaz,30,TOR,3,7,4,7,7,0,0,0,0,0,6,2,0,0,2,0,0,0
322,Jumbo Diaz,31,CIN,2,61,0,58,61,61,0,0,0,0,0,0,0,0,0,0,0,0
323,Alex Dickerson,25,SDP,1st,11,0,11,1,0,0,0,0,0,0,1,0,0,1,0,10,0
324,Corey Dickerson,26,COL,3,65,57,65,55,0,0,0,0,0,0,54,3,0,55,2,8,0
325,R.A. Dickey,40,TOR,13,33,33,2,33,33,0,0,0,0,0,0,0,0,0,0,0,0
326,Jake Diekman,28,2TM,4,67,0,40,67,67,0,0,0,0,0,0,0,0,0,0,0,0
327,Derek Dietrich,25,MIA,3,90,71,90,73,0,0,2,2,26,0,46,0,0,46,1,17,0
328,Wilmer Difo,23,WSN,1st,15,1,15,2,0,0,0,2,0,0,0,0,0,0,0,10,4
329,Chris Dominguez,28,CIN,2,14,4,14,5,0,0,2,0,0,0,2,0,1,3,0,9,0
330,Jose Dominguez,24,TBR,3,4,0,1,4,4,0,0,0,0,0,0,0,0,0,0,0,0
331,Josh Donaldson,29,TOR,5,158,157,158,150,0,0,0,0,150,0,0,0,0,0,7,1,0
332,Sean Doolittle,28,OAK,4,12,0,1,12,12,0,0,0,0,0,0,0,0,0,0,0,0
333,Danny Dorn,30,ARI,1st,23,3,23,5,0,0,2,0,0,0,0,0,3,3,0,19,0
334,Felix Doubront,27,2TM,6,16,12,0,16,16,0,0,0,0,0,0,0,0,0,0,0,0
335,Brian Dozier,28,MIN,4,157,157,157,157,0,0,0,157,0,0,0,0,0,0,0,0,0
336,Kyle Drabek,27,CHW,6,3,0,0,3,3,0,0,0,0,0,0,0,0,0,0,0,0
337,Oliver Drake,28,BAL,1st,13,0,1,13,13,0,0,0,0,0,0,0,0,0,0,0,0
338,Stephen Drew,32,NYY,10,131,105,131,130,0,0,0,123,4,15,0,0,0,0,0,7,0
339,Brandon Drury,22,ARI,1st,20,13,20,17,0,0,0,6,11,1,0,0,0,0,0,4,0
340,Lucas Duda,29,NYM,6,135,127,135,129,0,0,129,0,0,0,0,0,0,0,0,8,0
341,Brian Duensing,32,MIN,7,55,0,4,55,55,0,0,0,0,0,0,0,0,0,0,0,0
342,Tyler Duffey,24,MIN,1st,10,10,0,10,10,0,0,0,0,0,0,0,0,0,0,0,0
343,Danny Duffy,26,KCR,5,30,24,0,30,30,0,0,0,0,0,0,0,0,0,0,0,0
344,Matt Duffy,26,HOU,1st,8,0,8,4,0,0,2,0,2,0,0,0,0,0,0,5,0
345,Matt Duffy,24,SFG,2,149,138,149,142,0,0,1,9,134,3,0,0,0,0,0,9,1
346,Zach Duke,32,CHW,11,71,0,6,71,71,0,0,0,0,0,0,0,0,0,0,0,0
347,Ryan Dull,25,OAK,1st,13,0,0,13,13,0,0,0,0,0,0,0,0,0,0,0,0
348,Mike Dunn,30,MIA,7,72,0,67,72,72,0,0,0,0,0,0,0,0,0,0,0,0
349,Adam Duvall,26,CIN,2,27,17,27,18,0,0,4,0,0,0,15,0,0,15,0,9,0
350,Allan Dykstra,28,TBR,1st,13,11,13,13,0,0,13,0,0,0,0,0,0,0,0,0,0
351,Jarrod Dyson,30,KCR,6,90,55,90,79,0,0,0,0,0,0,27,37,17,79,2,5,19
352,Sam Dyson,27,2TM,4,75,0,43,75,75,0,0,0,0,0,0,0,0,0,0,0,0
353,Ed Easley,29,STL,1st,4,1,4,3,0,3,0,0,0,0,0,0,0,0,0,2,0
354,Adam Eaton,26,CHW,4,153,151,153,145,0,0,0,0,0,0,0,145,0,145,7,2,0
355,Carl Edwards,23,CHC,1st,5,0,5,5,5,0,0,0,0,0,0,0,0,0,0,0,0
356,Jon Edwards,27,2TM,2,22,0,12,22,22,0,0,0,0,0,0,0,0,0,0,0,0
357,Jerad Eickhoff,24,PHI,1st,8,8,7,8,8,0,0,0,0,0,0,0,0,0,0,0,0
358,Roenis Elias,26,SEA,2,22,20,0,22,22,0,0,0,0,0,0,0,0,0,0,0,0
359,Brian Ellington,24,MIA,1st,23,0,22,23,23,0,0,0,0,0,0,0,0,0,0,0,0
360,A.J. Ellis,34,LAD,8,63,55,63,62,0,62,0,0,0,0,0,0,0,0,0,2,0
361,Jacoby Ellsbury,31,NYY,9,111,106,111,110,0,0,0,0,0,0,0,110,0,110,0,4,0
362,Jake Elmore,28,TBR,4,51,40,51,48,1,0,25,7,9,7,6,0,0,6,1,4,2
363,Edwin Encarnacion,32,TOR,11,146,144,146,59,0,0,59,0,0,0,0,0,0,0,85,2,0
364,Nathan Eovaldi,25,NYY,5,27,27,3,27,27,0,0,0,0,0,0,0,0,0,0,0,0
365,Robbie Erlin,24,SDP,3,3,3,3,3,3,0,0,0,0,0,0,0,0,0,0,0,0
366,Alcides Escobar,28,KCR,8,148,148,148,148,0,0,0,0,0,148,0,0,0,0,0,0,0
367,Eduardo Escobar,26,MIN,5,127,114,127,116,0,0,0,11,5,71,35,0,1,36,8,6,1
368,Yunel Escobar,32,WSN,9,139,138,139,135,0,0,0,0,135,0,0,0,0,0,3,1,0
369,Danny Espinosa,28,WSN,6,118,95,118,105,0,0,5,82,16,8,5,0,0,5,0,13,2
370,Marco Estrada,31,TOR,8,34,28,2,34,34,0,0,0,0,0,0,0,0,0,0,0,0
371,Andre Ethier,33,LAD,10,142,106,142,127,0,0,0,0,0,0,51,1,80,127,1,27,0
372,Dana Eveland,31,ATL,10,10,0,9,10,10,0,0,0,0,0,0,0,0,0,0,0,0
373,Jeurys Familia,25,NYM,4,76,0,74,76,76,0,0,0,0,0,0,0,0,0,0,0,0
374,Buck Farmer,24,DET,2,14,5,2,14,14,0,0,0,0,0,0,0,0,0,0,0,0
375,Danny Farquhar,28,SEA,4,43,0,1,43,43,0,0,0,0,0,0,0,0,0,0,0,0
376,Andrew Faulkner,22,TEX,1st,11,0,1,11,11,0,0,0,0,0,0,0,0,0,0,0,0
377,Taylor Featherston,25,LAA,1st,101,42,101,90,0,0,0,33,39,22,0,0,0,0,2,5,22
378,Scott Feldman,32,HOU,11,18,18,1,18,18,0,0,0,0,0,0,0,0,0,0,0,0
379,Michael Feliz,22,HOU,1st,5,0,1,5,5,0,0,0,0,0,0,0,0,0,0,0,0
380,Neftali Feliz,27,2TM,7,48,0,2,48,48,0,0,0,0,0,0,0,0,0,0,0,0
381,Jose Fernandez,22,MIA,3,11,11,10,11,11,0,0,0,0,0,0,0,0,0,0,0,0
382,Jeff Ferrell,24,DET,1st,9,0,0,9,9,0,0,0,0,0,0,0,0,0,0,0,0
383,Thomas Field,28,TEX,4,14,12,14,14,0,0,0,14,0,1,0,0,0,0,0,1,1
384,Prince Fielder,31,TEX,11,158,157,158,18,0,0,18,0,0,0,0,0,0,0,139,1,0
385,Daniel Fields,24,DET,1st,1,0,1,1,0,0,0,0,0,0,1,0,0,1,0,0,0
386,Josh Fields,29,HOU,3,54,0,4,54,54,0,0,0,0,0,0,0,0,0,0,0,0
387,Casey Fien,31,MIN,6,62,0,3,62,62,0,0,0,0,0,0,0,0,0,0,0,0
388,Mike Fiers,30,2TM,5,31,30,18,31,31,0,0,0,0,0,0,0,0,0,0,0,0
389,Cole Figueroa,28,NYY,2,2,2,2,2,0,0,0,0,2,0,0,0,0,0,0,0,0
390,Brandon Finnegan,22,2TM,2,20,4,6,20,20,0,0,0,0,0,0,0,0,0,0,0,0
391,Doug Fister,31,WSN,7,29,15,29,25,25,0,0,0,0,0,0,0,0,0,0,3,1
392,Ryan Flaherty,28,BAL,4,91,81,91,90,0,0,11,56,8,15,1,0,5,6,0,2,3
393,Yohan Flande,29,COL,2,19,10,18,19,19,0,0,0,0,0,0,0,0,0,0,0,0
394,Kendry Flores,23,MIA,1st,7,1,6,7,7,0,0,0,0,0,0,0,0,0,0,0,0
395,Ramon Flores,23,NYY,1st,12,8,12,12,0,0,0,0,0,0,11,0,1,12,0,0,0
396,Wilmer Flores,23,NYM,3,137,126,137,134,0,0,0,37,0,103,0,0,0,0,0,4,0
397,Pedro Florimon,28,PIT,5,24,4,24,20,0,0,0,3,0,17,0,0,0,0,0,1,9
398,Tyler Flowers,29,CHW,7,112,100,112,111,0,110,2,0,0,0,0,0,0,0,1,1,0
399,Gavin Floyd,32,CLE,12,7,0,0,7,7,0,0,0,0,0,0,0,0,0,0,0,0
400,Mike Foltynewicz,23,ATL,2,18,15,17,18,18,0,0,0,0,0,0,0,0,0,0,0,0
401,Logan Forsythe,28,TBR,5,153,148,153,143,0,0,26,126,9,0,0,0,0,0,7,4,1
402,Dexter Fowler,29,CHC,8,156,149,156,152,0,0,0,0,0,0,0,152,0,152,0,6,0
403,Jeff Francis,34,TOR,11,14,0,0,14,14,0,0,0,0,0,0,0,0,0,0,0,0
404,Maikel Franco,22,PHI,2,80,78,80,78,0,0,2,0,76,0,0,0,0,0,0,2,0
405,Jeff Francoeur,31,PHI,11,119,71,118,102,1,0,0,0,0,0,20,0,85,101,2,31,0
406,Kevin Frandsen,33,SFG,9,7,3,7,4,0,0,4,0,0,0,0,0,0,0,0,3,0
407,Nick Franklin,24,TBR,3,44,23,44,36,1,0,10,17,0,11,0,0,0,0,3,8,5
408,Jason Frasor,37,2TM,12,32,0,7,32,32,0,0,0,0,0,0,0,0,0,0,0,0
409,Todd Frazier,29,CIN,5,157,155,157,155,0,0,0,0,155,0,0,0,0,0,0,2,0
410,Freddie Freeman,25,ATL,6,118,111,118,117,0,0,117,0,0,0,0,0,0,0,1,3,0
411,Sam Freeman,28,TEX,4,54,0,4,54,54,0,0,0,0,0,0,0,0,0,0,0,0
412,David Freese,32,LAA,7,121,118,121,113,0,0,0,0,113,0,0,0,0,0,6,2,0
413,Carlos Frias,25,LAD,2,17,13,16,17,17,0,0,0,0,0,0,0,0,0,0,0,0
414,Christian Friedrich,27,COL,3,68,0,63,68,68,0,0,0,0,0,0,0,0,0,0,0,0
415,Ernesto Frieri,29,TBR,7,22,0,2,22,22,0,0,0,0,0,0,0,0,0,0,0,0
416,Eric Fryer,29,MIN,5,15,7,15,15,0,15,0,0,0,0,0,0,0,0,0,1,0
417,Kyuji Fujikawa,34,TEX,3,2,0,0,2,2,0,0,0,0,0,0,0,0,0,0,0,0
418,Sam Fuld,33,OAK,8,120,75,120,108,0,0,0,0,0,0,57,43,16,108,4,13,12
419,Charlie Furbush,29,SEA,5,33,0,3,33,33,0,0,0,0,0,0,0,0,0,0,0,0
420,Rocky Gale,27,SDP,1st,11,1,11,6,0,6,0,0,0,0,0,0,0,0,0,5,0
421,Yovani Gallardo,29,TEX,9,33,33,2,33,33,0,0,0,0,0,0,0,0,0,0,0,0
422,Joey Gallo,21,TEX,1st,36,29,36,32,0,0,0,0,15,0,19,1,0,19,2,5,1
423,Freddy Galvis,25,PHI,4,151,147,151,149,0,0,0,4,0,146,0,0,0,0,0,2,0
424,Frank Garces,25,SDP,2,40,1,37,40,40,0,0,0,0,0,0,0,0,0,0,0,0
425,Adonis Garcia,30,ATL,1st,58,48,58,51,0,0,0,0,42,0,10,0,0,10,0,8,0
426,Avisail Garcia,24,CHW,4,148,146,148,130,0,0,0,0,0,0,0,0,130,130,17,2,0
427,Greg Garcia,25,STL,2,49,14,49,25,0,0,0,10,4,12,0,0,0,0,0,29,2
428,Jaime Garcia,28,STL,7,20,20,19,20,20,0,0,0,0,0,0,0,0,0,0,0,0
429,Jason Garcia,22,BAL,1st,21,0,3,21,21,0,0,0,0,0,0,0,0,0,0,0,0
430,Leury Garcia,24,CHW,3,18,1,17,11,1,0,0,2,0,3,2,4,0,6,2,2,5
431,Luis Garcia,28,PHI,3,72,0,69,72,72,0,0,0,0,0,0,0,0,0,0,0,0
432,Yimi Garcia,24,LAD,2,59,1,55,59,59,0,0,0,0,0,0,0,0,0,0,0,0
433,Brett Gardner,31,NYY,8,151,140,151,150,0,0,0,0,0,0,119,40,0,150,0,5,2
434,Dustin Garneau,27,COL,1st,22,19,22,22,0,22,0,0,0,0,0,0,0,0,0,0,0
435,Matt Garza,31,MIL,10,26,25,25,26,26,0,0,0,0,0,0,0,0,0,0,0,0
436,Evan Gattis,28,HOU,3,153,147,153,11,0,0,0,0,0,0,11,0,0,11,136,6,0
437,Kevin Gausman,24,BAL,3,25,17,1,25,25,0,0,0,0,0,0,0,0,0,0,0,0
438,Cory Gearrin,29,SFG,4,7,0,6,7,7,0,0,0,0,0,0,0,0,0,0,0,0
439,Dillon Gee,29,NYM,6,8,7,8,8,8,0,0,0,0,0,0,0,0,0,0,0,0
440,Steve Geltz,27,TBR,3,70,2,5,70,70,0,0,0,0,0,0,0,0,0,0,0,0
441,Scooter Gennett,25,MIL,3,114,93,114,108,0,0,0,108,0,0,0,0,0,0,0,17,0
442,Craig Gentry,31,OAK,7,26,16,26,25,0,0,0,0,0,0,13,8,6,25,1,3,2
443,Gonzalez Germen,27,2TM,3,35,1,35,35,35,0,0,0,0,0,0,0,0,0,0,0,0
444,Johnny Giavotella,27,LAA,5,129,124,129,128,0,0,0,128,0,1,0,0,0,0,0,2,0
445,Kyle Gibson,27,MIN,3,32,32,2,32,32,0,0,0,0,0,0,0,0,0,0,0,0
446,Ken Giles,24,PHI,2,69,0,65,69,69,0,0,0,0,0,0,0,0,0,0,0,0
447,Conor Gillaspie,27,2TM,6,75,69,75,70,0,0,2,1,69,0,0,0,0,0,2,5,0
448,Cole Gillespie,31,MIA,5,67,34,67,52,0,0,0,0,0,0,10,31,17,52,0,12,4
449,Sean Gilmartin,25,NYM,1st,50,1,48,50,50,0,0,0,0,0,0,0,0,0,0,0,0
450,Chris Gimenez,32,TEX,7,36,32,36,36,0,36,0,0,0,0,0,0,0,0,0,0,0
451,Mychal Givens,25,BAL,1st,22,0,1,22,22,0,0,0,0,0,0,0,0,0,0,0,0
452,Zack Godley,25,ARI,1st,9,6,8,9,9,0,0,0,0,0,0,0,0,0,0,0,0
453,Erik Goeddel,26,NYM,2,35,0,33,35,35,0,0,0,0,0,0,0,0,0,0,0,0
454,David Goforth,26,MIL,1st,20,0,20,20,20,0,0,0,0,0,0,0,0,0,0,0,0
455,Ryan Goins,27,TOR,3,128,112,128,125,0,0,0,66,2,58,2,0,2,4,0,1,3
456,Paul Goldschmidt,27,ARI,5,159,157,159,157,0,0,157,0,0,0,0,0,0,0,2,1,0
457,Brandon Gomes,30,TBR,5,64,0,4,64,64,0,0,0,0,0,0,0,0,0,0,0,0
458,Jonny Gomes,34,2TM,13,95,55,95,66,1,0,0,0,0,0,59,0,8,65,5,38,0
459,Yan Gomes,27,CLE,4,95,94,95,91,0,91,0,0,0,0,0,0,0,0,4,1,0
460,Carlos Gomez,29,2TM,9,115,110,115,111,0,0,0,1,0,0,0,111,0,111,2,2,1
461,Hector Gomez,27,MIL,3,66,28,66,44,0,0,0,27,12,8,1,0,0,1,0,23,5
462,Jeanmar Gomez,27,PHI,6,65,0,61,65,65,0,0,0,0,0,0,0,0,0,0,0,0
463,Marco Gonzales,23,STL,2,1,1,1,1,1,0,0,0,0,0,0,0,0,0,0,0,0
464,Adrian Gonzalez,33,LAD,12,156,148,156,149,0,0,149,0,0,0,0,0,0,0,3,7,0
465,Carlos Gonzalez,29,COL,8,153,142,153,151,0,0,0,0,0,0,0,0,151,151,0,3,0
466,Chi Chi Gonzalez,23,TEX,1st,14,10,0,14,14,0,0,0,0,0,0,0,0,0,0,0,0
467,Gio Gonzalez,29,WSN,8,31,31,27,31,31,0,0,0,0,0,0,0,0,0,0,0,0
468,Marwin Gonzalez,26,HOU,4,120,86,120,112,0,0,43,15,21,32,15,0,0,15,3,17,6
469,Miguel Gonzalez,31,BAL,4,26,26,1,26,26,0,0,0,0,0,0,0,0,0,0,0,0
470,Severino Gonzalez,22,PHI,1st,7,7,7,7,7,0,0,0,0,0,0,0,0,0,0,0,0
471,Nick Goody,23,NYY,1st,7,0,1,7,7,0,0,0,0,0,0,0,0,0,0,0,0
472,Alex Gordon,31,KCR,9,104,102,104,101,0,0,0,0,0,0,101,0,0,101,2,1,0
473,Dee Gordon,27,MIA,5,145,144,145,145,0,0,0,145,0,0,0,0,0,0,0,1,0
474,Terrance Gore,24,KCR,2,9,0,9,4,0,0,0,0,0,0,4,0,0,4,2,1,5
475,Tom Gorzelanny,32,DET,11,48,0,5,48,48,0,0,0,0,0,0,0,0,0,0,0,0
476,Anthony Gose,24,DET,4,140,125,140,137,0,0,0,0,0,0,0,137,0,137,0,3,2
477,Tuffy Gosewisch,31,ARI,3,38,34,38,37,0,37,0,0,0,0,0,0,0,0,0,1,0
478,Philip Gosselin,26,2TM,3,44,22,44,23,0,0,0,16,7,0,3,0,0,3,0,21,1
479,Trevor Gott,22,LAA,1st,48,0,6,48,48,0,0,0,0,0,0,0,0,0,0,0,0
480,Matt Grace,26,WSN,1st,26,0,26,26,26,0,0,0,0,0,0,0,0,0,0,0,0
481,J.R. Graham,25,MIN,1st,39,1,4,39,39,0,0,0,0,0,0,0,0,0,0,0,0
482,Yasmani Grandal,26,LAD,4,115,102,115,111,0,107,6,0,0,0,0,0,0,0,0,10,0
483,Curtis Granderson,34,NYM,12,157,144,157,150,0,0,0,0,0,0,0,2,149,150,1,13,0
484,Kendall Graveman,24,OAK,2,21,21,1,21,21,0,0,0,0,0,0,0,0,0,0,0,0
485,Jon Gray,23,COL,1st,9,9,9,9,9,0,0,0,0,0,0,0,0,0,0,0,0
486,Sonny Gray,25,OAK,3,31,31,2,31,31,0,0,0,0,0,0,0,0,0,0,0,0
487,Grant Green,27,LAA,3,21,13,21,18,0,0,5,11,0,1,1,0,0,1,2,1,6
488,Shane Greene,26,DET,2,18,16,2,18,18,0,0,0,0,0,0,0,0,0,0,0,0
489,Nick Greenwood,27,STL,2,1,0,1,1,1,0,0,0,0,0,0,0,0,0,0,0,0
490,Luke Gregerson,31,HOU,7,64,0,3,64,64,0,0,0,0,0,0,0,0,0,0,0,0
491,Kevin Gregg,37,CIN,13,11,0,11,11,11,0,0,0,0,0,0,0,0,0,0,0,0
492,Didi Gregorius,25,NYY,4,155,147,155,155,0,0,0,0,0,155,0,0,0,0,0,4,1
493,Zack Greinke,31,LAD,12,32,32,30,32,32,0,0,0,0,0,0,0,0,0,0,0,0
494,Randal Grichuk,23,STL,2,103,81,103,85,0,0,0,0,0,0,49,37,13,85,0,19,2
495,Jason Grilli,38,ATL,13,36,0,33,36,36,0,0,0,0,0,0,0,0,0,0,0,0
496,Justin Grimm,26,CHC,4,62,0,57,62,62,0,0,0,0,0,0,0,0,0,0,0,0
497,Robbie Grossman,25,HOU,3,24,14,24,19,0,0,0,0,0,0,17,0,4,19,2,5,4
498,Mayckol Guaipe,24,SEA,1st,21,0,2,21,21,0,0,0,0,0,0,0,0,0,0,0,0
499,Deolis Guerra,26,PIT,1st,10,0,8,10,10,0,0,0,0,0,0,0,0,0,0,0,0
500,Javy Guerra,29,CHW,5,3,0,0,3,3,0,0,0,0,0,0,0,0,0,0,0,0
501,Junior Guerra,30,CHW,1st,3,0,1,3,3,0,0,0,0,0,0,0,0,0,0,0,0
502,Alex Guerrero,28,LAD,2,106,49,106,51,0,0,0,0,22,0,29,0,0,29,4,54,0
503,Preston Guilmet,27,2TM,3,5,0,2,5,5,0,0,0,0,0,0,0,0,0,0,0,0
504,Jason Gurka,27,COL,1st,10,0,10,10,9,0,0,0,0,0,0,0,1,1,0,0,0
505,Jeremy Guthrie,36,KCR,12,30,24,2,30,30,0,0,0,0,0,0,0,0,0,0,0,0
506,Franklin Gutierrez,32,SEA,10,59,42,59,46,0,0,0,0,0,0,42,0,4,46,6,13,1
507,Brandon Guyer,29,TBR,4,128,79,128,110,0,0,0,0,0,0,60,23,41,110,7,43,0
508,Jedd Gyorko,26,SDP,3,128,105,128,113,0,0,1,93,0,29,0,0,0,0,1,16,0
509,Nick Hagadone,29,CLE,5,36,0,1,36,36,0,0,0,0,0,0,0,0,0,0,0,0
510,Matt Hague,29,TOR,3,10,2,10,4,0,0,3,0,1,0,0,0,0,0,2,6,0
511,Jesse Hahn,25,OAK,2,16,16,1,16,16,0,0,0,0,0,0,0,0,0,0,0,0
512,David Hale,27,COL,3,17,12,15,17,17,0,0,0,0,0,0,0,0,0,0,0,0
513,Cody Hall,27,SFG,1st,7,0,6,7,7,0,0,0,0,0,0,0,0,0,0,0,0
514,Cole Hamels,31,2TM,10,32,32,20,32,32,0,0,0,0,0,0,0,0,0,0,0,0
515,Billy Hamilton,24,CIN,3,114,109,114,110,0,0,0,0,0,0,0,110,0,110,0,2,2
516,Josh Hamilton,34,TEX,9,50,41,50,42,0,0,0,0,0,0,35,0,11,42,1,9,0
517,Jason Hammel,32,CHC,10,32,31,31,31,31,0,0,0,0,0,0,0,0,0,0,1,0
518,Brad Hand,25,MIA,5,38,12,35,38,38,0,0,0,0,0,0,0,0,0,0,0,0
519,Donovan Hand,29,CIN,2,1,0,1,1,1,0,0,0,0,0,0,0,0,0,0,0,0
520,Ryan Hanigan,34,BOS,9,54,51,54,53,0,53,0,0,0,0,0,0,0,0,0,1,0
521,J.A. Happ,32,2TM,9,32,31,12,32,32,0,0,0,0,0,0,0,0,0,0,0,0
522,Aaron Harang,37,PHI,14,29,29,28,29,29,0,0,0,0,0,0,0,0,0,0,0,0
523,Blaine Hardy,28,DET,2,70,0,4,70,70,0,0,0,0,0,0,0,0,0,0,0,0
524,J.J. Hardy,32,BAL,11,114,112,114,114,0,0,0,0,0,114,0,0,0,0,0,0,0
525,Dan Haren,34,2TM,13,33,32,30,32,32,0,0,0,0,0,0,0,0,0,0,1,0
526,Bryce Harper,22,WSN,4,153,153,153,152,0,0,0,0,0,0,0,13,141,152,1,0,0
527,Mitch Harris,29,STL,1st,26,0,26,26,26,0,0,0,0,0,0,0,0,0,0,0,0
528,Will Harris,30,HOU,4,68,0,4,68,68,0,0,0,0,0,0,0,0,0,0,0,0
529,Josh Harrison,27,PIT,5,114,96,114,111,0,0,0,37,72,0,10,0,12,22,0,10,1
530,Matt Harrison,29,TEX,8,3,3,1,3,3,0,0,0,0,0,0,0,0,0,0,0,0
531,Corey Hart,33,PIT,11,35,11,35,10,0,0,8,0,0,0,0,0,3,3,1,24,0
532,Matt Harvey,26,NYM,3,29,29,28,29,29,0,0,0,0,0,0,0,0,0,0,0,0
533,Chris Hatcher,30,LAD,6,49,0,45,49,49,0,0,0,0,0,0,0,0,0,0,0,0
534,Marcus Hatley,27,STL,1st,2,0,2,2,2,0,0,0,0,0,0,0,0,0,0,0,0
535,LaTroy Hawkins,42,2TM,21,42,0,23,42,42,0,0,0,0,0,0,0,0,0,0,0,0
536,Brett Hayes,31,CLE,7,14,9,14,14,0,14,0,0,0,0,0,0,0,0,0,0,0
537,Chase Headley,31,NYY,9,156,148,156,155,0,0,1,0,155,0,0,0,0,0,0,5,1
538,Andrew Heaney,24,LAA,2,18,18,2,18,18,0,0,0,0,0,0,0,0,0,0,0,0
539,Slade Heathcott,24,NYY,1st,17,6,17,17,0,0,0,0,0,0,0,8,9,17,0,1,3
540,Adeiny Hechavarria,26,MIA,4,130,129,130,130,0,0,0,0,0,130,0,0,0,0,0,0,0
541,Austin Hedges,22,SDP,1st,56,41,56,47,0,47,0,0,0,0,0,0,0,0,0,9,0
542,Chris Heisey,30,LAD,6,33,17,33,28,0,0,0,0,0,0,12,10,12,28,0,5,3
543,Jeremy Hellickson,28,ARI,6,29,27,26,27,27,0,0,0,0,0,0,0,0,0,0,1,1
544,Heath Hembree,26,BOS,3,22,0,2,22,22,0,0,0,0,0,0,0,0,0,0,0,0
545,Kyle Hendricks,25,CHC,2,32,32,30,32,32,0,0,0,0,0,0,0,0,0,0,0,0
546,Liam Hendriks,26,TOR,5,58,0,5,58,58,0,0,0,0,0,0,0,0,0,0,0,0
547,Cesar Hernandez,25,PHI,3,127,93,127,106,0,0,0,88,10,12,0,0,0,0,0,25,2
548,David Hernandez,30,ARI,6,40,0,37,40,40,0,0,0,0,0,0,0,0,0,0,0,0
549,Enrique Hernandez,23,LAD,2,76,51,76,67,0,0,0,20,1,16,17,19,2,34,0,11,5
550,Felix Hernandez,29,SEA,11,31,31,1,31,31,0,0,0,0,0,0,0,0,0,0,0,0
551,Gorkys Hernandez,27,PIT,2,8,1,8,6,0,0,0,0,0,0,4,0,2,6,0,1,3
552,Oscar Hernandez,21,ARI,1st,18,7,18,13,0,13,0,0,0,0,0,0,0,0,1,5,1
553,Roberto Hernandez,34,HOU,10,20,11,1,20,20,0,0,0,0,0,0,0,0,0,0,0,0
554,Dilson Herrera,21,NYM,2,31,27,31,29,0,0,0,29,0,0,0,0,0,0,0,3,0
555,Elian Herrera,30,MIL,4,83,62,83,72,0,0,0,36,47,0,1,0,3,4,0,14,1
556,Jonathan Herrera,30,CHC,7,73,25,73,45,0,0,0,29,16,1,0,0,0,0,0,31,6
557,Kelvin Herrera,25,KCR,5,72,0,8,72,72,0,0,0,0,0,0,0,0,0,0,0,0
558,Odubel Herrera,23,PHI,1st,147,121,147,136,0,0,0,0,0,0,0,136,0,136,0,16,2
559,Chris Herrmann,27,MIN,4,45,32,45,42,0,38,2,0,0,0,0,0,2,2,1,5,1
560,Keith Hessler,26,ARI,1st,18,0,18,18,18,0,0,0,0,0,0,0,0,0,0,0,0
561,Chris Heston,27,SFG,2,31,31,28,31,31,0,0,0,0,0,0,0,0,0,0,0,0
562,Jason Heyward,25,STL,6,154,144,154,147,0,0,0,0,0,0,0,10,144,147,0,8,0
563,Aaron Hicks,25,MIN,3,97,95,97,97,0,0,0,0,0,0,4,88,16,97,0,1,0
564,John Hicks,25,SEA,1st,17,10,17,15,0,14,0,0,1,0,0,0,0,0,2,2,0
565,Aaron Hill,33,ARI,11,116,73,116,79,0,0,0,47,38,0,0,0,0,0,2,38,0
566,Rich Hill,35,BOS,11,4,4,0,4,4,0,0,0,0,0,0,0,0,0,0,0,0
567,Taylor Hill,26,WSN,2,6,0,4,6,6,0,0,0,0,0,0,0,0,0,0,0,0
568,Dalier Hinojosa,29,2TM,1st,19,0,17,19,19,0,0,0,0,0,0,0,0,0,0,0,0
569,Luke Hochevar,31,KCR,8,50,0,5,50,50,0,0,0,0,0,0,0,0,0,0,0,0
570,L.J. Hoes,25,HOU,4,8,4,8,7,0,0,0,0,0,0,3,0,5,7,0,1,1
571,Bryan Holaday,27,DET,4,24,15,24,20,0,18,1,1,0,0,0,0,0,0,2,6,0
572,Derek Holland,28,TEX,7,10,10,0,10,10,0,0,0,0,0,0,0,0,0,0,0,0
573,Greg Holland,29,KCR,6,48,0,3,48,48,0,0,0,0,0,0,0,0,0,0,0,0
574,Matt Holliday,35,STL,12,73,68,73,64,0,0,0,0,0,0,64,0,0,64,4,5,0
575,David Holmberg,23,CIN,3,6,6,6,6,6,0,0,0,0,0,0,0,0,0,0,0,0
576,Brock Holt,27,BOS,4,129,116,129,125,0,0,8,58,33,11,14,2,21,35,1,6,2
577,Tyler Holt,26,2TM,2,14,8,14,14,0,0,0,0,0,0,3,9,2,14,0,0,0
578,J.J. Hoover,27,CIN,4,67,0,61,67,67,0,0,0,0,0,0,0,0,0,0,0,0
579,Eric Hosmer,25,KCR,5,158,153,158,154,0,0,154,0,0,0,0,0,1,1,1,3,1
580,T.J. House,25,CLE,2,4,4,0,4,4,0,0,0,0,0,0,0,0,0,0,0,0
581,Adrian Houser,22,MIL,1st,2,0,2,2,2,0,0,0,0,0,0,0,0,0,0,0,0
582,Ryan Howard,35,PHI,12,129,118,129,116,0,0,116,0,0,0,0,0,0,0,6,11,0
583,J.P. Howell,32,LAD,10,65,0,62,65,65,0,0,0,0,0,0,0,0,0,0,0,0
584,Daniel Hudson,28,ARI,6,64,1,61,64,64,0,0,0,0,0,0,0,0,0,0,0,0
585,Tim Hudson,39,SFG,17,24,22,22,24,24,0,0,0,0,0,0,0,0,0,0,0,0
586,David Huff,30,LAD,7,3,1,3,3,3,0,0,0,0,0,0,0,0,0,0,0,0
587,Jared Hughes,29,PIT,5,76,0,71,76,76,0,0,0,0,0,0,0,0,0,0,0,0
588,Phil Hughes,29,MIN,9,27,25,1,27,27,0,0,0,0,0,0,0,0,0,0,0,0
589,Nick Hundley,31,COL,8,103,100,103,102,0,102,0,0,0,0,0,0,0,0,0,2,0
590,Tommy Hunter,28,2TM,8,58,0,20,58,58,0,0,0,0,0,0,0,0,0,0,0,0
591,Torii Hunter,39,MIN,19,139,135,139,123,0,0,0,0,0,0,0,0,123,123,14,4,0
592,Drew Hutchison,24,TOR,3,31,28,1,30,30,0,0,0,0,0,0,0,0,0,0,0,1
593,Colt Hynes,30,TOR,2,5,0,0,5,5,0,0,0,0,0,0,0,0,0,0,0,0
594,Chris Iannetta,32,LAA,10,92,81,92,87,0,85,2,0,0,0,0,0,0,0,1,5,0
595,Edgar Ibarra,26,LAA,1st,2,0,0,2,2,0,0,0,0,0,0,0,0,0,0,0,0
596,Jose Iglesias,25,DET,4,120,115,120,119,0,0,0,0,0,119,0,0,0,0,0,1,2
597,Raisel Iglesias,25,CIN,1st,18,16,16,18,18,0,0,0,0,0,0,0,0,0,0,0,0
598,Ender Inciarte,24,ARI,2,132,116,132,123,0,0,0,0,0,0,47,22,78,123,0,11,0
599,Omar Infante,33,KCR,14,124,121,124,124,0,0,0,124,0,0,0,0,0,0,0,1,1
600,Travis Ishikawa,31,2TM,8,44,10,44,18,0,0,12,0,0,0,6,0,0,6,0,29,0
601,Hisashi Iwakuma,34,SEA,4,20,20,2,20,20,0,0,0,0,0,0,0,0,0,0,0,0
602,Austin Jackson,28,2TM,6,136,111,136,135,0,0,0,0,0,0,4,115,22,135,0,16,1
603,Edwin Jackson,31,2TM,13,47,0,45,47,47,0,0,0,0,0,0,0,0,0,0,0,0
604,Jay Jackson,27,SDP,1st,6,0,6,6,6,0,0,0,0,0,0,0,0,0,0,0,0
605,Luke Jackson,23,TEX,1st,7,0,0,7,7,0,0,0,0,0,0,0,0,0,0,0,0
606,Ryan Jackson,27,LAA,3,22,4,22,22,0,0,0,17,2,3,0,0,0,0,0,0,1
607,Juan Jaime,27,ATL,2,2,0,2,2,2,0,0,0,0,0,0,0,0,0,0,0,0
608,Paul Janish,32,BAL,7,14,9,14,14,0,0,0,1,0,13,0,0,0,0,0,1,0
609,Travis Jankowski,24,SDP,1st,34,27,34,32,0,0,0,0,0,0,0,23,11,32,0,2,1
610,Kenley Jansen,27,LAD,6,54,0,51,54,54,0,0,0,0,0,0,0,0,0,0,0,0
611,Casey Janssen,33,WSN,9,48,0,45,48,48,0,0,0,0,0,0,0,0,0,0,0,0
612,John Jaso,31,TBR,7,70,48,70,8,0,0,0,0,0,0,7,0,1,8,48,22,0
613,Jon Jay,30,STL,6,79,53,79,64,0,0,0,0,0,0,17,54,7,64,0,18,1
614,Jeremy Jeffress,27,MIL,6,72,0,68,72,72,0,0,0,0,0,0,0,0,0,0,0,0
615,Chad Jenkins,27,TOR,4,2,0,0,2,2,0,0,0,0,0,0,0,0,0,0,0,0
616,Dan Jennings,28,CHW,4,53,0,0,53,53,0,0,0,0,0,0,0,0,0,0,0,0
617,Desmond Jennings,28,TBR,6,28,27,28,26,0,0,0,0,0,0,21,10,0,26,1,1,0
618,Kevin Jepsen,30,2TM,8,75,0,6,75,75,0,0,0,0,0,0,0,0,0,0,0,0
619,Cesar Jimenez,30,2TM,6,19,0,18,19,19,0,0,0,0,0,0,0,0,0,0,0,0
620,Luis Jimenez,27,2TM,3,16,2,16,8,0,0,0,1,7,0,0,0,0,0,1,8,2
621,Ubaldo Jimenez,31,BAL,10,32,32,4,32,32,0,0,0,0,0,0,0,0,0,0,0,0
622,Brian Johnson,24,BOS,1st,1,1,0,1,1,0,0,0,0,0,0,0,0,0,0,0,0
623,Chris Johnson,30,2TM,7,83,61,83,56,0,0,30,0,27,0,0,0,0,0,14,20,0
624,Dan Johnson,35,STL,10,12,4,12,6,0,0,6,0,0,0,0,0,0,0,0,6,1
625,Erik Johnson,25,CHW,3,6,6,0,6,6,0,0,0,0,0,0,0,0,0,0,0,0
626,Jim Johnson,32,2TM,10,72,0,64,72,72,0,0,0,0,0,0,0,0,0,0,0,0
627,Kelly Johnson,33,2TM,10,111,78,111,91,0,0,25,28,12,1,30,0,8,38,1,26,0
628,Micah Johnson,24,CHW,1st,36,32,36,33,0,0,0,33,0,0,0,0,0,0,0,2,2
629,Reed Johnson,38,WSN,13,17,2,17,4,0,0,0,0,0,0,3,0,1,4,0,13,0
630,Steve Johnson,27,BAL,3,6,0,0,6,6,0,0,0,0,0,0,0,0,0,0,0,0
631,Adam Jones,29,BAL,10,137,137,137,134,0,0,0,0,0,0,0,134,0,134,3,0,0
632,Garrett Jones,34,NYY,8,57,31,57,45,1,0,21,0,0,0,4,0,24,27,4,13,2
633,James Jones,26,SEA,2,28,6,28,27,0,0,0,0,0,0,2,20,6,27,1,3,7
634,Nate Jones,29,CHW,4,19,0,0,19,19,0,0,0,0,0,0,0,0,0,0,0,0
635,Taylor Jordan,26,WSN,3,4,1,4,4,4,0,0,0,0,0,0,0,0,0,0,0,0
636,Caleb Joseph,29,BAL,2,100,96,100,95,0,94,1,0,0,0,0,0,0,0,4,2,0
637,Matthew Joyce,30,LAA,8,93,74,93,65,0,0,0,0,0,0,64,0,2,65,18,17,0
638,Taylor Jungmann,25,MIL,1st,21,21,21,21,21,0,0,0,0,0,0,0,0,0,0,0,0
639,Tommy Kahnle,25,COL,2,36,0,34,36,36,0,0,0,0,0,0,0,0,0,0,0,0
640,Jung-ho Kang,28,PIT,1st,126,103,126,115,0,0,0,0,77,60,0,0,0,0,0,16,2
641,Nate Karns,27,TBR,3,27,26,2,27,27,0,0,0,0,0,0,0,0,0,0,0,0
642,Munenori Kawasaki,34,TOR,4,23,10,23,20,0,0,0,17,3,0,0,0,0,0,0,1,8
643,Scott Kazmir,31,2TM,11,31,31,2,31,31,0,0,0,0,0,0,0,0,0,0,0,0
644,Keone Kela,22,TEX,1st,68,0,6,68,68,0,0,0,0,0,0,0,0,0,0,0,0
645,Shawn Kelley,31,SDP,7,53,0,50,53,53,0,0,0,0,0,0,0,0,0,0,0,0
646,Casey Kelly,25,SDP,2,3,2,3,3,3,0,0,0,0,0,0,0,0,0,0,0,0
647,Don Kelly,35,MIA,8,2,1,2,2,0,0,1,0,1,0,0,0,0,0,0,0,1
648,Joe Kelly,27,BOS,4,25,25,2,25,25,0,0,0,0,0,0,0,0,0,0,0,0
649,Ryan Kelly,27,ATL,1st,17,0,16,17,17,0,0,0,0,0,0,0,0,0,0,0,0
650,Matt Kemp,30,SDP,10,154,152,154,149,0,0,0,0,0,0,0,0,149,149,3,2,0
651,Howie Kendrick,31,LAD,10,117,112,117,113,0,0,0,113,0,0,0,0,0,0,0,4,0
652,Kyle Kendrick,30,COL,9,27,27,25,27,27,0,0,0,0,0,0,0,0,0,0,0,0
653,Ian Kennedy,30,SDP,9,30,30,27,30,30,0,0,0,0,0,0,0,0,0,0,0,0
654,Logan Kensing,32,SEA,8,19,0,0,19,19,0,0,0,0,0,0,0,0,0,0,0,0
655,Max Kepler,22,MIN,1st,3,1,3,2,0,0,0,0,0,0,0,0,2,2,0,2,0
656,Clayton Kershaw,27,LAD,8,34,33,31,33,33,0,0,0,0,0,0,0,0,0,0,1,0
657,Dallas Keuchel,27,HOU,4,33,33,2,33,33,0,0,0,0,0,0,0,0,0,0,0,0
658,Kevin Kiermaier,25,TBR,3,151,131,151,149,0,0,0,0,0,0,0,148,2,149,0,9,3
659,Craig Kimbrel,27,SDP,6,61,0,54,61,61,0,0,0,0,0,0,0,0,0,0,0,0
660,Ian Kinsler,33,DET,10,154,152,154,153,0,0,0,153,0,0,0,0,0,0,1,1,0
661,Brandon Kintzler,30,MIL,6,7,0,7,7,7,0,0,0,0,0,0,0,0,0,0,0,0
662,Jason Kipnis,28,CLE,5,141,138,141,124,0,0,0,124,0,0,0,0,0,0,16,3,0
663,Phil Klein,26,TEX,2,11,2,0,11,11,0,0,0,0,0,0,0,0,0,0,0,0
664,Corey Kluber,29,CLE,5,32,32,2,32,32,0,0,0,0,0,0,0,0,0,0,0,0
665,Corey Knebel,23,MIL,2,48,0,44,48,48,0,0,0,0,0,0,0,0,0,0,0,0
666,Guido Knudson,25,DET,1st,4,0,1,4,4,0,0,0,0,0,0,0,0,0,0,0,0
667,Tom Koehler,29,MIA,4,32,31,30,32,32,0,0,0,0,0,0,0,0,0,0,0,0
668,Michael Kohn,29,ATL,5,6,0,6,6,6,0,0,0,0,0,0,0,0,0,0,0,0
669,George Kontos,30,SFG,5,73,0,70,73,73,0,0,0,0,0,0,0,0,0,0,0,0
670,Pete Kozma,27,STL,5,76,18,76,59,0,0,1,17,13,31,1,0,0,1,1,20,18
671,Erik Kratz,35,2TM,6,16,5,16,9,0,7,2,0,0,0,0,0,0,0,0,7,0
672,Marc Krauss,27,3TM,3,27,23,27,20,0,0,20,0,0,0,1,0,0,1,7,1,0
673,Ian Krol,24,DET,3,33,0,2,33,33,0,0,0,0,0,0,0,0,0,0,0,0
674,Kyle Kubitza,24,LAA,1st,19,10,19,16,0,0,0,2,13,0,2,0,0,2,1,3,3
675,Tommy La Stella,26,CHC,2,33,17,33,24,0,0,0,14,12,0,0,0,0,0,0,16,0
676,John Lackey,36,STL,13,33,33,31,33,33,0,0,0,0,0,0,0,0,0,0,0,0
677,Tyler Ladendorf,27,OAK,1st,9,4,9,8,0,0,0,2,1,1,3,2,0,5,0,3,0
678,Aaron Laffey,30,COL,8,3,0,3,3,3,0,0,0,0,0,0,0,0,0,0,0,0
679,Bobby LaFromboise,29,PIT,3,11,0,11,11,11,0,0,0,0,0,0,0,0,0,0,0,0
680,Juan Lagares,26,NYM,3,143,106,143,139,0,0,0,0,0,0,0,137,2,139,0,12,2
681,Gerald Laird,35,ARI,13,1,1,1,1,0,1,0,0,0,0,0,0,0,0,0,0,0
682,Junior Lake,25,2TM,3,29,17,29,21,0,0,0,0,0,0,10,3,10,21,2,9,1
683,Ryan LaMarre,26,CIN,1st,21,5,21,16,0,0,0,0,0,0,2,13,1,16,0,4,3
684,Jake Lamb,24,ARI,2,107,89,107,100,0,0,8,0,95,0,0,0,0,0,0,11,0
685,John Lamb,24,CIN,1st,10,10,10,10,10,0,0,0,0,0,0,0,0,0,0,0,0
686,Andrew Lambo,26,PIT,3,20,3,20,8,0,0,0,0,0,0,3,0,5,8,0,14,0
687,Adam LaRoche,35,CHW,12,127,116,127,49,1,0,48,0,0,0,0,0,0,0,74,9,0
688,Mat Latos,27,3TM,7,24,21,21,24,24,0,0,0,0,0,0,0,0,0,0,0,0
689,Ryan Lavarnway,27,2TM,5,37,25,37,31,0,30,1,0,0,0,0,0,0,0,0,7,0
690,Brett Lawrie,25,OAK,5,149,147,149,147,0,0,0,42,109,0,0,0,0,0,1,1,0
691,Tommy Layne,30,BOS,4,64,0,8,64,64,0,0,0,0,0,0,0,0,0,0,0,0
692,Raudel Lazo,26,MIA,1st,7,0,7,7,7,0,0,0,0,0,0,0,0,0,0,0,0
693,Mike Leake,27,2TM,6,37,30,34,30,30,0,0,0,0,0,0,0,0,0,0,4,3
694,Jack Leathersich,24,NYM,1st,17,0,16,17,17,0,0,0,0,0,0,0,0,0,0,0,0
695,Sam LeCure,31,CIN,6,19,0,19,19,19,0,0,0,0,0,0,0,0,0,0,0,0
696,C.C. Lee,28,CLE,3,2,0,0,2,2,0,0,0,0,0,0,0,0,0,0,0,0
697,Zach Lee,23,LAD,1st,1,1,1,1,1,0,0,0,0,0,0,0,0,0,0,0,0
698,DJ LeMahieu,26,COL,5,150,146,150,149,0,0,0,149,0,0,0,0,0,0,0,1,0
699,Arnold Leon,26,OAK,1st,19,0,0,19,19,0,0,0,0,0,0,0,0,0,0,0,0
700,Sandy Leon,26,BOS,4,41,33,41,38,0,37,0,0,1,0,0,0,0,0,3,4,0
701,Dominic Leone,23,2TM,2,13,0,4,13,13,0,0,0,0,0,0,0,0,0,0,0,0
702,Jon Lester,31,CHC,10,32,32,30,32,32,0,0,0,0,0,0,0,0,0,0,0,0
703,Colby Lewis,35,TEX,10,33,33,1,33,33,0,0,0,0,0,0,0,0,0,0,0,0
704,Adam Liberatore,28,LAD,1st,39,0,38,39,39,0,0,0,0,0,0,0,0,0,0,0,0
705,Tim Lincecum,31,SFG,9,16,15,16,15,15,0,0,0,0,0,0,0,0,0,0,0,1
706,Adam Lind,31,MIL,10,149,135,149,138,0,0,138,0,0,0,0,0,0,0,1,14,0
707,Jacob Lindgren,22,NYY,1st,7,0,0,7,7,0,0,0,0,0,0,0,0,0,0,0,0
708,Francisco Lindor,21,CLE,1st,99,97,99,98,0,0,0,0,0,98,0,0,0,0,1,2,0
709,Francisco Liriano,31,PIT,10,31,31,29,31,31,0,0,0,0,0,0,0,0,0,0,0,0
710,Radhames Liz,31,PIT,4,14,0,14,14,14,0,0,0,0,0,0,0,0,0,0,0,0
711,Jose Lobaton,30,WSN,6,44,38,44,42,0,42,0,0,0,0,0,0,0,0,0,2,0
712,Kyle Lobstein,25,DET,2,13,11,0,13,13,0,0,0,0,0,0,0,0,0,0,0,0
713,Jeff Locke,27,PIT,5,30,30,29,30,30,0,0,0,0,0,0,0,0,0,0,0,0
714,Adam Loewen,31,PHI,5,20,0,19,20,20,0,0,0,0,0,0,0,0,0,0,0,0
715,Boone Logan,30,COL,10,60,0,57,60,60,0,0,0,0,0,0,0,0,0,0,0,0
716,Kyle Lohse,36,MIL,15,41,22,38,37,37,0,0,0,0,0,0,0,0,0,0,2,2
717,Ryan Lollis,28,SFG,1st,5,3,5,4,0,0,0,0,0,0,3,0,1,4,0,1,0
718,Steve Lombardozzi,26,PIT,5,12,0,12,0,0,0,0,0,0,0,0,0,0,0,0,11,1
719,James Loney,31,TBR,10,104,93,104,101,0,0,101,0,0,0,0,0,0,0,2,7,0
720,Evan Longoria,29,TBR,8,160,158,160,148,0,0,0,0,148,0,0,0,0,0,11,1,1
721,Javier Lopez,37,SFG,13,77,0,71,77,77,0,0,0,0,0,0,0,0,0,0,0,0
722,Jorge Lopez,22,MIL,1st,2,2,2,2,2,0,0,0,0,0,0,0,0,0,0,0,0
723,Michael Lorenzen,23,CIN,1st,33,21,30,27,27,0,0,0,0,0,0,0,0,0,0,4,3
724,David Lough,29,BAL,4,84,34,84,77,0,0,0,0,0,0,49,26,2,77,1,4,13
725,Aaron Loup,27,TOR,4,60,0,2,60,60,0,0,0,0,0,0,0,0,0,0,0,0
726,Mark Lowe,32,2TM,10,57,0,4,57,57,0,0,0,0,0,0,0,0,0,0,0,0
727,Jed Lowrie,31,HOU,8,69,62,69,63,0,0,0,0,47,17,0,0,0,0,2,6,0
728,Jonathan Lucroy,29,MIL,6,103,92,103,93,0,86,7,0,0,0,0,0,0,0,1,11,0
729,Lucas Luetge,28,SEA,4,1,0,0,1,1,0,0,0,0,0,0,0,0,0,0,0,0
730,Jordan Lyles,24,COL,5,11,10,10,10,10,0,0,0,0,0,0,0,0,0,0,1,0
731,Lance Lynn,28,STL,5,31,31,28,31,31,0,0,0,0,0,0,0,0,0,0,0,0
732,Tyler Lyons,27,STL,3,17,8,17,17,17,0,0,0,0,0,0,0,0,0,0,0,0
733,Dixon Machado,23,DET,1st,24,20,24,24,0,0,0,0,0,24,0,0,0,0,0,2,0
734,Manny Machado,22,BAL,4,162,162,162,162,0,0,0,0,156,7,0,0,0,0,0,0,0
735,Jean Machi,33,2TM,4,59,0,36,59,59,0,0,0,0,0,0,0,0,0,0,0,0
736,Ryan Madson,34,KCR,10,68,0,7,68,68,0,0,0,0,0,0,0,0,0,0,0,0
737,Mikie Mahtook,25,TBR,1st,41,26,41,36,0,0,0,0,0,0,16,13,12,36,3,5,4
738,Luke Maile,24,TBR,1st,15,9,15,15,0,15,0,0,0,0,0,0,0,0,0,2,0
739,Martin Maldonado,28,MIL,5,79,66,79,74,0,74,1,0,0,0,0,0,0,0,0,6,0
740,Seth Maness,26,STL,3,77,0,74,76,76,0,0,0,0,0,0,0,0,0,0,1,0
741,Jeff Manship,30,CLE,7,32,0,4,32,32,0,0,0,0,0,0,0,0,0,0,0,0
742,Shaun Marcum,33,CLE,9,7,6,0,7,7,0,0,0,0,0,0,0,0,0,0,0,0
743,Sugar Ray Marimon,26,ATL,1st,16,0,14,16,16,0,0,0,0,0,0,0,0,0,0,0,0
744,Michael Mariot,26,KCR,2,2,0,0,2,2,0,0,0,0,0,0,0,0,0,0,0,0
745,Jake Marisnick,24,HOU,3,133,101,133,126,0,0,0,0,0,0,16,99,13,126,1,5,13
746,Nick Markakis,31,ATL,10,156,156,156,153,0,0,0,0,0,0,0,0,153,153,3,0,0
747,Matt Marksberry,24,ATL,1st,31,0,30,31,31,0,0,0,0,0,0,0,0,0,0,0,0
748,Jason Marquis,36,CIN,15,10,9,8,9,9,0,0,0,0,0,0,0,0,0,0,1,0
749,Deven Marrero,24,BOS,1st,25,12,25,20,0,0,0,3,13,6,0,0,0,0,5,1,6
750,Evan Marshall,25,ARI,2,13,0,13,13,13,0,0,0,0,0,0,0,0,0,0,0,0
751,Alfredo Marte,26,LAA,3,5,2,5,3,0,0,0,0,0,0,2,0,1,3,1,0,1
752,Jefry Marte,24,DET,1st,33,20,33,28,0,0,22,0,7,0,0,0,0,0,3,7,3
753,Ketel Marte,21,SEA,1st,57,54,57,57,0,0,0,4,0,51,0,2,0,2,0,0,2
754,Starling Marte,26,PIT,4,153,143,153,151,0,0,0,0,0,0,141,18,0,151,0,2,6
755,Chris Martin,29,NYY,2,24,0,2,24,24,0,0,0,0,0,0,0,0,0,0,0,0
756,Cody Martin,25,2TM,1st,25,2,19,25,25,0,0,0,0,0,0,0,0,0,0,0,0
757,Leonys Martin,27,TEX,5,95,71,95,92,0,0,0,0,0,0,0,92,0,92,2,6,2
758,Rafael Martin,31,WSN,1st,13,0,12,13,13,0,0,0,0,0,0,0,0,0,0,0,0
759,Russell Martin,32,TOR,10,129,118,129,117,0,117,0,2,0,0,0,0,0,0,5,9,0
760,Carlos Martinez,23,STL,3,32,29,31,31,31,0,0,0,0,0,0,0,0,0,0,0,1
761,J.D. Martinez,27,DET,5,158,157,158,148,0,0,0,0,0,0,0,0,148,148,10,1,0
762,Michael Martinez,32,CLE,5,16,7,16,13,0,0,0,0,1,0,9,2,1,12,2,1,5
763,Nick Martinez,24,TEX,2,24,21,2,24,24,0,0,0,0,0,0,0,0,0,0,0,0
764,Victor Martinez,36,DET,13,120,114,120,10,0,0,10,0,0,0,0,0,0,0,104,6,0
765,Nick Masset,33,2TM,8,28,0,27,28,28,0,0,0,0,0,0,0,0,0,0,0,0
766,Justin Masterson,30,BOS,8,18,9,1,18,18,0,0,0,0,0,0,0,0,0,0,0,0
767,Marcos Mateo,31,SDP,3,26,0,25,26,26,0,0,0,0,0,0,0,0,0,0,0,0
768,Jeff Mathis,32,MIA,11,32,29,32,30,0,30,0,0,0,0,0,0,0,0,0,2,0
769,Ryan Mattheus,31,2TM,5,58,0,54,58,58,0,0,0,0,0,0,0,0,0,0,0,0
770,Brian Matusz,28,BAL,7,58,0,5,58,58,0,0,0,0,0,0,0,0,0,0,0,0
771,Steven Matz,24,NYM,1st,6,6,6,6,6,0,0,0,0,0,0,0,0,0,0,0,0
772,Tyler Matzek,24,COL,2,6,5,6,5,5,0,0,0,0,0,0,0,0,0,0,1,0
773,Joe Mauer,32,MIN,12,158,154,158,137,0,0,137,0,0,0,0,0,0,0,20,3,0
774,Brandon Maurer,24,SDP,3,53,0,47,53,53,0,0,0,0,0,0,0,0,0,0,0,0
775,Justin Maxwell,31,SFG,7,100,59,100,79,0,0,0,0,0,0,19,3,58,79,0,29,0
776,Trevor May,25,MIN,2,48,16,3,48,48,0,0,0,0,0,0,0,0,0,0,0,0
777,John Mayberry,31,NYM,7,59,23,59,29,0,0,0,0,0,0,19,0,11,29,2,34,0
778,Cameron Maybin,28,ATL,9,141,126,141,139,0,0,0,0,0,0,0,139,0,139,0,2,3
779,Vin Mazzaro,28,MIA,7,10,0,8,10,10,0,0,0,0,0,0,0,0,0,0,0,0
780,Cory Mazzoni,25,SDP,1st,8,0,7,8,8,0,0,0,0,0,0,0,0,0,0,0,0
781,Zach McAllister,27,CLE,5,61,1,7,61,61,0,0,0,0,0,0,0,0,0,0,0,0
782,Matt McBride,30,COL,3,20,8,20,8,0,0,4,0,0,0,3,0,2,5,0,12,0
783,Brian McCann,31,NYY,11,135,122,135,126,0,126,10,0,0,0,0,0,0,0,4,13,0
784,James McCann,25,DET,2,114,103,114,112,0,112,0,0,0,0,0,0,0,0,1,6,0
785,Brandon McCarthy,31,LAD,10,4,4,4,4,4,0,0,0,0,0,0,0,0,0,0,0,0
786,Lance McCullers,21,HOU,1st,22,22,1,22,22,0,0,0,0,0,0,0,0,0,0,0,0
787,Andrew McCutchen,28,PIT,7,157,154,157,152,0,0,0,0,0,0,0,152,0,152,3,2,0
788,T.J. McFarland,26,BAL,3,30,0,1,30,30,0,0,0,0,0,0,0,0,0,0,0,0
789,Jake McGee,28,TBR,6,39,0,4,39,39,0,0,0,0,0,0,0,0,0,0,0,0
790,Casey McGehee,32,2TM,7,109,53,109,63,0,0,21,0,43,0,0,0,0,0,2,50,0
791,Scott McGough,25,MIA,1st,6,0,6,6,6,0,0,0,0,0,0,0,0,0,0,0,0
792,Dustin McGowan,33,PHI,8,14,1,13,14,14,0,0,0,0,0,0,0,0,0,0,0,0
793,Collin McHugh,28,HOU,4,32,32,3,32,32,0,0,0,0,0,0,0,0,0,0,0,0
794,Michael McKenry,30,COL,6,58,32,58,32,0,32,0,0,0,0,0,0,0,0,1,25,0
795,Andrew McKirahan,25,ATL,1st,27,0,24,27,27,0,0,0,0,0,0,0,0,0,0,0,0
796,Yoervis Medina,26,2TM,3,17,0,5,17,17,0,0,0,0,0,0,0,0,0,0,0,0
797,Kris Medlen,29,KCR,6,15,8,2,15,15,0,0,0,0,0,0,0,0,0,0,0,0
798,Jenrry Mejia,25,NYM,5,7,0,7,7,7,0,0,0,0,0,0,0,0,0,0,0,0
799,Mark Melancon,30,PIT,7,78,0,72,78,78,0,0,0,0,0,0,0,0,0,0,0,0
800,Roman Mendez,24,2TM,2,15,0,2,15,15,0,0,0,0,0,0,0,0,0,0,0,0
801,Jordy Mercer,28,PIT,4,116,108,116,115,0,0,0,0,0,115,0,0,0,0,0,3,0
802,Devin Mesoraco,27,CIN,5,23,9,23,6,0,6,0,0,0,0,0,0,0,0,4,13,0
803,Alex Meyer,25,MIN,1st,2,0,2,2,2,0,0,0,0,0,0,0,0,0,0,0,0
804,Will Middlebrooks,26,SDP,4,83,65,83,75,0,0,2,0,69,8,0,0,0,0,0,12,0
805,Wade Miley,28,BOS,5,32,32,1,32,32,0,0,0,0,0,0,0,0,0,0,0,0
806,Andrew Miller,30,NYY,10,60,0,4,60,60,0,0,0,0,0,0,0,0,0,0,0,0
807,Brad Miller,25,SEA,3,144,125,144,129,0,0,0,11,2,89,15,20,6,35,10,8,6
808,Justin Miller,28,COL,2,34,0,31,34,34,0,0,0,0,0,0,0,0,0,0,0,0
809,Shelby Miller,24,ATL,4,33,33,32,33,33,0,0,0,0,0,0,0,0,0,0,0,0
810,Brad Mills,30,OAK,6,1,1,0,1,1,0,0,0,0,0,0,0,0,0,0,0,0
811,Tommy Milone,28,MIN,5,24,23,1,24,24,0,0,0,0,0,0,0,0,0,0,0,0
812,Bryan Mitchell,24,NYY,2,20,2,3,20,20,0,0,0,0,0,0,0,0,0,0,0,0
813,Yadier Molina,32,STL,12,136,132,136,134,0,134,0,0,0,0,0,0,0,0,1,3,0
814,Johnny Monell,29,NYM,2,27,9,27,12,0,12,0,0,0,0,0,0,0,0,0,15,0
815,Frankie Montas,22,CHW,1st,7,2,0,7,7,0,0,0,0,0,0,0,0,0,0,0,0
816,Jesus Montero,25,SEA,5,38,32,38,27,0,0,27,0,0,0,0,0,0,0,7,6,0
817,Miguel Montero,31,CHC,10,113,91,113,109,0,109,0,0,0,0,0,0,0,0,1,18,0
818,Rafael Montero,24,NYM,2,5,1,5,5,5,0,0,0,0,0,0,0,0,0,0,0,0
819,Mike Montgomery,25,SEA,1st,16,16,1,16,16,0,0,0,0,0,0,0,0,0,0,0,0
820,Adam Moore,31,CLE,7,1,1,1,1,0,1,0,0,0,0,0,0,0,0,0,0,0
821,Matt Moore,26,TBR,5,12,12,1,12,12,0,0,0,0,0,0,0,0,0,0,0,0
822,Tyler Moore,28,WSN,4,97,36,97,58,1,0,39,0,0,0,20,0,1,21,0,50,1
823,Franklin Morales,29,KCR,9,67,0,5,67,67,0,0,0,0,0,0,0,0,0,0,0,0
824,Kendrys Morales,32,KCR,9,158,150,158,9,0,0,9,0,0,0,0,0,0,0,141,8,0
825,Brent Morel,28,PIT,6,3,2,3,2,0,0,0,0,2,0,0,0,0,0,0,1,0
826,Mitch Moreland,29,TEX,6,132,117,132,120,0,0,120,0,0,0,0,0,0,0,7,14,0
827,Diego Moreno,27,NYY,1st,4,0,0,4,4,0,0,0,0,0,0,0,0,0,0,0,0
828,Adam Morgan,25,PHI,1st,15,15,13,15,15,0,0,0,0,0,0,0,0,0,0,0,0
829,Mike Morin,24,LAA,2,47,0,2,47,47,0,0,0,0,0,0,0,0,0,0,0,0
830,Justin Morneau,34,COL,13,49,43,49,44,0,0,44,0,0,0,0,0,0,0,1,4,0
831,Akeel Morris,22,NYM,1st,1,0,0,1,1,0,0,0,0,0,0,0,0,0,0,0,0
832,Bryan Morris,28,MIA,4,67,0,64,67,67,0,0,0,0,0,0,0,0,0,0,0,0
833,Logan Morrison,27,SEA,6,146,117,146,143,0,0,140,0,0,0,1,0,3,4,1,11,6
834,Brandon Morrow,30,SDP,9,5,5,5,5,5,0,0,0,0,0,0,0,0,0,0,0,0
835,Michael Morse,33,2TM,11,98,57,98,63,0,0,58,0,0,0,6,0,0,6,1,39,0
836,Charlie Morton,31,PIT,8,23,23,21,23,23,0,0,0,0,0,0,0,0,0,0,0,0
837,Jon Moscot,23,CIN,1st,3,3,2,3,3,0,0,0,0,0,0,0,0,0,0,0,0
838,Brandon Moss,31,2TM,9,145,124,145,130,0,0,42,0,0,0,10,0,82,92,5,19,0
839,Jason Motte,33,CHC,7,57,0,55,57,57,0,0,0,0,0,0,0,0,0,0,0,0
840,Mike Moustakas,26,KCR,5,147,140,147,146,0,0,0,0,146,0,0,0,0,0,0,4,0
841,Steven Moya,23,DET,2,9,5,9,7,0,0,0,0,0,0,2,0,5,7,2,1,1
842,Peter Moylan,36,ATL,9,22,0,22,22,22,0,0,0,0,0,0,0,0,0,0,0,0
843,Edward Mujica,31,2TM,10,49,0,4,49,49,0,0,0,0,0,0,0,0,0,0,0,0
844,Max Muncy,24,OAK,1st,45,27,45,37,0,0,23,0,16,0,0,0,0,0,1,11,1
845,Daniel Muno,26,NYM,1st,17,5,17,6,0,0,0,1,5,0,0,0,0,0,1,11,0
846,Toru Murata,30,CLE,1st,1,1,0,1,1,0,0,0,0,0,0,0,0,0,0,0,0
847,Daniel Murphy,30,NYM,7,130,121,130,121,0,0,17,69,42,0,0,0,0,0,1,8,0
848,David Murphy,33,2TM,10,132,92,132,69,1,0,0,0,0,0,53,0,17,69,42,37,0
849,John Ryan Murphy,24,NYY,3,67,43,67,65,0,65,0,0,0,0,0,0,0,0,1,3,3
850,Tom Murphy,24,COL,1st,11,10,11,11,0,11,0,0,0,0,0,0,0,0,0,0,0
851,Colton Murray,25,PHI,1st,8,0,7,8,8,0,0,0,0,0,0,0,0,0,0,0,0
852,Wil Myers,24,SDP,3,60,56,60,56,0,0,22,0,0,0,4,38,2,42,0,3,1
853,Mike Napoli,33,2TM,10,133,115,133,121,0,0,111,0,0,0,11,0,0,11,4,11,1
854,Chris Narveson,33,MIA,7,15,2,14,15,15,0,0,0,0,0,0,0,0,0,0,0,0
855,Joe Nathan,40,DET,15,1,0,0,1,1,0,0,0,0,0,0,0,0,0,0,0,0
856,Daniel Nava,32,2TM,5,60,36,60,53,0,0,13,0,0,0,12,0,34,45,2,13,2
857,Dioner Navarro,31,TOR,12,54,44,54,39,0,39,0,0,0,0,0,0,0,0,11,7,0
858,Efren Navarro,29,LAA,4,54,20,54,46,0,0,29,0,0,0,15,0,3,17,2,8,2
859,Rey Navarro,25,BAL,1st,10,7,10,9,0,0,0,9,0,0,0,0,0,0,0,2,0
860,Kristopher Negron,29,CIN,3,43,20,43,35,0,0,2,6,2,10,10,5,2,16,0,7,4
861,Jimmy Nelson,26,MIL,3,30,30,27,30,30,0,0,0,0,0,0,0,0,0,0,0,0
862,Hector Neris,26,PHI,2,32,0,30,32,32,0,0,0,0,0,0,0,0,0,0,0,0
863,Angel Nesbitt,24,DET,1st,24,0,2,24,24,0,0,0,0,0,0,0,0,0,0,0,0
864,Pat Neshek,34,HOU,9,66,0,5,66,66,0,0,0,0,0,0,0,0,0,0,0,0
865,Juan Nicasio,28,LAD,5,54,1,52,53,53,0,0,0,0,0,0,0,0,0,0,0,1
866,Justin Nicolino,23,MIA,1st,13,12,13,12,12,0,0,0,0,0,0,0,0,0,0,0,1
867,Jon Niese,28,NYM,8,33,29,31,33,33,0,0,0,0,0,0,0,0,0,0,0,0
868,Kirk Nieuwenhuis,27,2TM,4,74,27,74,51,0,0,0,0,0,0,34,16,7,51,0,29,5
869,Wil Nieves,37,SDP,12,6,4,6,6,0,4,2,0,0,0,0,0,0,0,0,1,0
870,Rico Noel,26,NYY,1st,15,0,15,2,0,0,0,0,0,0,0,0,2,2,3,2,12
871,Hector Noesi,28,CHW,5,10,5,2,10,10,0,0,0,0,0,0,0,0,0,0,0,0
872,Aaron Nola,22,PHI,1st,13,13,13,13,13,0,0,0,0,0,0,0,0,0,0,0,0
873,Ricky Nolasco,32,MIN,10,9,8,1,9,9,0,0,0,0,0,0,0,0,0,0,0,0
874,Sean Nolin,25,OAK,3,6,6,0,6,6,0,0,0,0,0,0,0,0,0,0,0,0
875,Nick Noonan,26,SFG,2,14,5,14,8,0,0,3,0,0,5,0,0,0,0,0,5,2
876,Bud Norris,30,2TM,7,38,11,22,38,38,0,0,0,0,0,0,0,0,0,0,0,0
877,Daniel Norris,22,2TM,2,13,13,1,13,13,0,0,0,0,0,0,0,0,0,0,0,0
878,Derek Norris,26,SDP,4,147,132,147,137,0,128,17,0,0,0,0,0,0,0,1,14,0
879,Ivan Nova,28,NYY,6,17,17,0,17,17,0,0,0,0,0,0,0,0,0,0,0,0
880,Eduardo Nunez,28,MIN,6,72,48,72,47,0,0,0,1,16,27,3,0,0,3,16,9,9
881,Vidal Nuno,27,2TM,3,35,10,6,35,35,0,0,0,0,0,0,0,0,0,0,0,0
882,Peter O'Brien,24,ARI,1st,8,1,8,3,0,0,0,0,0,0,3,0,0,3,0,6,0
883,Darren O'Day,32,BAL,8,68,0,5,68,68,0,0,0,0,0,0,0,0,0,0,0,0
884,Eric O'Flaherty,30,2TM,10,41,0,18,41,41,0,0,0,0,0,0,0,0,0,0,0,0
885,Shawn O'Malley,27,SEA,2,24,12,24,17,0,0,0,0,3,0,4,14,3,16,1,8,3
886,Ryan O'Rourke,27,MIN,1st,28,0,0,28,28,0,0,0,0,0,0,0,0,0,0,0,0
887,Sean O'Sullivan,27,PHI,6,13,13,12,13,13,0,0,0,0,0,0,0,0,0,0,0,0
888,Scott Oberg,25,COL,1st,64,0,61,64,64,0,0,0,0,0,0,0,0,0,0,0,0
889,Brett Oberholtzer,25,HOU,3,8,8,1,8,8,0,0,0,0,0,0,0,0,0,0,0,0
890,Rougned Odor,21,TEX,2,120,113,120,119,0,0,0,119,0,0,0,0,0,0,0,5,1
891,Jake Odorizzi,25,TBR,4,28,28,2,28,28,0,0,0,0,0,0,0,0,0,0,0,0
892,Alexi Ogando,31,BOS,6,64,0,4,64,64,0,0,0,0,0,0,0,0,0,0,0,0
893,Nefi Ogando,26,PHI,1st,4,0,4,4,4,0,0,0,0,0,0,0,0,0,0,0,0
894,Ross Ohlendorf,32,TEX,8,21,0,1,21,21,0,0,0,0,0,0,0,0,0,0,0,0
895,Hector Olivera,30,ATL,1st,24,21,24,21,0,0,0,0,21,0,0,0,0,0,0,3,0
896,Edgar Olmos,25,SEA,2,6,2,0,6,6,0,0,0,0,0,0,0,0,0,0,0,0
897,Tyler Olson,25,SEA,1st,11,0,2,11,11,0,0,0,0,0,0,0,0,0,0,0,0
898,Mike Olt,26,2TM,3,30,26,30,29,0,0,5,0,26,0,0,0,0,0,0,3,0
899,Paulo Orlando,29,KCR,1st,86,63,86,79,0,0,0,0,0,0,37,5,45,79,3,3,7
900,David Ortiz,39,BOS,19,146,143,146,9,0,0,9,0,0,0,0,0,0,0,134,3,0
901,Josh Osich,26,SFG,1st,35,0,34,35,35,0,0,0,0,0,0,0,0,0,0,0,0
902,Roberto Osuna,20,TOR,1st,68,0,4,68,68,0,0,0,0,0,0,0,0,0,0,0,0
903,Dan Otero,30,OAK,4,41,0,2,41,41,0,0,0,0,0,0,0,0,0,0,0,0
904,Adam Ottavino,29,COL,5,10,0,10,10,10,0,0,0,0,0,0,0,0,0,0,0,0
905,Henry Owens,22,BOS,1st,11,11,1,11,11,0,0,0,0,0,0,0,0,0,0,0,0
906,Chris Owings,23,ARI,3,147,130,147,138,0,0,0,115,0,35,0,0,0,0,0,10,1
907,Marcell Ozuna,24,MIA,3,123,119,123,122,0,0,0,0,0,0,0,111,15,122,0,2,0
908,Jordan Pacheco,29,ARI,5,29,13,29,20,0,18,2,0,1,0,0,0,0,0,0,12,0
909,Angel Pagan,33,SFG,10,133,123,133,124,0,0,0,0,0,0,0,124,0,124,1,9,1
910,Joe Panik,24,SFG,2,100,95,100,99,0,0,0,99,0,0,0,0,0,0,0,4,0
911,Jonathan Papelbon,34,2TM,11,59,0,58,59,59,0,0,0,0,0,0,0,0,0,0,0,0
912,Jimmy Paredes,26,BAL,5,104,86,104,17,0,0,0,6,8,0,1,0,2,3,81,11,1
913,Jarrett Parker,26,SFG,1st,21,12,21,15,0,0,0,0,0,0,5,4,9,15,0,8,0
914,Kyle Parker,25,COL,2,46,27,46,33,0,0,2,0,0,0,28,0,5,32,0,13,0
915,Chris Parmelee,27,BAL,5,32,26,32,32,0,0,25,0,0,0,0,0,8,8,0,2,0
916,Bobby Parnell,30,NYM,8,30,0,28,30,30,0,0,0,0,0,0,0,0,0,0,0,0
917,Gerardo Parra,28,2TM,7,155,126,155,144,0,0,0,0,0,0,53,41,63,144,0,21,1
918,Manny Parra,32,CIN,8,40,0,40,40,40,0,0,0,0,0,0,0,0,0,0,0,0
919,Andy Parrino,29,OAK,5,17,1,17,16,0,0,0,0,6,10,0,0,0,0,0,2,2
920,Spencer Patton,27,TEX,2,27,0,2,27,27,0,0,0,0,0,0,0,0,0,0,0,0
921,Ben Paulsen,27,COL,2,116,79,116,102,0,0,91,0,0,0,19,0,1,20,0,21,2
922,James Paxton,26,SEA,3,13,13,1,13,13,0,0,0,0,0,0,0,0,0,0,0,0
923,James Pazos,24,NYY,1st,11,0,2,11,11,0,0,0,0,0,0,0,0,0,0,0,0
924,Brad Peacock,27,HOU,4,1,1,0,1,1,0,0,0,0,0,0,0,0,0,0,0,0
925,Steve Pearce,32,BAL,9,92,79,92,87,0,0,28,18,0,0,41,0,8,49,1,10,0
926,Jake Peavy,34,SFG,14,19,19,19,19,19,0,0,0,0,0,0,0,0,0,0,0,0
927,Joc Pederson,23,LAD,2,151,137,151,147,0,0,0,0,0,0,0,147,0,147,0,9,1
928,Dustin Pedroia,31,BOS,10,93,93,93,92,0,0,0,92,0,0,0,0,0,0,1,0,0
929,Carlos Peguero,28,2TM,5,34,18,34,31,0,0,0,0,0,0,25,1,9,31,0,10,0
930,Mike Pelfrey,31,MIN,10,30,30,2,30,30,0,0,0,0,0,0,0,0,0,0,0,0
931,Ariel Pena,26,MIL,1st,6,5,6,6,6,0,0,0,0,0,0,0,0,0,0,0,0
932,Brayan Pena,33,CIN,11,108,85,108,90,0,86,5,0,0,0,0,0,0,0,1,19,0
933,Francisco Pena,25,KCR,2,8,1,8,8,0,8,0,0,0,0,0,0,0,0,0,1,0
934,Hunter Pence,32,SFG,9,52,51,52,51,0,0,0,0,0,0,0,0,51,51,1,1,0
935,Cliff Pennington,31,2TM,8,105,47,105,78,0,0,0,33,18,29,8,0,0,8,1,29,7
936,David Peralta,27,ARI,2,149,116,149,132,0,0,0,0,0,0,126,1,9,132,0,21,0
937,Jhonny Peralta,33,STL,13,155,149,155,148,0,0,0,0,0,148,0,0,0,0,2,6,0
938,Joel Peralta,39,LAD,11,33,0,33,33,33,0,0,0,0,0,0,0,0,0,0,0,0
939,Wily Peralta,26,MIL,4,20,20,19,20,20,0,0,0,0,0,0,0,0,0,0,0,0
940,Jose Peraza,21,LAD,1st,7,6,7,7,0,0,0,6,0,0,0,1,0,1,0,0,1
941,Carlos Perez,24,LAA,1st,86,75,86,82,0,80,2,0,0,0,0,0,0,0,1,4,1
942,Eury Perez,25,ATL,4,47,30,47,36,0,0,0,0,0,0,29,3,6,36,1,12,1
943,Hernan Perez,24,2TM,4,112,66,112,101,0,0,7,19,80,6,0,0,0,0,1,22,5
944,Juan Perez,28,SFG,3,22,8,22,13,0,0,0,1,0,0,8,5,0,12,0,9,1
945,Martin Perez,24,TEX,4,14,14,1,14,14,0,0,0,0,0,0,0,0,0,0,0,0
946,Oliver Perez,33,2TM,13,70,0,46,70,70,0,0,0,0,0,0,0,0,0,0,0,0
947,Roberto Perez,26,CLE,2,70,62,70,69,0,69,0,0,0,0,0,0,0,0,1,0,0
948,Salvador Perez,25,KCR,5,142,139,142,140,0,139,1,0,0,0,0,0,0,0,2,1,0
949,Williams Perez,24,ATL,1st,23,20,21,23,23,0,0,0,0,0,0,0,0,0,0,0,0
950,Glen Perkins,32,MIN,10,60,0,4,60,60,0,0,0,0,0,0,0,0,0,0,0,0
951,Vinnie Pestano,30,LAA,6,19,0,1,19,19,0,0,0,0,0,0,0,0,0,0,0,0
952,Jace Peterson,25,ATL,2,152,137,152,144,0,0,0,144,0,0,0,0,0,0,0,11,2
953,Shane Peterson,27,MIL,2,93,45,93,54,0,0,2,0,0,0,33,20,9,52,1,39,1
954,Gregorio Petit,30,NYY,4,20,13,20,16,0,0,0,13,3,0,0,0,0,0,3,4,1
955,Yusmeiro Petit,30,SFG,8,42,1,40,42,42,0,0,0,0,0,0,0,0,0,0,0,0
956,Jake Petricka,27,CHW,3,62,0,5,62,62,0,0,0,0,0,0,0,0,0,0,0,0
957,Tommy Pham,27,STL,2,52,35,52,44,0,0,0,0,0,0,18,33,3,44,0,12,1
958,Josh Phegley,27,OAK,3,73,62,73,68,0,68,0,0,0,0,0,0,0,0,0,8,1
959,David Phelps,28,MIA,4,23,19,23,23,23,0,0,0,0,0,0,0,0,0,0,0,0
960,Brandon Phillips,34,CIN,14,148,141,148,141,0,0,0,141,0,1,0,0,0,0,0,7,0
961,A.J. Pierzynski,38,ATL,18,113,105,113,107,0,107,0,0,0,0,0,0,0,0,1,6,0
962,Kevin Pillar,26,TOR,3,159,155,159,158,0,0,0,0,0,0,14,142,3,158,0,1,1
963,Stolmy Pimentel,25,TEX,3,8,0,1,8,8,0,0,0,0,0,0,0,0,0,0,0,0
964,Branden Pinder,26,NYY,1st,25,0,2,25,25,0,0,0,0,0,0,0,0,0,0,0,0
965,Michael Pineda,26,NYY,3,27,27,1,27,27,0,0,0,0,0,0,0,0,0,0,0,0
966,Yohan Pino,31,KCR,2,7,1,0,7,7,0,0,0,0,0,0,0,0,0,0,0,0
967,Jose Pirela,25,NYY,2,37,21,37,30,0,0,0,27,0,0,2,0,1,3,3,7,6
968,Stephen Piscotty,24,STL,1st,63,61,63,62,0,0,11,0,0,0,55,1,15,61,0,2,0
969,Kevin Plawecki,24,NYM,1st,73,66,73,70,0,70,0,0,0,0,0,0,0,0,0,3,0
970,Trevor Plouffe,29,MIN,6,152,151,152,152,0,0,17,0,140,0,0,0,0,0,0,0,0
971,Gregory Polanco,23,PIT,2,153,137,153,149,0,0,0,0,0,0,8,2,144,149,0,10,0
972,Jorge Polanco,21,MIN,2,4,3,4,4,0,0,0,0,0,4,0,0,0,0,0,1,0
973,A.J. Pollock,27,ARI,4,157,143,157,151,0,0,0,0,0,0,0,151,0,151,0,7,1
974,Drew Pomeranz,26,OAK,5,53,9,6,53,53,0,0,0,0,0,0,0,0,0,0,0,0
975,Dalton Pompey,22,TOR,2,34,24,34,27,0,0,0,0,0,0,6,21,0,27,4,0,7
976,Rick Porcello,26,BOS,7,28,28,1,28,28,0,0,0,0,0,0,0,0,0,0,0,0
977,Buster Posey,28,SFG,7,150,143,150,142,0,106,42,0,0,0,0,0,0,0,3,6,0
978,Martin Prado,31,MIA,10,129,127,129,129,0,0,0,11,124,0,0,0,0,0,0,1,0
979,Alex Presley,29,HOU,6,8,4,8,6,0,0,0,0,0,0,4,1,1,6,0,0,2
980,Ryan Pressly,26,MIN,3,27,0,6,27,27,0,0,0,0,0,0,0,0,0,0,0,0
981,David Price,29,2TM,8,32,32,3,32,32,0,0,0,0,0,0,0,0,0,0,0,0
982,Jason Pridie,31,OAK,7,6,1,6,4,0,0,0,0,0,0,1,1,2,4,1,4,0
983,Yasiel Puig,24,LAD,3,79,71,79,78,0,0,0,0,0,0,0,0,78,78,0,5,0
984,Albert Pujols,35,LAA,15,157,157,157,95,0,0,95,0,1,0,0,0,0,0,62,0,0
985,Zach Putnam,27,CHW,5,49,0,3,49,49,0,0,0,0,0,0,0,0,0,0,0,0
986,Kevin Quackenbush,26,SDP,2,57,0,56,57,57,0,0,0,0,0,0,0,0,0,0,0,0
987,Chad Qualls,36,HOU,12,60,0,4,60,60,0,0,0,0,0,0,0,0,0,0,0,0
988,Jose Quintana,26,CHW,4,32,32,4,32,32,0,0,0,0,0,0,0,0,0,0,0,0
989,Ryan Raburn,34,CLE,10,82,50,82,36,1,0,0,0,0,0,18,0,17,35,35,29,0
990,Alexei Ramirez,33,CHW,8,154,152,154,152,1,0,0,0,0,152,0,0,0,0,1,2,0
991,Aramis Ramirez,37,2TM,18,137,126,137,126,0,0,5,0,122,0,0,0,0,0,2,11,0
992,Erasmo Ramirez,25,TBR,4,34,27,2,34,34,0,0,0,0,0,0,0,0,0,0,0,0
993,Hanley Ramirez,31,BOS,11,105,103,105,92,0,0,0,0,1,0,92,0,0,92,11,2,0
994,J.C. Ramirez,26,2TM,2,20,0,12,20,20,0,0,0,0,0,0,0,0,0,0,0,0
995,Jose Ramirez,25,2TM,2,8,0,2,8,8,0,0,0,0,0,0,0,0,0,0,0,0
996,Jose Ramirez,22,CLE,3,97,84,97,94,0,0,0,33,13,46,2,0,0,2,1,3,3
997,Neil Ramirez,26,CHC,2,19,0,19,19,19,0,0,0,0,0,0,0,0,0,0,0,0
998,Noe Ramirez,25,BOS,1st,17,0,0,17,17,0,0,0,0,0,0,0,0,0,0,0,0
999,A.J. Ramos,28,MIA,4,71,0,69,71,71,0,0,0,0,0,0,0,0,0,0,0,0
1000,Cesar Ramos,31,LAA,7,65,0,6,65,65,0,0,0,0,0,0,0,0,0,0,0,0
1001,Wilson Ramos,27,WSN,6,128,124,128,125,0,125,0,0,0,0,0,0,0,0,1,3,0
1002,Anthony Ranaudo,25,TEX,2,4,2,1,4,4,0,0,0,0,0,0,0,0,0,0,0,0
1003,Colby Rasmus,28,HOU,7,137,115,137,131,0,0,0,0,0,0,72,43,43,131,0,12,0
1004,Cory Rasmus,27,LAA,3,16,1,2,16,16,0,0,0,0,0,0,0,0,0,0,0,0
1005,Rob Rasmussen,26,2TM,2,20,0,5,20,20,0,0,0,0,0,0,0,0,0,0,0,0
1006,Josh Ravin,27,LAD,1st,9,0,8,9,9,0,0,0,0,0,0,0,0,0,0,0,0
1007,Robbie Ray,23,ARI,2,23,23,19,23,23,0,0,0,0,0,0,0,0,0,0,0,0
1008,Colin Rea,24,SDP,1st,7,6,7,6,6,0,0,0,0,0,0,0,0,0,0,0,1
1009,J.T. Realmuto,24,MIA,2,126,116,126,118,0,118,0,0,0,0,0,0,0,0,0,7,3
1010,Chris Rearick,27,SDP,1st,5,0,5,5,5,0,0,0,0,0,0,0,0,0,0,0,0
1011,Anthony Recker,31,NYM,5,32,24,32,30,0,28,1,0,1,0,0,0,0,0,0,4,2
1012,Josh Reddick,28,OAK,7,149,135,149,143,0,0,0,0,0,0,0,1,143,143,2,13,0
1013,Todd Redmond,30,TOR,4,7,1,0,7,7,0,0,0,0,0,0,0,0,0,0,0,0
1014,Addison Reed,26,2TM,5,55,0,52,55,55,0,0,0,0,0,0,0,0,0,0,0,0
1015,Chris Reed,25,MIA,1st,2,0,2,2,2,0,0,0,0,0,0,0,0,0,0,0,0
1016,Michael Reed,22,MIL,1st,7,1,7,3,0,0,0,0,0,0,0,0,3,3,0,3,1
1017,Rob Refsnyder,24,NYY,1st,16,12,16,15,0,0,0,15,0,0,0,0,0,0,0,2,1
1018,Nolan Reimold,31,BAL,7,61,45,61,51,0,0,0,0,0,0,37,9,13,51,6,10,3
1019,Anthony Rendon,25,WSN,3,80,78,80,78,0,0,0,59,28,0,0,0,0,0,0,2,0
1020,Ben Revere,27,2TM,6,152,140,152,147,0,0,0,0,0,0,112,43,12,147,0,8,1
1021,Jo-Jo Reyes,30,LAA,6,1,0,0,1,1,0,0,0,0,0,0,0,0,0,0,0,0
1022,Jose Reyes,32,2TM,13,116,116,116,116,0,0,0,0,0,116,0,0,0,0,0,0,0
1023,Mark Reynolds,31,STL,9,140,97,140,119,0,0,100,1,22,0,5,0,1,6,3,27,1
1024,Matt Reynolds,30,ARI,5,18,0,18,18,18,0,0,0,0,0,0,0,0,0,0,0,0
1025,Clayton Richard,31,CHC,7,23,3,22,23,23,0,0,0,0,0,0,0,0,0,0,0,0
1026,Garrett Richards,27,LAA,5,32,32,0,32,32,0,0,0,0,0,0,0,0,0,0,0,0
1027,C.J. Riefenhauser,25,TBR,2,17,0,0,17,17,0,0,0,0,0,0,0,0,0,0,0,0
1028,Andre Rienzo,26,MIA,3,14,0,13,14,14,0,0,0,0,0,0,0,0,0,0,0,0
1029,Alex Rios,34,KCR,12,105,105,105,105,0,0,0,0,0,0,0,0,105,105,0,0,0
1030,Rene Rivera,31,TBR,7,110,90,110,110,0,107,7,0,0,0,0,0,0,0,1,2,0
1031,Yadiel Rivera,23,MIL,1st,7,4,7,7,0,0,0,4,1,2,0,0,0,0,0,0,0
1032,Felipe Rivero,23,WSN,1st,49,0,46,49,49,0,0,0,0,0,0,0,0,0,0,0,0
1033,Anthony Rizzo,25,CHC,5,160,160,160,160,0,0,160,0,0,0,0,0,0,0,0,0,0
1034,Donn Roach,25,CHC,2,1,1,1,1,1,0,0,0,0,0,0,0,0,0,0,0,0
1035,Tanner Roark,28,WSN,3,40,12,37,40,40,0,0,0,0,0,0,0,0,0,0,0,0
1036,Kenny Roberts,27,2TM,1st,15,0,14,15,15,0,0,0,0,0,0,0,0,0,0,0,0
1037,Dan Robertson,29,LAA,2,37,15,37,33,0,0,0,0,0,0,27,7,1,33,0,9,4
1038,David Robertson,30,CHW,8,60,0,5,60,60,0,0,0,0,0,0,0,0,0,0,0,0
1039,Clint Robinson,30,WSN,3,126,77,126,79,1,0,44,0,0,0,27,0,11,37,3,44,0
1040,Shane Robinson,30,MIN,6,83,48,83,75,1,0,0,0,0,0,55,15,12,75,5,7,12
1041,Hansel Robles,24,NYM,1st,57,0,55,57,57,0,0,0,0,0,0,0,0,0,0,0,0
1042,Fernando Rodney,38,2TM,13,68,0,21,68,68,0,0,0,0,0,0,0,0,0,0,0,0
1043,Carlos Rodon,22,CHW,1st,26,23,2,26,26,0,0,0,0,0,0,0,0,0,0,0,0
1044,Alex Rodriguez,39,NYY,21,151,138,151,6,0,0,2,0,4,0,0,0,0,0,136,12,0
1045,Eduardo Rodriguez,22,BOS,1st,21,21,1,21,21,0,0,0,0,0,0,0,0,0,0,0,0
1046,Fernando Rodriguez,31,OAK,5,56,0,6,56,56,0,0,0,0,0,0,0,0,0,0,0,0
1047,Francisco Rodriguez,33,MIL,14,60,0,58,60,60,0,0,0,0,0,0,0,0,0,0,0,0
1048,Paco Rodriguez,24,LAD,4,18,0,18,18,18,0,0,0,0,0,0,0,0,0,0,0,0
1049,Sean Rodriguez,30,PIT,8,139,34,139,131,0,0,102,7,8,3,16,0,14,29,0,15,17
1050,Wandy Rodriguez,36,TEX,11,17,15,1,17,17,0,0,0,0,0,0,0,0,0,0,0,0
1051,Chaz Roe,28,BAL,3,36,0,3,36,36,0,0,0,0,0,0,0,0,0,0,0,0
1052,Esmil Rogers,29,NYY,7,18,0,1,18,18,0,0,0,0,0,0,0,0,0,0,0,0
1053,Jason Rogers,27,MIL,2,86,25,86,30,0,0,24,0,3,0,3,0,0,3,1,58,0
1054,Miguel Rojas,26,MIA,2,60,36,60,48,0,0,0,9,9,32,0,0,0,0,0,14,4
1055,David Rollins,25,SEA,1st,20,0,0,20,20,0,0,0,0,0,0,0,0,0,0,0,0
1056,Jimmy Rollins,36,LAD,16,144,128,144,134,0,0,0,0,0,134,0,0,0,0,0,13,3
1057,Jamie Romak,29,ARI,2,12,1,12,3,0,0,1,0,0,0,2,0,0,2,0,9,1
1058,Enny Romero,24,TBR,2,23,0,0,23,23,0,0,0,0,0,0,0,0,0,0,0,0
1059,Stefen Romero,26,SEA,2,13,5,13,12,0,0,0,0,0,0,6,1,5,12,0,1,2
1060,Andrew Romine,29,DET,6,109,43,109,104,0,0,17,13,59,27,2,0,0,2,1,4,19
1061,Austin Romine,26,NYY,4,1,1,1,1,0,0,1,0,0,0,0,0,0,0,0,0,0
1062,Sergio Romo,32,SFG,8,70,0,67,70,70,0,0,0,0,0,0,0,0,0,0,0,0
1063,Bruce Rondon,24,DET,2,35,0,1,35,35,0,0,0,0,0,0,0,0,0,0,0,0
1064,Hector Rondon,27,CHC,3,72,0,69,72,72,0,0,0,0,0,0,0,0,0,0,0,0
1065,Jorge Rondon,27,2TM,2,10,0,2,10,10,0,0,0,0,0,0,0,0,0,0,0,0
1066,Adam Rosales,32,TEX,8,55,32,53,47,2,0,19,19,14,0,1,0,0,1,1,4,8
1067,Eddie Rosario,23,MIN,1st,122,116,122,118,0,0,0,0,0,0,86,4,34,118,0,5,0
1068,Wilin Rosario,26,COL,5,87,54,87,55,0,2,53,0,0,0,0,0,0,0,6,28,0
1069,Trevor Rosenthal,25,STL,4,68,0,64,68,68,0,0,0,0,0,0,0,0,0,0,0,0
1070,Seth Rosin,26,PHI,2,1,0,1,1,1,0,0,0,0,0,0,0,0,0,0,0,0
1071,Cody Ross,34,OAK,12,9,6,9,8,0,0,0,0,0,0,4,0,5,8,1,3,0
1072,David Ross,38,CHC,14,72,46,72,61,2,59,0,0,0,0,0,0,0,0,0,14,1
1073,Joe Ross,22,WSN,1st,17,13,17,16,16,0,0,0,0,0,0,0,0,0,1,1,0
1074,Robbie Ross,26,BOS,4,54,0,5,54,54,0,0,0,0,0,0,0,0,0,0,0,0
1075,Tyson Ross,28,SDP,6,34,33,32,33,33,0,0,0,0,0,0,0,0,0,0,1,0
1076,Zac Rosscup,27,CHC,3,33,0,32,33,33,0,0,0,0,0,0,0,0,0,0,0,0
1077,Ryan Rua,25,TEX,2,28,24,28,27,0,0,4,0,0,0,22,0,4,25,0,1,0
1078,Drew Rucinski,26,LAA,2,4,1,1,4,4,0,0,0,0,0,0,0,0,0,0,0,0
1079,Darin Ruf,28,PHI,4,106,62,106,81,0,0,66,0,0,0,22,0,0,22,0,29,0
1080,Justin Ruggiano,33,2TM,7,57,28,57,47,0,0,0,0,0,0,22,15,13,47,3,19,4
1081,Carlos Ruiz,36,PHI,10,86,81,86,83,0,83,0,0,0,0,0,0,0,0,0,4,0
1082,Nick Rumbelow,23,NYY,1st,17,0,1,17,17,0,0,0,0,0,0,0,0,0,0,0,0
1083,Cameron Rupp,26,PHI,3,81,79,81,80,0,80,0,0,0,0,0,0,0,0,0,1,0
1084,Chris Rusin,28,COL,4,27,22,26,24,24,0,0,0,0,0,0,0,0,0,0,3,0
1085,Addison Russell,21,CHC,1st,142,137,142,142,0,0,0,86,0,61,0,0,0,0,0,1,0
1086,James Russell,29,CHC,6,49,0,46,49,49,0,0,0,0,0,0,0,0,0,0,0,0
1087,Josh Rutledge,26,BOS,4,39,19,39,35,0,0,0,30,5,0,0,0,0,0,4,3,5
1088,Brendan Ryan,33,NYY,9,47,29,47,43,1,0,3,26,14,6,0,0,2,2,0,5,3
1089,Kyle Ryan,23,DET,2,16,6,0,16,16,0,0,0,0,0,0,0,0,0,0,0,0
1090,Marc Rzepczynski,29,2TM,7,72,0,31,72,72,0,0,0,0,0,0,0,0,0,0,0,0
1091,CC Sabathia,34,NYY,15,29,29,1,29,29,0,0,0,0,0,0,0,0,0,0,0,0
1092,Casey Sadler,24,PIT,2,1,1,1,1,1,0,0,0,0,0,0,0,0,0,0,0,0
1093,Tyler Saladino,25,CHW,1st,68,60,68,66,0,0,1,0,60,11,0,0,0,0,0,2,2
1094,Fernando Salas,30,LAA,6,72,0,5,72,72,0,0,0,0,0,0,0,0,0,0,0,0
1095,Danny Salazar,25,CLE,3,30,30,2,30,30,0,0,0,0,0,0,0,0,0,0,0,0
1096,Chris Sale,26,CHW,6,31,31,3,31,31,0,0,0,0,0,0,0,0,0,0,0,0
1097,Jarrod Saltalamacchia,30,2TM,9,79,47,79,50,0,47,4,0,0,0,0,0,0,0,2,29,0
1098,Jeff Samardzija,30,CHW,8,32,32,1,32,32,0,0,0,0,0,0,0,0,0,0,0,0
1099,Keyvius Sampson,24,CIN,1st,13,12,13,13,13,0,0,0,0,0,0,0,0,0,0,0,0
1100,Aaron Sanchez,22,TOR,2,41,11,2,41,41,0,0,0,0,0,0,0,0,0,0,0,0
1101,Anibal Sanchez,31,DET,10,25,25,2,25,25,0,0,0,0,0,0,0,0,0,0,0,0
1102,Carlos Sanchez,23,CHW,2,120,112,120,117,0,0,0,117,0,0,0,0,0,0,1,5,0
1103,Gary Sanchez,22,NYY,1st,2,0,2,0,0,0,0,0,0,0,0,0,0,0,0,2,0
1104,Hector Sanchez,25,SFG,5,28,11,28,16,0,16,0,0,0,0,0,0,0,0,0,12,0
1105,Tony Sanchez,27,PIT,3,3,2,3,2,0,2,0,0,0,0,0,0,0,0,0,1,0
1106,Pablo Sandoval,28,BOS,8,126,122,126,123,0,0,0,0,123,0,0,0,0,0,0,4,0
1107,Jerry Sands,27,CLE,4,50,32,50,47,0,0,11,0,0,0,7,0,32,37,1,12,2
1108,Miguel Sano,22,MIN,1st,80,78,80,10,0,0,2,0,9,0,0,0,0,0,69,2,0
1109,Carlos Santana,29,CLE,6,154,153,154,132,0,0,132,0,0,0,0,0,0,0,21,1,0
1110,Danny Santana,24,MIN,2,91,69,91,71,0,0,0,0,0,66,0,5,1,5,5,12,8
1111,Domingo Santana,22,2TM,2,52,44,52,49,0,0,0,0,0,0,14,24,25,49,0,5,0
1112,Ervin Santana,32,MIN,11,17,17,0,17,17,0,0,0,0,0,0,0,0,0,0,0,0
1113,Hector Santiago,27,LAA,5,33,32,3,33,33,0,0,0,0,0,0,0,0,0,0,0,0
1114,Sergio Santos,31,2TM,6,14,0,13,14,14,0,0,0,0,0,0,0,0,0,0,0,0
1115,Luis Sardinas,22,MIL,2,36,24,36,30,0,0,0,16,3,14,0,0,0,0,0,6,0
1116,Michael Saunders,28,TOR,7,9,9,9,9,0,0,0,0,0,0,3,0,6,9,0,0,0
1117,Rob Scahill,28,PIT,4,28,0,28,28,28,0,0,0,0,0,0,0,0,0,0,0,0
1118,Jordan Schafer,28,MIN,6,27,20,27,27,0,0,0,0,0,0,1,26,0,27,0,1,1
1119,Logan Schafer,28,MIL,5,69,25,69,50,0,0,0,0,0,0,1,49,0,50,0,21,3
1120,Scott Schebler,24,LAD,1st,19,5,19,13,0,0,0,0,0,0,7,0,6,13,0,12,0
1121,Tanner Scheppers,28,TEX,4,42,0,5,42,42,0,0,0,0,0,0,0,0,0,0,0,0
1122,Max Scherzer,30,WSN,8,34,33,32,33,33,0,0,0,0,0,0,0,0,0,0,1,0
1123,Brian Schlitter,29,CHC,3,10,0,10,10,10,0,0,0,0,0,0,0,0,0,0,0,0
1124,Jonathan Schoop,23,BAL,3,86,82,86,84,0,0,0,84,0,0,0,0,0,0,0,2,0
1125,A.J. Schugel,26,ARI,1st,5,0,5,5,5,0,0,0,0,0,0,0,0,0,0,0,0
1126,Bo Schultz,29,TOR,2,31,0,3,31,31,0,0,0,0,0,0,0,0,0,0,0,0
1127,Skip Schumaker,35,CIN,11,131,41,131,57,0,0,0,12,0,0,40,2,4,46,2,81,0
1128,Kyle Schwarber,22,CHC,1st,69,59,69,59,0,21,0,0,0,0,41,0,4,43,6,9,0
1129,Evan Scribner,29,OAK,5,54,0,2,54,54,0,0,0,0,0,0,0,0,0,0,0,0
1130,Xavier Scruggs,27,STL,2,17,10,17,11,0,0,11,0,0,0,0,0,0,0,0,6,0
1131,Corey Seager,21,LAD,1st,27,25,27,26,0,0,0,0,6,21,0,0,0,0,0,2,0
1132,Kyle Seager,27,SEA,5,161,159,161,160,0,0,0,0,160,1,0,0,0,0,0,1,0
1133,Jean Segura,25,MIL,4,142,139,142,140,0,0,0,0,0,140,0,0,0,0,0,3,0
1134,Marcus Semien,24,OAK,3,155,147,155,152,0,0,0,0,0,152,0,0,0,0,0,8,0
1135,Luis Severino,21,NYY,1st,11,11,1,11,11,0,0,0,0,0,0,0,0,0,0,0,0
1136,Pedro Severino,21,WSN,1st,2,1,2,2,0,2,0,0,0,0,0,0,0,0,0,1,0
1137,Richie Shaffer,24,TBR,1st,31,18,31,20,0,0,10,0,8,0,1,0,2,3,9,9,0
1138,Bryan Shaw,27,CLE,5,74,0,3,74,74,0,0,0,0,0,0,0,0,0,0,0,0
1139,Travis Shaw,25,BOS,1st,65,55,65,63,0,0,55,0,8,0,1,0,0,1,0,2,2
1140,James Shields,33,SDP,10,36,33,34,33,33,0,0,0,0,0,0,0,0,0,0,3,0
1141,Matt Shoemaker,28,LAA,3,25,24,1,25,25,0,0,0,0,0,0,0,0,0,0,0,0
1142,Chasen Shreve,24,NYY,2,59,0,3,59,59,0,0,0,0,0,0,0,0,0,0,0,0
1143,J.B. Shuck,28,CHW,4,79,29,79,48,0,0,0,0,0,0,10,11,27,48,0,37,2
1144,Kevin Siegrist,25,STL,3,81,0,75,81,81,0,0,0,0,0,0,0,0,0,0,0,0
1145,Andrelton Simmons,25,ATL,4,147,145,147,147,0,0,0,0,0,147,0,0,0,0,0,1,0
1146,Alfredo Simon,34,DET,8,31,31,2,31,31,0,0,0,0,0,0,0,0,0,0,0,0
1147,Jon Singleton,23,HOU,2,19,13,19,14,0,0,14,0,0,0,0,0,0,0,4,4,0
1148,Tony Sipp,31,HOU,7,60,0,3,60,60,0,0,0,0,0,0,0,0,0,0,0,0
1149,Grady Sizemore,32,2TM,10,97,66,97,74,0,0,0,0,0,0,32,0,42,74,10,26,0
1150,Carson Smith,25,SEA,2,70,0,5,70,70,0,0,0,0,0,0,0,0,0,0,0,0
1151,Chad Smith,25,OAK,2,2,0,0,2,2,0,0,0,0,0,0,0,0,0,0,0,0
1152,Joe Smith,31,LAA,9,70,0,4,70,70,0,0,0,0,0,0,0,0,0,0,0,0
1153,Josh Smith,27,CIN,1st,10,7,10,9,9,0,0,0,0,0,0,0,0,0,0,1,0
1154,Seth Smith,32,SEA,9,136,107,136,110,0,0,0,0,0,0,65,0,55,110,21,21,2
1155,Will Smith,25,MIL,4,76,0,72,76,76,0,0,0,0,0,0,0,0,0,0,0,0
1156,Justin Smoak,28,TOR,6,132,71,132,110,0,0,110,0,0,0,0,0,0,0,4,27,1
1157,Jake Smolinski,26,2TM,2,76,50,76,66,0,0,0,0,0,0,52,0,16,66,2,13,3
1158,Drew Smyly,26,TBR,4,12,12,0,12,12,0,0,0,0,0,0,0,0,0,0,0,0
1159,Travis Snider,27,2TM,8,87,65,87,63,0,0,0,0,0,0,42,0,22,63,5,20,0
1160,Miguel Socolovich,28,STL,2,28,0,26,28,28,0,0,0,0,0,0,0,0,0,0,0,0
1161,Eric Sogard,29,OAK,6,120,102,120,110,0,0,0,96,1,17,0,0,0,0,3,9,6
1162,Donovan Solano,27,MIA,4,55,14,55,26,0,0,0,7,10,10,0,0,0,0,0,30,4
1163,Jhonatan Solano,29,MIA,3,7,6,7,6,0,6,0,0,0,0,0,0,0,0,0,1,0
1164,Yangervis Solarte,27,SDP,2,152,125,152,133,0,0,28,19,92,0,0,0,0,0,1,23,0
1165,Jorge Soler,23,CHC,2,101,94,101,95,0,0,0,0,0,0,0,0,95,95,1,7,0
1166,Sammy Solis,26,WSN,1st,18,0,18,18,18,0,0,0,0,0,0,0,0,0,0,0,0
1167,Joakim Soria,31,2TM,8,72,0,33,72,72,0,0,0,0,0,0,0,0,0,0,0,0
1168,Rafael Soriano,35,CHC,14,6,0,6,6,6,0,0,0,0,0,0,0,0,0,0,0,0
1169,Geovany Soto,32,CHW,11,78,56,78,73,0,73,0,0,0,0,0,0,0,0,3,4,0
1170,Giovanni Soto,24,CLE,1st,6,0,0,6,6,0,0,0,0,0,0,0,0,0,0,0,0
1171,Steven Souza,26,TBR,2,110,102,110,103,0,0,0,0,0,0,0,0,103,103,3,7,0
1172,Denard Span,31,WSN,8,61,61,61,61,0,0,0,0,0,0,0,61,0,61,0,0,0
1173,Cory Spangenberg,24,SDP,2,108,82,108,87,0,0,0,70,19,0,1,1,2,4,1,21,0
1174,George Springer,25,HOU,2,102,101,102,102,0,0,0,0,0,0,0,10,93,102,0,0,1
1175,Craig Stammen,31,WSN,7,5,0,4,5,5,0,0,0,0,0,0,0,0,0,0,0,0
1176,Cody Stanley,26,STL,1st,9,0,9,2,0,2,0,0,0,0,0,0,0,0,0,7,0
1177,Giancarlo Stanton,25,MIA,6,74,74,74,71,0,0,0,0,0,0,0,0,71,71,3,0,0
1178,Max Stassi,24,HOU,3,11,4,11,10,0,10,0,0,0,0,0,0,0,0,1,1,0
1179,Tim Stauffer,33,2TM,10,18,0,5,18,18,0,0,0,0,0,0,0,0,0,0,0,0
1180,Chris Stewart,33,PIT,9,58,36,58,52,0,52,0,0,0,0,0,0,0,0,0,10,0
1181,Matt Stites,25,ARI,2,11,0,11,11,11,0,0,0,0,0,0,0,0,0,0,0,0
1182,Drew Storen,27,WSN,6,58,0,53,58,58,0,0,0,0,0,0,0,0,0,0,0,0
1183,Dan Straily,26,HOU,4,4,3,0,4,4,0,0,0,0,0,0,0,0,0,0,0,0
1184,Stephen Strasburg,26,WSN,6,23,23,22,23,23,0,0,0,0,0,0,0,0,0,0,0,0
1185,Ryan Strausborger,27,TEX,1st,31,14,31,19,0,0,0,0,0,0,18,0,1,19,6,1,12
1186,Huston Street,31,LAA,11,62,0,4,62,62,0,0,0,0,0,0,0,0,0,0,0,0
1187,Hunter Strickland,26,SFG,2,55,0,52,55,55,0,0,0,0,0,0,0,0,0,0,0,0
1188,Marcus Stroman,24,TOR,2,4,4,0,4,4,0,0,0,0,0,0,0,0,0,0,0,0
1189,Pedro Strop,30,CHC,7,76,0,73,76,76,0,0,0,0,0,0,0,0,0,0,0,0
1190,Drew Stubbs,30,2TM,7,78,26,78,64,0,0,0,0,0,0,21,42,4,64,1,17,8
1191,Eric Stults,35,ATL,9,9,8,9,9,9,0,0,0,0,0,0,0,0,0,0,0,0
1192,Eugenio Suarez,23,CIN,2,97,95,97,96,0,0,0,0,1,96,0,0,0,0,0,2,0
1193,Jesus Sucre,27,SEA,3,52,43,50,52,2,50,0,0,0,0,0,0,0,0,0,0,0
1194,Eric Surkamp,27,LAD,4,1,0,1,1,1,0,0,0,0,0,0,0,0,0,0,0,0
1195,Andrew Susac,25,SFG,2,52,33,52,40,0,40,0,0,0,0,0,0,0,0,0,13,0
1196,Ichiro Suzuki,41,MIA,15,153,89,153,109,1,0,0,0,0,0,30,7,73,109,3,45,0
1197,Kurt Suzuki,31,MIN,9,131,123,131,130,0,130,0,0,0,0,0,0,0,0,0,3,0
1198,Anthony Swarzak,29,CLE,6,10,0,0,10,10,0,0,0,0,0,0,0,0,0,0,0,0
1199,Darnell Sweeney,24,PHI,1st,37,21,37,24,0,0,0,9,1,0,12,2,1,14,0,14,1
1200,Blake Swihart,23,BOS,1st,84,78,84,83,0,83,0,0,0,0,0,0,0,0,0,4,0
1201,Nick Swisher,34,2TM,12,76,62,76,37,0,0,12,0,0,0,25,0,3,27,28,13,0
1202,Noah Syndergaard,22,NYM,1st,24,24,22,24,24,0,0,0,0,0,0,0,0,0,0,0,0
1203,Matt Szczur,25,CHC,2,47,12,47,33,0,0,0,0,0,0,26,6,4,33,0,24,4
1204,Jose Tabata,26,PIT,6,27,5,27,8,0,0,0,0,0,0,3,0,5,8,1,18,1
1205,Masahiro Tanaka,26,NYY,2,24,24,4,24,24,0,0,0,0,0,0,0,0,0,0,0,0
1206,Travis Tartamella,27,STL,1st,3,0,3,3,0,3,0,0,0,0,0,0,0,0,0,0,0
1207,Chris Taylor,24,SEA,2,37,27,37,33,0,0,0,4,1,28,0,0,0,0,3,0,7
1208,Michael Taylor,24,WSN,2,138,121,138,132,0,0,0,0,0,0,38,96,3,132,0,6,4
1209,Junichi Tazawa,29,BOS,6,61,0,4,61,61,0,0,0,0,0,0,0,0,0,0,0,0
1210,Everett Teaford,31,TBR,4,4,0,0,4,4,0,0,0,0,0,0,0,0,0,0,0,0
1211,Taylor Teagarden,31,CHC,8,8,3,8,6,0,6,0,0,0,0,0,0,0,0,0,4,0
1212,Julio Teheran,24,ATL,5,33,33,30,33,33,0,0,0,0,0,0,0,0,0,0,0,0
1213,Mark Teixeira,35,NYY,13,111,108,111,108,0,0,108,0,0,0,0,0,0,0,3,2,0
1214,Ruben Tejada,25,NYM,6,116,94,116,111,0,0,0,13,19,81,0,0,0,0,0,7,1
1215,Tomas Telis,24,2TM,2,23,6,23,11,0,11,0,0,0,0,0,0,0,0,1,12,0
1216,Ryan Tepera,27,TOR,1st,32,0,2,32,32,0,0,0,0,0,0,0,0,0,0,0,0
1217,Joey Terdoslavich,26,ATL,3,28,11,28,13,0,0,12,0,0,0,2,0,0,2,0,16,0
1218,Joe Thatcher,33,HOU,9,43,0,3,43,43,0,0,0,0,0,0,0,0,0,0,0,0
1219,Dale Thayer,34,SDP,7,38,0,36,38,38,0,0,0,0,0,0,0,0,0,0,0,0
1220,Caleb Thielbar,28,MIN,3,6,0,0,6,6,0,0,0,0,0,0,0,0,0,0,0,0
1221,Josh Thole,28,TOR,7,18,15,18,18,0,18,0,0,0,0,0,0,0,0,0,0,0
1222,Ian Thomas,28,2TM,2,14,1,14,14,14,0,0,0,0,0,0,0,0,0,0,0,0
1223,Aaron Thompson,28,MIN,3,41,0,6,41,41,0,0,0,0,0,0,0,0,0,0,0,0
1224,Trayce Thompson,24,CHW,1st,44,32,44,39,0,0,0,0,0,0,12,10,18,39,1,5,4
1225,Tyler Thornburg,26,MIL,4,24,0,23,24,24,0,0,0,0,0,0,0,0,0,0,0,0
1226,Matt Thornton,38,WSN,12,60,0,56,60,60,0,0,0,0,0,0,0,0,0,0,0,0
1227,Chris Tillman,27,BAL,7,31,31,1,31,31,0,0,0,0,0,0,0,0,0,0,0,0
1228,Shawn Tolleson,27,TEX,4,73,0,4,73,73,0,0,0,0,0,0,0,0,0,0,0,0
1229,Steve Tolleson,31,TOR,4,19,12,19,19,0,0,0,11,0,4,3,0,1,4,0,2,1
1230,Yasmany Tomas,24,ARI,1st,118,95,118,96,0,0,4,0,31,0,6,0,57,63,3,22,0
1231,Josh Tomlin,30,CLE,6,10,10,0,10,10,0,0,0,0,0,0,0,0,0,0,0,0
1232,Kelby Tomlinson,25,SFG,1st,54,46,54,50,0,0,0,50,0,1,0,0,0,0,0,4,0
1233,Michael Tonkin,25,MIN,3,26,0,2,26,26,0,0,0,0,0,0,0,0,0,0,0,0
1234,Alex Torres,27,NYM,4,39,0,37,39,39,0,0,0,0,0,0,0,0,0,0,0,0
1235,Carlos Torres,32,NYM,6,59,0,56,59,59,0,0,0,0,0,0,0,0,0,0,0,0
1236,Ronald Torreyes,22,LAD,1st,8,0,8,6,0,0,0,4,3,0,0,0,0,0,0,2,2
1237,Matt Tracy,26,NYY,1st,1,0,0,1,1,0,0,0,0,0,0,0,0,0,0,0,0
1238,Devon Travis,24,TOR,1st,62,60,62,62,0,0,0,62,0,0,0,0,0,0,0,1,1
1239,Blake Treinen,27,WSN,2,60,0,57,60,60,0,0,0,0,0,0,0,0,0,0,0,0
1240,Nick Tropeano,24,LAA,2,8,7,0,8,8,0,0,0,0,0,0,0,0,0,0,0,0
1241,Mike Trout,23,LAA,5,159,159,159,156,0,0,0,0,0,0,0,156,0,156,4,0,0
1242,Mark Trumbo,29,2TM,6,142,132,142,105,0,0,23,0,0,0,13,0,76,88,30,10,0
1243,Chin-hui Tsao,34,LAD,5,5,0,5,5,5,0,0,0,0,0,0,0,0,0,0,0,0
1244,Preston Tucker,24,HOU,1st,98,76,98,90,0,0,0,0,0,0,79,0,14,90,3,15,2
1245,Sam Tuivailala,22,STL,2,14,0,12,14,14,0,0,0,0,0,0,0,0,0,0,0,0
1246,Troy Tulowitzki,30,2TM,10,128,121,128,121,0,0,0,0,0,121,0,0,0,0,1,7,0
1247,Justin Turner,30,LAD,7,126,98,126,110,0,0,10,5,100,1,0,0,0,0,0,19,0
1248,Trea Turner,22,WSN,1st,27,8,27,17,0,0,0,12,0,6,0,0,0,0,0,6,7
1249,Koji Uehara,40,BOS,7,43,0,1,43,43,0,0,0,0,0,0,0,0,0,0,0,0
1250,Dan Uggla,35,WSN,10,67,22,67,32,0,0,1,31,0,0,0,0,0,0,1,37,0
1251,Justin Upton,27,SDP,9,150,146,150,146,0,0,0,0,0,0,146,0,0,146,1,4,0
1252,Melvin Upton,30,SDP,11,87,47,87,63,0,0,0,0,0,0,0,63,0,63,0,34,2
1253,Jose Urena,23,MIA,1st,20,9,18,20,20,0,0,0,0,0,0,0,0,0,0,0,0
1254,Juan Uribe,36,3TM,15,119,89,119,99,0,0,0,8,92,0,0,0,0,0,1,25,0
1255,Henry Urrutia,28,BAL,2,10,9,10,8,0,RJ.0,0,0,0,0,8,0,0,8,1,1,0
1256,Giovanny Urshela,23,CLE,1st,81,76,81,80,0,0,0,0,80,0,0,0,0,0,0,1,0
1257,Chase Utley,36,2TM,13,107,96,107,94,0,0,6,88,3,0,0,0,0,0,3,11,0
1258,Luis Valbuena,29,HOU,8,132,122,132,128,0,0,31,1,99,0,0,0,0,0,2,6,0
1259,Jordany Valdespin,27,MIA,4,2,1,2,1,0,0,0,0,0,0,0,0,1,1,0,1,0
1260,Jose Valdez,25,DET,1st,7,0,0,7,7,0,0,0,0,0,0,0,0,0,0,0,0
1261,Danny Valencia,30,2TM,6,105,85,105,95,0,0,5,3,55,0,32,0,5,37,3,13,3
1262,Scott Van Slyke,28,LAD,4,96,53,96,88,0,0,21,0,0,0,55,3,22,74,1,25,0
1263,Jason Vargas,32,KCR,10,9,9,0,9,9,0,0,0,0,0,0,0,0,0,0,0,0
1264,Kennys Vargas,24,MIN,2,58,43,58,18,0,0,18,0,0,0,0,0,0,0,29,11,0
1265,Anthony Varvaro,30,BOS,6,9,0,0,9,9,0,0,0,0,0,0,0,0,0,0,0,0
1266,Donnie Veal,30,ATL,5,5,0,5,5,5,0,0,0,0,0,0,0,0,0,0,0,0
1267,Vincent Velasquez,23,HOU,1st,19,7,1,19,19,0,0,0,0,0,0,0,0,0,0,0,0
1268,Will Venable,32,2TM,8,135,81,135,110,0,0,0,0,0,0,39,63,21,110,0,33,5
1269,Pat Venditte,30,OAK,1st,26,0,2,26,26,0,0,0,0,0,0,0,0,0,0,0,0
1270,Yordano Ventura,24,KCR,3,28,28,3,28,28,0,0,0,0,0,0,0,0,0,0,0,0
1271,Drew VerHagen,24,DET,2,20,0,1,20,20,0,0,0,0,0,0,0,0,0,0,0,0
1272,Justin Verlander,32,DET,11,20,20,0,20,20,0,0,0,0,0,0,0,0,0,0,0,0
1273,Logan Verrett,25,2TM,1st,18,4,13,18,18,0,0,0,0,0,0,0,0,0,0,0,0
1274,Shane Victorino,34,2TM,12,71,50,71,65,0,0,0,0,0,0,29,3,34,65,0,13,1
1275,Carlos Villanueva,31,STL,10,35,0,32,35,35,0,0,0,0,0,0,0,0,0,0,0,0
1276,Jonathan Villar,24,HOU,3,53,28,53,42,0,0,0,3,12,22,5,2,0,7,4,10,9
1277,Pedro Villarreal,27,CIN,4,29,0,27,29,29,0,0,0,0,0,0,0,0,0,0,0,0
1278,Nick Vincent,28,SDP,4,26,0,25,26,26,0,0,0,0,0,0,0,0,0,0,0,0
1279,Arodys Vizcaino,24,ATL,3,36,0,34,36,36,0,0,0,0,0,0,0,0,0,0,0,0
1280,Ryan Vogelsong,37,SFG,11,33,22,30,33,33,0,0,0,0,0,0,0,0,0,0,0,0
1281,Stephen Vogt,30,OAK,4,136,115,136,119,0,100,25,0,0,0,0,0,0,0,8,21,0
1282,Edinson Volquez,31,KCR,11,34,33,3,34,34,0,0,0,0,0,0,0,0,0,0,0,0
1283,Chris Volstad,28,PIT,7,1,0,1,1,1,0,0,0,0,0,0,0,0,0,0,0,0
1284,Joey Votto,31,CIN,9,158,156,158,156,0,0,156,0,0,0,0,0,0,0,0,2,0
1285,Michael Wacha,23,STL,3,30,30,27,30,30,0,0,0,0,0,0,0,0,0,0,0,0
1286,Tsuyoshi Wada,34,CHC,2,8,7,7,8,8,0,0,0,0,0,0,0,0,0,0,0,0
1287,Tyler Wagner,24,MIL,1st,3,3,3,3,3,0,0,0,0,0,0,0,0,0,0,0,0
1288,Adam Wainwright,33,STL,10,7,4,7,7,7,0,0,0,0,0,0,0,0,0,0,0,0
1289,Jordan Walden,27,STL,6,12,0,12,12,12,0,0,0,0,0,0,0,0,0,0,0,0
1290,Kyle Waldrop,23,CIN,1st,1,0,1,0,0,0,0,0,0,0,0,0,0,0,0,1,0
1291,Christian Walker,24,BAL,2,7,2,7,2,0,0,2,0,0,0,0,0,0,0,2,3,0
1292,Neil Walker,29,PIT,7,151,135,151,146,0,0,0,146,0,0,0,0,0,0,0,15,0
1293,Taijuan Walker,22,SEA,3,29,29,4,29,29,0,0,0,0,0,0,0,0,0,0,0,0
1294,Brett Wallace,28,SDP,5,64,12,64,22,0,0,17,0,5,0,0,0,0,0,2,50,0
1295,Zach Walters,25,CLE,3,12,5,12,8,0,0,0,2,2,2,3,0,1,4,0,5,2
1296,Adam Warren,27,NYY,4,43,17,2,43,43,0,0,0,0,0,0,0,0,0,0,0,0
1297,Tony Watson,30,PIT,5,77,0,72,77,77,0,0,0,0,0,0,0,0,0,0,0,0
1298,Jered Weaver,32,LAA,10,26,26,1,26,26,0,0,0,0,0,0,0,0,0,0,0,0
1299,Daniel Webb,25,CHW,3,27,0,3,27,27,0,0,0,0,0,0,0,0,0,0,0,0
1300,Ryan Webb,29,CLE,7,40,0,4,40,40,0,0,0,0,0,0,0,0,0,0,0,0
1301,Ryan Weber,24,ATL,1st,5,5,5,5,5,0,0,0,0,0,0,0,0,0,0,0,0
1302,Allen Webster,25,ARI,3,9,5,9,9,9,0,0,0,0,0,0,0,0,0,0,0,0
1303,Jemile Weeks,28,BOS,5,3,2,3,3,0,0,0,3,0,0,0,0,0,0,0,0,0
1304,Rickie Weeks,32,SEA,12,37,18,37,19,0,0,0,0,0,0,19,0,0,19,11,19,0
1305,Jayson Werth,36,WSN,13,88,85,88,86,0,0,0,0,0,0,77,0,14,86,1,3,0
1306,Matt West,26,LAD,2,2,0,2,2,2,0,0,0,0,0,0,0,0,0,0,0,0
1307,Chase Whitley,26,NYY,2,4,4,0,4,4,0,0,0,0,0,0,0,0,0,0,0,0
1308,Joe Wieland,25,LAD,3,2,2,1,2,2,0,0,0,0,0,0,0,0,0,0,0,0
1309,Matt Wieters,29,BAL,7,75,68,75,58,0,55,3,0,0,0,0,0,0,0,13,7,0
1310,Tom Wilhelmsen,31,SEA,5,53,0,5,53,53,0,0,0,0,0,0,0,0,0,0,0,0
1311,Adam Wilk,27,LAA,3,1,0,0,1,1,0,0,0,0,0,0,0,0,0,0,0,0
1312,Jackson Williams,29,SFG,2,7,3,7,7,0,7,0,0,0,0,0,0,0,0,0,2,0
1313,Jerome Williams,33,PHI,10,33,21,30,33,33,0,0,0,0,0,0,0,0,0,0,0,0
1314,Mason Williams,23,NYY,1st,8,7,8,8,0,0,0,0,0,0,0,8,0,8,0,0,0
1315,Mac Williamson,24,SFG,1st,10,9,10,7,0,0,0,0,0,0,6,0,3,7,2,1,0
1316,Alex Wilson,28,DET,3,59,1,3,59,59,0,0,0,0,0,0,0,0,0,0,0,0
1317,Bobby Wilson,32,2TM,7,56,41,56,55,0,55,0,0,0,0,0,0,0,0,1,2,0
1318,C.J. Wilson,34,LAA,11,21,21,2,21,21,0,0,0,0,0,0,0,0,0,0,0,0
1319,Josh Wilson,34,DET,8,21,8,21,20,1,0,0,11,10,2,0,0,0,0,1,0,2
1320,Justin Wilson,27,NYY,4,74,0,6,74,74,0,0,0,0,0,0,0,0,0,0,0,0
1321,Tyler Wilson,25,BAL,1st,9,5,2,9,9,0,0,0,0,0,0,0,0,0,0,0,0
1322,Daniel Winkler,25,ATL,1st,2,0,2,2,2,0,0,0,0,0,0,0,0,0,0,0,0
1323,Matt Wisler,22,ATL,1st,21,19,20,20,20,0,0,0,0,0,0,0,0,0,0,0,1
1324,Asher Wojciechowski,26,HOU,1st,5,3,0,5,5,0,0,0,0,0,0,0,0,0,0,0,0
1325,Randy Wolf,38,DET,16,8,7,0,8,8,0,0,0,0,0,0,0,0,0,0,0,0
1326,Kolten Wong,24,STL,3,150,140,150,147,0,0,0,147,0,0,0,0,0,0,0,7,0
1327,Alex Wood,24,2TM,3,32,32,29,32,32,0,0,0,0,0,0,0,0,0,0,0,0
1328,Travis Wood,28,CHC,6,60,9,57,54,54,0,0,0,0,0,0,0,0,0,0,4,3
1329,Rob Wooten,29,MIL,3,4,0,4,4,4,0,0,0,0,0,0,0,0,0,0,0,0
1330,Vance Worley,27,PIT,6,24,8,23,23,23,0,0,0,0,0,0,0,0,0,0,1,0
1331,David Wright,32,NYM,12,38,38,38,38,0,0,0,0,38,0,0,0,0,0,0,0,0
1332,Mike Wright,25,BAL,1st,12,9,2,12,12,0,0,0,0,0,0,0,0,0,0,0,0
1333,Steven Wright,30,BOS,3,16,9,1,16,16,0,0,0,0,0,0,0,0,0,0,0,0
1334,Wesley Wright,30,2TM,8,11,0,0,11,11,0,0,0,0,0,0,0,0,0,0,0,0
1335,Kirby Yates,28,TBR,2,20,0,2,20,20,0,0,0,0,0,0,0,0,0,0,0,0
1336,Christian Yelich,23,MIA,3,126,122,126,124,0,0,0,0,0,0,103,36,0,124,0,3,0
1337,Rafael Ynoa,27,COL,2,72,19,72,35,0,0,0,5,10,8,19,0,0,19,0,41,0
1338,Chris Young,36,KCR,11,34,18,3,34,34,0,0,0,0,0,0,0,0,0,0,0,0
1339,Chris Young,31,NYY,10,140,77,140,129,0,0,0,0,0,0,55,15,76,129,2,13,14
1340,Delmon Young,29,BAL,10,52,41,52,42,0,0,0,0,0,0,2,0,40,42,4,11,0
1341,Eric Young,30,2TM,7,53,18,53,29,0,0,0,0,0,0,18,16,2,29,0,16,15
1342,Brad Ziegler,35,ARI,8,66,0,63,66,66,0,0,0,0,0,0,0,0,0,0,0,0
1343,Ryan Zimmerman,30,WSN,11,95,92,95,93,0,0,93,0,0,0,1,0,0,1,0,3,0
1344,Jordan Zimmermann,29,WSN,7,33,33,31,33,33,0,0,0,0,0,0,0,0,0,0,0,0
1345,Barry Zito,37,OAK,15,3,2,0,3,3,0,0,0,0,0,0,0,0,0,0,0,0
1346,Ben Zobrist,34,2TM,10,126,121,126,117,0,0,0,69,4,0,45,0,5,49,6,4,0
1347,Mike Zunino,24,SEA,3,112,101,112,112,0,112,0,0,0,0,0,0,0,0,0,1,0
1348,Tony Zych,24,SEA,1st,13,1,0,13,13,0,0,0,0,0,0,0,0,0,0,0,0