"Name","Team","G","PA","AB","H","2B","3B","HR","R","RBI","BB","SO","HBP","SB","CS","AVG","OBP","SLG","OPS","wOBA","Fld","BsR","WAR","ADP","playerid"
"Mike Trout","Angels","157","658","540","161","31","5","34","108","102","102","142","9","22","7",".298",".415",".563",".977",".409","0.2","3.8","8.2","1.3","10155"
"Bryce Harper","Nationals","150","630","510","144","28","2","31","94","93","109","123","4","15","9",".283",".409",".526",".935",".392","2.5","0.5","5.2","11.2","11579"
"Joey Votto","Reds","152","637","513","149","30","2","23","87","78","113","122","5","7","3",".290",".419",".490",".909",".387","0.9","-1.4","4.1","22.7","4314"
"Miguel Cabrera","Tigers","153","644","561","172","32","1","30","88","100","73","114","4","1","0",".306",".386",".530",".917",".384","0.2","-3.4","4.1","16.6","1744"
"Anthony Rizzo","Cubs","152","637","541","151","33","3","32","91","101","75","106","17","7","5",".280",".382",".526",".908",".384","5.9","-0.8","4.6","12.1","3473"
"Paul Goldschmidt","Diamondbacks","157","658","544","157","34","2","27","92","93","103","144","4","20","7",".288",".402",".509",".911",".383","4.1","1.6","4.4","6.6","9218"
"Josh Donaldson","Blue Jays","150","630","537","148","30","3","32","94","96","80","120","7","5","2",".275",".373",".520",".893",".378","6.6","0.2","6.1","10.5","5038"
"Giancarlo Stanton","Marlins","133","560","482","126","24","2","36","79","96","70","162","4","4","2",".261",".357",".546",".903",".376","1.8","-0.1","3.9","37.3","4949"
"Kris Bryant","Cubs","150","630","541","149","29","3","31","95","97","72","161","12","10","4",".275",".370",".512",".882",".375","4.1","2.4","5.6","4.8","15429"
"Nolan Arenado","Rockies","157","658","597","174","38","5","37","90","110","50","99","4","3","3",".291",".346",".554",".899",".373","9.6","-0.9","4.6","5.6","9777"
"Mookie Betts","Red Sox","150","630","571","176","38","5","23","91","88","50","73","2","22","7",".308",".364",".510",".874",".371","11.7","3.8","5.4","3.7","13611"
"Freddie Freeman","Braves","158","665","565","157","34","3","27","92","90","87","152","9","4","2",".278",".380",".494",".874",".370","3.1","-0.1","3.8","29.1","5361"
"Jose Bautista","Blue Jays","150","630","524","131","26","1","33","88","98","96","118","5","4","2",".250",".369",".492",".861",".368","-3.8","-1.3","3.2","93.2","1887"
"Manny Machado","Orioles","150","630","569","166","32","1","32","90","91","52","104","3","7","4",".291",".352",".520",".872",".368","12.1","-0.3","5.9","8.5","11493"
"Edwin Encarnacion","Indians","150","630","542","140","28","1","34","85","105","76","115","6","2","1",".259",".353",".500",".853",".362","0.0","-0.9","2.6","24.8","2151"
"Andrew McCutchen","Pirates","158","665","570","160","31","4","24","87","87","81","133","8","10","6",".280",".375",".474",".848",".362","-0.4","0.0","3.9","59.1","9847"
"Carlos Gonzalez","Rockies","150","630","574","163","34","3","31","82","98","50","140","2","6","2",".285",".342",".517",".859",".361","-0.6","0.2","1.9","56.3","7287"
"Kyle Schwarber","Cubs","130","544","470","119","19","3","30","84","83","63","147","5","5","3",".254",".345",".497",".842",".358","-3.7","0.5","2.5","75.0","16478"
"Carlos Correa","Astros","153","644","566","158","35","3","24","83","98","68","123","4","17","6",".279",".358",".479",".837",".357","-1.2","1.7","5.1","17.2","14162"
"J.D. Martinez","Tigers","132","553","499","139","29","2","26","72","80","44","143","5","3","2",".279",".341",".505",".846",".357","-6.2","-1.1","2.2","68.8","6184"
"Carlos Santana","Indians","158","665","553","139","29","2","27","86","86","103","116","3","6","3",".251",".368",".458",".826",".357","0.0","-1.0","2.8","107.5","2396"
"Hanley Ramirez","Red Sox","142","595","528","148","31","1","24","74","93","56","112","6","9","4",".281",".355",".479",".834",".356","-0.8","-0.8","1.9","76.2","8001"
"Jose Altuve","Astros","153","644","586","185","36","4","16","89","75","43","61","6","31","10",".316",".366",".469",".835",".355","-2.9","0.6","4.3","4.8","5417"
"Nelson Cruz","Mariners","150","630","565","150","25","1","37","83","100","53","158","6","3","2",".266",".334",".508",".842",".354","-0.1","-2.4","2.4","39.1","2434"
"Charlie Blackmon","Rockies","147","616","558","163","30","5","22","83","65","39","99","11","23","10",".293",".349",".481",".829",".353","-5.7","1.2","2.0","17.9","7859"
"Eric Thames","Brewers","136","570","504","130","27","3","30","79","87","52","149","8","13","5",".259",".335",".503",".838",".353","-2.4","0.1","1.8","198.4","3711"
"Steve Pearce","Blue Jays","88","371","328","87","19","1","17","47","51","35","75","5","2","2",".265",".342",".483",".825",".352","0.7","-0.5","1.7","377.6","9957"
"Matt Carpenter","Cardinals","150","630","533","142","35","4","18","87","69","83","126","6","3","3",".266",".368",".448",".816",".352","2.7","-0.3","2.7","64.1","8090"
"Jose Abreu","White Sox","150","630","569","162","30","2","27","78","93","44","122","12","1","1",".285",".346",".487",".833",".352","-3.0","-1.6","2.1","54.7","15676"
"Daniel Murphy","Nationals","147","616","569","176","41","4","16","81","85","36","64","5","8","3",".310",".353",".480",".834",".352","-8.4","0.8","2.8","41.5","4316"
"Buster Posey","Giants","135","569","506","150","29","2","16","70","77","54","60","3","3","2",".297",".365",".459",".823",".351","6.3","-1.6","4.8","45.0","9166"
"Yasiel Puig","Dodgers","126","531","476","133","25","4","19","67","71","44","107","7","7","5",".280",".347",".473",".820",".351","1.8","-0.5","2.8","210.7","14225"
"George Springer","Astros","150","630","540","138","24","3","27","93","79","74","163","10","13","6",".255",".353",".461",".814",".351","-0.1","1.0","4.1","34.3","12856"
"Christian Yelich","Marlins","150","630","554","159","34","3","16","81","71","68","129","3","13","5",".287",".366",".445",".811",".350","1.1","1.3","4.0","59.5","11477"
"Ryan Braun","Brewers","143","600","541","152","27","3","25","80","88","50","113","5","14","6",".281",".345",".484",".829",".350","-2.7","-0.9","2.1","49.1","3410"
"Chris Davis","Orioles","148","623","536","126","23","0","38","87","99","75","206","7","2","2",".235",".334",".492",".826",".350","3.0","0.4","2.7","73.1","9272"
"Brandon Belt","Giants","143","602","516","136","33","5","18","74","70","77","146","5","4","3",".263",".361",".449",".810",".349","5.8","-0.6","3.0","166.1","10264"
"Trevor Story","Rockies","150","630","566","148","33","6","29","79","91","51","179","6","16","6",".261",".327",".495",".821",".347","-1.7","1.3","2.6","34.4","12564"
"Pedro Alvarez","Orioles","68","287","256","63","12","0","18","37","46","28","79","1","2","1",".248",".323",".502",".825",".346","0.0","0.1","1.0","603.3","2495"
"Shin-Soo Choo","Rangers","137","574","487","126","24","1","18","75","60","68","135","13","8","5",".260",".363",".428",".791",".345","-0.2","-0.5","1.4","309.2","3174"
"Justin Upton","Tigers","150","630","558","144","28","2","29","83","92","62","166","5","11","5",".259",".335",".474",".809",".345","-2.6","1.1","2.5","90.8","5222"
"Justin Turner","Dodgers","133","560","501","140","31","2","18","69","75","43","98","9","4","2",".278",".344",".460",".803",".345","4.5","-0.4","3.7","106.8","5235"
"Adrian Beltre","Rangers","150","630","576","165","30","2","23","79","92","45","71","5","1","1",".287",".341",".468",".809",".344","7.5","-0.9","4.0","89.2","639"
"Robinson Cano","Mariners","150","630","575","165","30","2","23","80","88","45","90","6","3","2",".288",".343",".469",".812",".344","-0.9","-2.1","3.6","32.1","3269"
"Gary Sanchez","Yankees","124","521","473","124","24","1","27","69","83","39","112","4","5","2",".262",".321",".491",".811",".344","0.1","0.1","3.4","50.9","11442"
"Lucas Duda","Mets","129","540","462","112","23","0","26","68","80","64","132","9","2","1",".242",".343",".465",".807",".344","0.7","-0.2","2.0","317.5","2502"
"Hyun Soo Kim","Orioles","100","420","372","107","17","1","12","50","41","40","62","4","4","3",".288",".361",".431",".792",".343","-5.4","-0.4","1.1","420.9","18718"
"Corey Seager","Dodgers","152","637","582","164","37","4","22","85","86","44","110","5","4","2",".283",".335",".471",".806",".342","2.8","1.1","4.5","22.2","13624"
"Michael Brantley","Indians","130","546","489","142","33","1","13","67","78","48","54","4","12","3",".292",".356",".442",".798",".342","-1.7","1.5","2.1","187.4","4106"
"Ian Desmond","Rockies","117","491","448","126","23","2","18","64","71","35","120","4","14","5",".280",".335",".465",".800",".342","5.4","1.3","1.2","143.7","6885"
"Anthony Rendon","Nationals","145","609","537","146","34","3","18","81","73","59","109","6","10","5",".273",".348",".447",".795",".342","5.7","0.6","3.7","95.6","12861"
"Kyle Seager","Mariners","153","644","573","152","31","2","26","81","89","60","106","7","5","3",".266",".340",".463",".804",".342","2.5","-0.8","4.0","62.8","9785"
"Jung Ho Kang","Pirates","3","14","12","3","1","0","1","2","2","1","3","0","0","0",".260",".337",".458",".795",".342","-0.1","0.0","0.1","263.6","17182"
"Joc Pederson","Dodgers","133","560","470","110","21","1","26","71","72","79","158","5","9","5",".233",".347",".445",".793",".342","0.0","0.0","3.2","204.5","11899"
"Matt Holliday","Yankees","117","490","430","111","22","1","20","57","73","47","94","9","2","1",".258",".341",".456",".797",".342","0.0","-1.4","1.2","264.3","1873"
"Ben Zobrist","Cubs","147","616","529","142","32","3","15","81","67","76","81","3","6","4",".268",".361",".428",".789",".341","-1.8","-0.7","2.6","143.1","7435"
"Miguel Sano","Twins","142","595","519","124","26","2","30","75","86","69","200","3","3","1",".238",".329",".472",".801",".341","-2.9","-0.9","2.6","120.2","12164"
"A.J. Pollock","Diamondbacks","142","595","539","153","33","5","16","80","59","46","87","3","24","8",".284",".342",".451",".793",".341","6.2","1.9","3.4","39.2","9256"
"Xander Bogaerts","Red Sox","150","630","572","167","33","2","16","81","77","46","106","5","9","4",".292",".348",".440",".788",".340","-2.3","1.4","3.4","35.3","12161"
"Kendrys Morales","Blue Jays","142","595","537","143","29","1","26","71","94","47","120","6","0","0",".266",".330",".470",".799",".340","0.0","-3.1","1.2","153.1","8610"
"Mark Trumbo","Orioles","142","595","544","139","24","2","34","78","98","45","149","2","2","1",".255",".312",".492",".805",".340","-1.6","-1.1","1.4","79.3","6876"
"Francisco Lindor","Indians","150","630","564","166","29","4","15","79","74","50","85","3","17","7",".294",".350",".442",".792",".340","12.5","-0.1","5.1","31.9","12916"
"Yoenis Cespedes","Mets","133","560","511","135","27","3","27","74","85","39","119","5","4","3",".265",".320",".490",".810",".340","5.4","0.5","2.9","52.3","13110"
"DJ LeMahieu","Rockies","153","644","577","175","28","6","9","80","60","54","98","3","16","7",".304",".364",".421",".784",".340","2.3","0.1","2.0","92.3","9874"
"Rougned Odor","Rangers","150","630","588","162","31","6","28","83","91","26","113","8","12","8",".275",".313",".491",".803",".340","-6.2","0.6","2.5","45.1","12282"
"Brian Dozier","Twins","150","630","555","139","30","3","28","88","78","61","126","7","13","5",".251",".330",".468",".797",".339","-1.3","1.9","3.3","34.3","9810"
"David Dahl","Rockies","113","476","439","122","23","4","17","56","61","31","119","2","14","7",".278",".327",".469",".796",".339","3.1","0.6","1.0","131.6","13744"
"Yasmani Grandal","Dodgers","107","448","379","88","16","1","20","52","63","62","112","2","2","1",".233",".343",".441",".784",".339","-1.0","-1.7","2.9","159.1","11368"
"Gregory Bird","Yankees","108","455","402","100","22","1","21","58","65","44","114","4","2","1",".249",".326",".469",".796",".339","-0.5","-0.1","1.3","209.9","14131"
"Chris Carter","Yankees","75","315","272","60","12","1","19","41","50","36","103","3","2","1",".222",".317",".483",".800",".339","-1.1","-0.5","0.7","254.4","9911"
"Mark Reynolds","Rockies","54","225","198","50","10","1","10","26","29","23","59","2","1","1",".252",".334",".457",".791",".339","0.1","-0.5","0.1","613.5","7619"
"David Peralta","Diamondbacks","133","560","509","142","27","9","16","64","67","40","113","5","7","3",".279",".335",".461",".796",".339","-1.8","0.5","1.5","265.7","2136"
"Trea Turner","Nationals","142","595","546","159","27","9","14","80","64","40","122","2","36","11",".292",".339",".452",".791",".339","1.3","3.2","3.7","15.6","16252"
"Seth Smith","Orioles","105","441","383","98","21","2","15","58","56","48","90","5","1","0",".256",".345",".440",".785",".339","-0.8","-0.7","1.3","483.5","7331"
"Domingo Santana","Brewers","128","539","469","116","23","2","22","66","69","61","166","5","5","4",".248",".338",".445",".783",".338","-4.8","0.0","1.1","275.0","10348"
"Wil Myers","Padres","142","595","527","136","26","3","24","80","78","60","141","3","19","7",".258",".335",".453",".787",".338","5.7","1.7","2.6","53.2","10047"
"Jonathan Lucroy","Rangers","122","512","460","128","26","3","14","60","64","46","80","2","3","1",".277",".345",".439",".784",".337","2.8","-1.4","3.4","63.1","7870"
"Adam Eaton","Nationals","142","595","528","152","27","8","9","80","53","49","95","10","13","7",".287",".357",".416",".773",".337","-3.8","1.4","2.5","122.6","11205"
"Starling Marte","Pirates","133","560","512","146","30","4","14","72","61","28","118","15","34","13",".285",".339",".442",".781",".336","2.4","2.3","3.2","27.9","9241"
"Eric Hosmer","Royals","153","644","581","161","31","2","20","78","88","55","118","3","6","3",".277",".340",".443",".784",".335","-1.1","-0.9","1.4","102.7","3516"
"Andrew Benintendi","Red Sox","133","560","506","142","33","7","12","67","68","43","81","4","14","8",".280",".339",".443",".782",".335","2.3","-0.4","1.9","109.9","17901"
"Michael Conforto","Mets","67","280","249","64","14","1","11","35","38","25","60","3","2","1",".255",".327",".458",".785",".335","0.9","0.1","1.3","305.6","16376"
"Evan Longoria","Rays","150","630","573","152","32","3","27","76","85","46","134","4","2","2",".265",".321",".473",".794",".334","2.2","-0.6","3.5","96.9","9368"
"Mike Napoli","Rangers","132","553","474","111","20","1","25","66","75","70","156","4","3","2",".234",".336",".439",".775",".334","1.8","-1.9","1.2","216.2","3057"
"Dexter Fowler","Cardinals","142","595","505","130","25","6","12","79","48","76","129","7","13","6",".257",".360",".400",".760",".334","-7.6","1.5","2.1","161.9","4062"
"Maikel Franco","Phillies","147","616","565","153","31","2","26","77","91","41","102","5","2","1",".271",".323",".467",".790",".334","-3.8","-0.1","2.4","130.5","12179"
"Hunter Pence","Giants","142","595","540","146","28","3","20","75","79","48","123","3","5","2",".271",".331",".446",".778",".334","0.9","0.1","2.2","197.3","8252"
"Tommy Joseph","Phillies","142","595","549","143","27","0","31","77","90","31","119","7","2","2",".261",".305",".482",".788",".334","-2.1","-0.8","1.1","215.7","10349"
"Josh Bell","Pirates","117","490","431","119","22","4","12","58","57","50","72","3","4","4",".275",".351",".425",".777",".334","-2.4","-0.9","1.1","260.2","13145"
"Dustin Pedroia","Red Sox","133","560","503","146","29","1","10","69","55","49","64","2","6","4",".290",".352",".412",".765",".333","7.2","-1.4","3.0","132.2","8370"
"Jackie Bradley Jr.","Red Sox","133","560","495","128","30","5","17","69","70","52","132","7","7","3",".258",".335",".441",".776",".333","5.2","0.6","3.0","130.2","12984"
"Josh Reddick","Astros","112","469","424","113","20","3","17","58","60","41","69","1","6","3",".267",".331",".448",".778",".333","2.7","1.0","2.1","301.9","3892"
"Stephen Piscotty","Cardinals","142","595","536","145","33","3","17","70","74","47","113","7","7","5",".271",".336",".436",".771",".333","3.0","-1.4","2.0","123.4","13367"
"Brandon Guyer","Indians","87","364","319","86","19","2","7","43","37","21","62","19","6","2",".269",".349",".408",".757",".333","0.0","0.1","1.2","728.6","2636"
"Aledmys Diaz","Cardinals","142","595","537","148","33","3","17","75","70","42","93","7","8","5",".275",".333",".446",".780",".333","-5.1","-0.9","2.5","136.1","15937"
"Alex Bregman","Astros","145","609","551","147","30","5","20","81","79","48","91","5","9","5",".267",".329",".447",".776",".333","1.2","0.0","3.2","82.8","17678"
"Khris Davis","Athletics","145","609","550","135","27","2","31","79","92","46","156","7","4","2",".245",".309",".472",".781",".332","-2.3","-1.0","1.8","96.5","9112"
"Albert Pujols","Angels","145","609","557","147","23","0","29","75","103","44","74","4","3","1",".264",".320",".464",".784",".331","0.0","-3.4","1.1","134.8","1177"
"Willson Contreras","Cubs","117","490","439","117","23","3","14","56","60","40","96","6","5","4",".267",".336",".430",".765",".331","-0.8","-0.7","2.5","99.3","11609"
"Neil Walker","Mets","137","574","513","134","23","2","22","69","72","48","105","6","3","2",".262",".331",".442",".773",".331","-2.2","0.1","2.4","238.9","7539"
"Jason Kipnis","Indians","108","455","403","109","25","3","11","57","49","42","89","4","11","4",".270",".341",".425",".766",".331","-0.6","1.1","2.1","152.1","9776"
"John Jaso","Pirates","104","435","381","100","23","2","9","48","45","45","77","5","3","2",".263",".348",".408",".756",".331","-1.3","-1.9","0.9","721.5","5887"
"Jake Lamb","Diamondbacks","142","595","527","132","28","6","21","70","75","59","157","4","5","2",".250",".327",".449",".775",".331","-2.1","1.0","2.0","143.0","13329"
"Justin Bour","Marlins","117","490","438","116","21","1","19","54","67","47","92","2","1","0",".264",".336",".444",".780",".330","-0.9","-1.0","0.8","301.6","9744"
"Byung-ho Park","Twins","92","385","343","84","15","1","19","48","51","32","115","6","3","1",".243",".316",".458",".775",".330","0.4","0.1","0.7","478.5","18497"
"Michael Saunders","Phillies","132","555","484","118","25","3","20","66","64","62","144","3","4","3",".245",".332",".435",".766",".330","-1.7","0.2","1.4","353.2","9981"
"Troy Tulowitzki","Blue Jays","133","560","501","130","25","0","22","66","76","48","113","6","1","0",".259",".328",".442",".769",".330","2.9","-1.0","3.1","136.4","3531"
"Carlos Beltran","Astros","140","588","542","146","32","0","23","69","84","38","106","3","1","0",".270",".319",".456",".775",".330","-0.1","-1.8","1.0","207.2","589"
"Adam Lind","Nationals","66","278","250","67","14","1","9","32","38","25","50","1","0","0",".269",".335",".436",".772",".329","-0.7","-1.0","0.5","583.6","8027"
"Aaron Judge","Yankees","100","420","373","89","16","1","21","54","61","38","132","4","4","1",".238",".312",".460",".772",".329","1.0","0.2","1.4","294.7","15640"
"Jose Ramirez","Indians","152","637","577","165","37","3","11","76","68","47","65","3","23","10",".286",".341",".420",".761",".329","4.2","2.3","3.4","111.4","13510"
"Mike Moustakas","Royals","140","588","532","139","30","2","22","67","69","42","84","7","2","2",".261",".321",".447",".768",".329","2.3","-1.1","2.6","210.4","4892"
"Marcell Ozuna","Marlins","148","623","571","154","29","4","21","74","80","44","132","3","3","2",".269",".322",".447",".769",".329","1.4","0.2","1.9","179.7","10324"
"Kole Calhoun","Angels","153","644","578","152","30","4","21","84","77","54","129","5","4","2",".262",".328",".433",".761",".329","4.9","0.8","2.9","170.0","11200"
"Logan Forsythe","Dodgers","138","581","519","136","27","3","18","73","62","47","114","9","8","5",".262",".332",".428",".760",".329","-1.4","-0.6","2.5","211.1","7185"
"Devon Travis","Blue Jays","100","420","388","108","24","1","12","53","49","25","78","2","5","2",".279",".324",".441",".765",".328","0.0","0.6","1.9","214.1","13862"
"Adrian Gonzalez","Dodgers","142","595","534","142","28","0","21","68","88","52","110","4","1","1",".266",".333",".439",".772",".328","3.6","-2.3","1.5","156.5","1908"
"Evan Gattis","Astros","78","329","301","75","13","2","18","40","51","21","75","3","1","1",".248",".303",".479",".782",".328","-1.5","-0.6","1.4","160.9","11003"
"Curtis Granderson","Mets","142","595","513","121","24","3","23","79","63","69","129","7","6","3",".237",".333",".428",".761",".328","-8.1","0.6","1.7","239.8","4747"
"Jesse Winker","Reds","7","28","24","7","1","0","1","3","3","3","5","0","0","0",".268",".352",".403",".754",".327","0.1","0.0","0.1","999.0","sa657865"
"Nomar Mazara","Rangers","142","595","539","146","18","4","21","66","73","43","114","6","1","2",".270",".327",".434",".761",".327","1.6","-0.9","1.5","197.2","14553"
"Kennys Vargas","Twins","83","350","308","75","14","1","15","42","45","37","95","2","0","0",".242",".325",".438",".762",".327","-0.2","-0.2","0.5","472.5","12101"
"Yasmany Tomas","Diamondbacks","112","470","441","118","24","2","20","53","63","24","111","2","3","3",".268",".308",".463",".771",".327","-7.6","-1.4","-0.1","185.0","17171"
"Yulieski Gurriel","Astros","132","553","500","133","32","1","19","69","73","40","98","6","4","2",".265",".326",".445",".771",".327","2.3","-0.5","1.6","273.5","19198"
"Matt Kemp","Braves","150","630","578","153","34","2","24","76","91","42","148","3","5","2",".266",".315",".455",".770",".326","-13.1","-0.8","0.1","95.5","5631"
"Nick Castellanos","Tigers","125","525","480","128","27","4","17","56","66","36","125","3","2","2",".267",".318",".446",".764",".326","-8.5","-1.5","1.2","188.1","11737"
"Derek Dietrich","Marlins","112","469","410","103","21","5","13","55","50","33","105","21","2","1",".250",".335",".417",".751",".326","-1.1","0.0","1.2","598.1","10542"
"Max Kepler","Twins","150","630","560","144","29","7","18","74","80","59","115","4","10","4",".256",".328",".433",".761",".326","2.3","1.1","2.0","233.4","12144"
"Matt Joyce","Athletics","120","504","421","99","21","2","15","59","56","73","117","5","3","3",".234",".349",".396",".745",".326","-5.0","-0.4","1.1","570.0","3353"
"Victor Martinez","Tigers","147","616","559","152","25","0","21","66","87","46","86","6","0","0",".272",".332",".433",".765",".325","0.0","-4.5","0.3","218.9","393"
"Billy Butler","","92","385","345","93","18","0","10","40","48","33","68","3","0","0",".271",".336",".416",".753",".325","0.0","-2.5","0.1","850.5","7399"
"Melky Cabrera","White Sox","148","623","571","163","33","3","13","70","72","43","73","2","3","1",".285",".334",".421",".755",".325","-5.7","-1.4","0.8","233.6","4022"
"Adam Jones","Orioles","150","630","587","158","25","2","27","81","86","29","115","7","4","1",".269",".308",".456",".765",".325","-3.3","1.1","2.2","101.2","6368"
"Jason Heyward","Cubs","138","581","513","135","28","2","13","68","62","58","92","5","14","5",".262",".341",".402",".744",".325","13.8","1.8","2.9","266.0","4940"
"Chris Young","Red Sox","105","441","393","97","26","1","15","53","53","39","96","5","6","3",".246",".319",".435",".754",".324","0.0","0.0","0.8","787.6","3882"
"Brad Miller","Rays","125","525","471","118","22","4","19","63","65","45","120","3","7","4",".250",".317",".437",".754",".324","0.1","0.3","2.2","147.6","12775"
"C.J. Cron","Angels","92","385","357","95","19","1","15","44","54","19","75","5","2","2",".266",".309",".451",".761",".324","-0.5","-0.7","0.8","257.8","12546"
"Ryan Schimpf","Padres","133","560","490","109","26","3","26","68","73","57","155","8","2","2",".221",".311",".450",".761",".324","-6.5","0.4","1.6","276.1","9953"
"Todd Frazier","White Sox","153","644","577","139","27","1","30","81","88","55","147","6","13","7",".241",".310",".447",".757",".324","1.0","0.2","2.6","74.9","785"
"Randal Grichuk","Cardinals","137","574","532","132","31","5","25","70","78","32","154","5","6","4",".249",".296",".467",".763",".323","1.0","0.2","1.5","222.6","10243"
"Trey Mancini","Orioles","28","119","110","29","5","1","4","14","15","8","29","1","1","0",".267",".317",".436",".754",".323","0.2","0.0","0.2","617.0","15149"
"Ian Kinsler","Tigers","148","623","571","155","29","4","17","83","71","38","90","7","10","6",".272",".323",".425",".748",".323","5.2","0.5","3.0","73.0","6195"
"Joey Gallo","Rangers","27","112","97","21","4","1","6","14","16","13","42","1","1","0",".213",".309",".450",".759",".323","0.0","0.1","0.2","425.1","14128"
"Gregory Polanco","Pirates","142","595","535","140","30","4","17","76","71","53","114","1","19","9",".262",".328",".426",".754",".323","4.8","1.1","2.2","73.3","12907"
"Matt Adams","Cardinals","70","295","272","71","16","1","11","32","42","19","67","2","1","1",".261",".311",".448",".759",".322","0.6","-0.4","0.7","546.1","9393"
"Jorge Soler","Royals","108","455","403","100","22","1","16","54","56","44","122","3","2","1",".249",".324",".426",".750",".322","-2.6","0.1","0.5","276.2","14221"
"Yangervis Solarte","Padres","125","525","476","128","26","3","13","58","62","38","65","5","1","1",".269",".327",".419",".746",".322","-2.8","-0.8","1.7","252.4","5352"
"Alex Dickerson","Padres","85","355","322","85","19","3","10","42","44","24","67","4","3","1",".264",".322",".436",".758",".322","-1.4","0.0","0.7","379.1","12649"
"Joe Mauer","Twins","125","525","457","122","23","2","9","60","53","62","93","2","2","1",".268",".355",".390",".745",".322","1.3","-0.5","0.8","360.9","1857"
"Brandon Moss","Royals","147","616","544","126","26","3","29","72","81","57","179","8","2","1",".231",".311",".446",".757",".322","-0.5","0.0","0.5","326.6","4467"
"Odubel Herrera","Phillies","142","595","536","148","25","4","11","72","50","46","127","6","19","8",".277",".340",".402",".742",".322","3.2","0.9","2.5","139.4","11476"
"Russell Martin","Blue Jays","115","483","414","96","18","0","18","55","65","55","122","9","3","3",".231",".331",".406",".737",".322","2.5","-1.7","2.5","182.3","4616"
"Scott Schebler","Reds","130","545","495","124","20","7","21","65","73","35","130","11","7","3",".251",".313",".445",".758",".322","0.0","0.7","1.1","389.8","12225"
"Dan Vogelbach","Mariners","75","315","274","66","12","1","11","37","37","37","71","2","1","1",".243",".334",".408",".742",".322","-0.3","-0.1","0.6","384.1","14130"
"Lorenzo Cain","Royals","130","546","500","141","28","3","10","65","61","35","104","6","18","6",".283",".334",".412",".746",".321","8.2","1.4","2.9","125.8","9077"
"Jedd Gyorko","Cardinals","114","480","436","108","18","1","22","54","67","37","104","3","1","1",".248",".309",".442",".751",".321","0.4","-0.5","1.7","237.3","10816"
"Franklin Gutierrez","Dodgers","60","250","226","55","11","0","11","30","35","19","70","3","1","1",".244",".308",".441",".749",".321","-1.5","-0.3","0.5","832.2","3255"
"Adam Duvall","Reds","140","590","541","129","26","4","30","73","89","37","154","6","5","3",".239",".293",".465",".758",".321","2.8","0.5","1.3","152.1","10950"
"Tom Murphy","Rockies","30","128","119","30","6","1","5","15","19","7","37","1","1","1",".252",".300",".454",".754",".320","-0.7","0.0","0.3","323.5","13499"
"Francisco Cervelli","Pirates","91","384","332","89","15","2","4","39","34","42","72","6","3","2",".268",".359",".359",".718",".320","-2.1","-0.4","1.8","276.4","5275"
"Jonathan Villar","Brewers","133","560","493","126","25","3","14","72","51","55","146","3","43","14",".256",".333",".403",".736",".320","-6.1","2.6","1.3","30.4","10071"
"A.J. Reed","Astros","17","70","62","15","3","0","3","9","9","7","19","0","0","0",".241",".318",".426",".744",".320","-0.1","0.0","0.1","405.8","16246"
"Brett Gardner","Yankees","117","490","427","110","20","4","10","63","44","50","95","5","12","4",".256",".338",".390",".729",".320","2.7","1.8","1.5","273.6","9927"
"Alex Gordon","Royals","148","623","543","133","26","2","18","71","62","63","153","11","7","3",".245",".334",".401",".735",".319","9.3","0.9","2.2","316.6","5209"
"Tyler White","Astros","8","35","31","8","2","0","1","4","4","3","7","0","0","0",".248",".322",".414",".736",".319","-0.1","0.0","0.0","862.4","15564"
"Rowdy Tellez","Blue Jays","8","35","32","8","2","0","1","4","4","3","8","0","0","0",".251",".313",".433",".746",".319","-0.1","0.0","0.0","999.0","sa738437"
"Jonathan Schoop","Orioles","133","560","528","139","28","1","23","66","73","20","121","7","2","1",".263",".297",".451",".748",".319","0.5","-0.5","1.9","158.8","11265"
"Ryon Healy","Athletics","147","616","577","156","34","2","20","71","76","31","125","3","1","1",".271",".308",".439",".747",".319","-2.0","-0.4","0.9","202.3","15447"
"Oswaldo Arcia","Diamondbacks","20","85","77","18","4","1","4","9","12","6","26","1","0","0",".237",".299",".453",".751",".319","-0.8","-0.1","0.0","888.2","10306"
"Stephen Cardullo","Rockies","26","110","101","27","5","1","3","11","13","7","19","1","1","1",".265",".316",".426",".742",".318","0.0","-0.2","0.0","865.4","11204"
"Corey Dickerson","Rays","132","553","510","128","31","3","22","62","68","36","137","2","3","3",".251",".302",".452",".754",".318","0.1","-0.6","0.6","266.4","10762"
"Kevin Kiermaier","Rays","142","595","540","140","27","7","15","73","57","43","111","6","21","8",".259",".319",".420",".739",".318","17.8","2.2","4.4","196.5","11038"
"Jayson Werth","Nationals","125","525","459","112","24","0","16","64","60","56","122","4","4","2",".244",".328",".400",".728",".318","-6.7","0.3","0.2","337.3","1327"
"Addison Russell","Cubs","150","630","561","139","30","3","20","71","86","54","142","8","6","3",".248",".320",".420",".741",".318","9.9","0.4","3.5","117.6","14106"
"Joe Panik","Giants","143","602","539","147","27","5","9","71","60","51","61","5","4","2",".273",".338",".394",".732",".318","3.7","0.6","2.7","294.5","11936"
"Danny Valencia","Mariners","107","448","412","107","21","1","15","53","55","30","101","2","1","1",".261",".314",".426",".740",".318","-3.4","-1.2","0.4","315.6","6364"
"Scott Van Slyke","Dodgers","29","121","107","26","6","0","4","13","14","11","30","2","2","1",".245",".325",".408",".733",".318","0.3","-0.3","0.3","994.5","4365"
"Carlos Gomez","Rangers","142","595","537","136","29","2","18","74","70","41","148","11","22","9",".254",".318",".416",".734",".317","3.4","1.3","2.3","163.1","4881"
"Raimel Tapia","Rockies","7","28","26","8","1","0","0","3","3","1","4","0","1","1",".294",".323",".418",".741",".317","0.2","-0.1","0.0","548.7","14350"
"Travis Shaw","Brewers","122","512","462","113","23","2","20","55","62","42","118","3","4","2",".245",".311",".432",".743",".317","0.2","-0.2","1.3","309.7","11982"
"Logan Morrison","Rays","108","455","404","99","19","2","15","52","52","42","84","5","5","3",".245",".321",".413",".734",".317","-1.6","-0.7","0.5","664.9","9205"
"Martin Prado","Marlins","133","560","512","145","27","3","8","61","57","37","65","4","2","2",".283",".334",".396",".731",".316","2.7","-1.4","1.9","310.1","3312"
"Robbie Grossman","Twins","83","350","304","76","14","1","8","39","34","41","85","2","5","4",".250",".341",".378",".718",".316","-2.5","-0.3","0.2","665.8","5254"
"Marcus Semien","Athletics","153","644","581","143","28","4","22","76","74","55","140","3","10","4",".247",".313",".420",".734",".316","-8.2","0.2","2.2","211.7","12533"
"Pablo Sandoval","Red Sox","125","525","481","129","26","2","14","54","64","33","79","5","1","1",".268",".319",".417",".736",".316","-5.4","-1.7","0.7","323.8","5409"
"Tommy Pham","Cardinals","32","133","119","29","5","1","4","16","14","12","36","1","3","1",".248",".322",".408",".730",".316","-0.6","0.2","0.2","822.1","2967"
"David Freese","Pirates","123","518","463","119","24","0","13","56","59","42","130","9","1","1",".256",".329",".395",".723",".316","-2.8","-1.9","1.1","543.9","9549"
"Luis Valbuena","Angels","113","476","414","96","20","1","16","54","54","54","108","3","2","1",".232",".324",".404",".727",".316","-0.8","-0.6","0.9","568.4","4969"
"David Wright","Mets","60","254","224","56","11","1","7","29","26","27","62","1","3","2",".249",".332",".391",".723",".316","-1.3","-0.3","0.7","584.6","3787"
"Stephen Vogt","Athletics","115","482","437","113","23","3","14","53","55","38","80","2","1","1",".259",".318",".418",".737",".316","-1.5","-0.5","2.0","231.4","5000"
"Cody Bellinger","Dodgers","8","35","31","7","1","0","2","4","5","3","9","0","0","0",".234",".304",".433",".738",".316","0.1","0.0","0.1","999.0","sa737794"
"Dilson Herrera","Reds","29","123","112","29","5","1","4","14","15","9","25","1","2","2",".256",".311",".422",".733",".316","0.0","-0.2","0.3","701.0","14335"
"Nick Markakis","Braves","155","651","576","156","31","1","10","70","61","64","89","4","2","2",".271",".346",".379",".724",".315","-2.8","-1.3","0.5","312.5","5930"
"Andre Ethier","Dodgers","86","360","320","82","17","3","8","36","41","31","69","4","2","2",".256",".327",".405",".732",".315","-1.5","-0.6","0.6","668.8","6265"
"Rob Segedin","Dodgers","8","35","32","8","1","0","1","4","4","2","8","1","0","0",".246",".309",".422",".731",".315","-0.2","0.0","0.1","867.1","11446"
"Mitch Moreland","Red Sox","108","455","412","103","24","0","16","48","62","33","108","6","1","0",".249",".312",".424",".736",".315","3.4","-0.8","0.5","309.4","3086"
"Gerardo Parra","Rockies","83","349","325","90","19","3","7","40","36","17","60","2","6","4",".278",".316",".420",".736",".315","0.5","-0.3","-0.2","385.3","8553"
"Jhonny Peralta","Cardinals","125","525","475","123","26","1","14","53","59","40","95","4","2","2",".259",".319",".410",".730",".315","0.8","-2.1","1.5","421.8","1738"
"Javier Baez","Cubs","102","430","397","102","19","1","16","49","57","22","111","7","12","4",".256",".304",".433",".737",".315","1.9","1.1","1.5","122.0","12979"
"Yadier Molina","Cardinals","125","524","482","137","28","1","8","48","57","32","62","4","3","2",".283",".330",".396",".726",".315","5.2","-2.6","2.6","222.8","7007"
"Tyler Naquin","Indians","125","525","471","122","22","4","13","58","54","43","148","5","10","5",".259",".325",".405",".730",".315","-3.5","0.1","1.2","317.1","13359"
"Eugenio Suarez","Reds","142","595","536","134","25","2","19","66","69","45","143","7","9","6",".250",".314",".412",".726",".314","0.0","-0.8","1.5","285.7","12552"
"Asdrubal Cabrera","Mets","137","574","522","133","29","3","17","66","64","40","106","6","5","2",".255",".313",".420",".734",".314","-9.1","-0.5","1.3","271.7","4962"
"Cheslor Cuthbert","Royals","23","98","90","24","5","0","3","10","11","7","17","0","1","0",".267",".317",".412",".729",".314","-0.3","-0.2","0.1","542.1","10473"
"Ryan Zimmerman","Nationals","112","470","425","106","23","1","16","54","65","36","101","3","3","1",".249",".309",".424",".733",".314","-0.8","-0.3","0.2","378.0","4220"
"Wilmer Flores","Mets","66","277","257","68","13","1","10","31","36","15","39","2","1","1",".263",".306",".430",".736",".314","-1.5","-0.4","0.5","441.7","5827"
"Jesus Aguilar","Brewers","32","133","120","29","6","0","6","15","17","10","31","1","0","0",".244",".306",".430",".736",".314","0.5","0.0","0.1","787.7","11342"
"Brian McCann","Astros","100","419","371","87","13","1","17","48","57","38","80","6","0","0",".235",".315",".412",".726",".314","-0.1","-1.5","1.9","207.6","4810"
"Chris Iannetta","Diamondbacks","69","288","245","56","13","0","8","27","30","37","71","3","1","0",".228",".332",".380",".713",".314","-2.0","-0.6","0.8","712.7","8267"
"Kolten Wong","Cardinals","108","455","408","106","16","5","10","51","45","33","71","8","10","4",".260",".325",".400",".725",".314","1.8","1.2","1.6","320.4","12532"
"Brandon Crawford","Giants","148","623","555","143","28","7","14","65","76","54","124","6","6","3",".257",".327",".412",".738",".314","8.4","0.4","3.5","203.8","5343"
"Tommy La Stella","Cubs","15","63","56","15","3","0","1","6","6","6","8","1","0","0",".267",".340",".375",".715",".314","-0.5","-0.1","0.1","916.7","12371"
"Justin Smoak","Blue Jays","100","420","369","84","17","0","17","48","55","44","116","3","1","1",".227",".313",".412",".725",".314","0.0","-1.3","0.2","599.7","9054"
"Yonder Alonso","Athletics","108","455","408","109","25","1","8","49","48","39","61","2","4","2",".266",".331",".390",".722",".314","1.9","-1.1","0.8","613.2","2530"
"Jay Bruce","Mets","142","595","538","129","28","4","24","70","85","49","135","3","6","3",".239",".303",".438",".742",".313","-4.2","-0.4","0.6","189.8","9892"
"Byron Buxton","Twins","142","595","543","136","26","8","18","74","68","39","174","5","18","6",".251",".305",".427",".732",".313","5.6","2.3","2.6","156.4","14161"
"Jordan Patterson","Rockies","12","50","45","11","2","0","1","5","5","3","13","1","1","1",".254",".316",".408",".724",".313","0.1","0.0","0.0","850.1","15119"
"Devin Mesoraco","Reds","91","384","341","80","16","1","15","41","43","33","84","6","3","2",".233",".311",".415",".726",".313","-3.2","-0.8","1.2","289.8","5666"
"Mark Canha","Athletics","67","280","252","63","13","1","9","33","34","21","67","4","3","1",".248",".313",".410",".723",".313","-1.1","0.1","0.5","735.3","11445"
"Yunel Escobar","Angels","133","560","506","141","24","1","8","61","48","42","71","5","2","2",".278",".337",".376",".713",".313","-5.6","-2.3","1.3","487.6","4191"
"Howie Kendrick","Phillies","114","478","435","119","22","2","8","54","45","36","83","3","7","3",".273",".331",".390",".721",".313","-0.1","-0.4","0.7","316.1","4229"
"Lonnie Chisenhall","Indians","100","420","383","101","23","2","10","45","52","27","81","3","4","1",".264",".315",".416",".731",".313","1.0","0.8","0.8","515.6","7571"
"Denard Span","Giants","140","588","531","145","27","5","7","70","44","47","68","3","15","6",".273",".333",".382",".715",".313","-5.4","1.1","1.5","320.4","8347"
"Jake Bauers","Rays","10","42","38","9","2","0","1","5","5","4","8","0","1","0",".252",".319",".401",".720",".312","0.1","-0.1","0.1","999.0","sa737848"
"Justin Morneau","","83","350","321","84","17","2","10","35","40","22","65","3","1","1",".261",".312",".418",".730",".312","0.2","-1.0","0.1","923.0","1737"
"Nori Aoki","Astros","95","399","358","98","16","3","5","46","33","29","40","6","9","5",".273",".336",".373",".710",".312","-1.5","-1.1","0.5","633.4","13075"
"Josh Harrison","Pirates","123","515","481","136","29","5","7","57","52","21","76","6","14","7",".282",".318",".406",".724",".312","-0.1","1.1","1.6","279.3","8202"
"J.T. Realmuto","Marlins","107","448","416","114","23","3","9","47","47","24","79","3","9","4",".274",".317",".408",".725",".312","-0.4","0.3","2.0","133.9","11739"
"Brock Holt","Red Sox","103","434","390","106","22","2","5","48","41","35","81","3","8","3",".272",".335",".375",".711",".312","-1.5","1.1","0.9","605.4","9345"
"Steven Moya","Tigers","50","210","199","49","9","1","10","24","30","8","62","1","2","1",".248",".280",".460",".740",".312","-0.7","0.0","0.2","710.5","11854"
"Steven Souza Jr.","Rays","125","525","469","111","20","1","19","62","58","46","166","6","12","7",".238",".310",".408",".719",".312","0.8","0.7","1.1","346.1","5667"
"Rob Refsnyder","Yankees","52","217","194","51","10","1","4","25","22","18","39","2","4","2",".263",".329",".386",".716",".312","-1.2","-0.1","0.5","861.1","13770"
"Ryan Raburn","","58","245","217","51","11","1","8","26","32","23","67","2","1","0",".234",".311",".411",".722",".311","-1.7","-0.3","0.1","905.5","2218"
"Avisail Garcia","White Sox","100","420","383","99","15","2","12","50","50","29","103","5","5","4",".260",".316",".403",".720",".311","-3.2","-0.7","0.1","497.1","5760"
"Jeimer Candelario","Cubs","7","28","25","6","2","0","1","3","3","2","6","0","0","0",".251",".318",".403",".720",".311","-0.1","0.0","0.1","916.4","13621"
"Josh Hamilton","Rangers","8","35","32","8","2","0","1","4","4","2","10","0","0","0",".250",".304",".428",".732",".311","-0.1","0.0","0.0","819.7","1875"
"Chase Headley","Yankees","133","560","496","124","22","1","14","62","59","52","125","7","5","3",".249",".326",".385",".712",".311","3.5","-0.2","2.0","472.4","4720"
"Elvis Andrus","Rangers","150","630","567","157","31","4","7","70","61","48","81","3","25","10",".276",".333",".381",".713",".311","-4.7","1.6","1.7","176.0","8709"
"Ender Inciarte","Braves","147","616","563","159","26","5","6","77","42","41","75","3","20","8",".283",".333",".383",".716",".311","8.3","1.5","2.6","223.5","4922"
"Welington Castillo","Orioles","99","416","376","92","17","0","15","42","54","30","105","5","1","1",".246",".308",".416",".724",".311","-1.7","-1.1","1.5","220.4","3256"
"Travis d'Arnaud","Mets","91","384","347","87","17","1","11","42","41","30","68","3","1","0",".251",".315",".404",".720",".311","-2.6","-0.3","1.5","285.0","7739"
"Lewis Brinson","Brewers","2","7","6","2","0","0","0","1","1","0","2","0","0","0",".251",".294",".435",".729",".311","0.0","0.0","0.0","999.0","sa657923"
"Brandon Nimmo","Mets","8","35","31","8","1","0","1","4","3","3","8","0","0","0",".254",".328",".383",".711",".311","-0.1","-0.1","0.0","741.3","12927"
"Salvador Perez","Royals","122","512","483","126","25","2","19","53","65","20","91","5","1","0",".261",".295",".437",".732",".311","6.6","-1.8","2.7","189.9","7304"
"Jorge Polanco","Twins","107","448","412","111","19","5","8","48","48","28","72","2","9","6",".269",".317",".402",".719",".310","-3.7","-0.5","1.1","344.6","13152"
"Mitch Haniger","Mariners","125","525","471","115","21","3","18","58","61","40","124","7","7","4",".243",".309",".412",".720",".310","2.3","-0.1","1.2","271.1","14274"
"Eduardo Nunez","Giants","135","568","527","145","26","5","11","62","59","29","84","4","29","11",".276",".315",".406",".722",".310","1.5","1.5","2.1","113.3","6848"
"Tyler Austin","Yankees","42","175","157","37","8","1","6","20","21","15","51","1","2","1",".237",".306",".411",".717",".310","-0.3","0.1","0.2","678.8","11850"
"Dansby Swanson","Braves","150","630","566","145","29","6","13","73","65","53","130","5","9","4",".256",".322",".399",".721",".310","1.7","0.5","2.2","173.0","18314"
"Jefry Marte","Angels","23","98","89","22","4","0","4","11","12","7","21","1","1","1",".243",".302",".417",".719",".310","-0.1","-0.1","0.2","402.6","5107"
"Cesar Hernandez","Phillies","142","595","529","143","18","8","5","68","43","56","115","3","18","10",".270",".342",".362",".704",".310","-0.4","0.2","1.5","285.3","10556"
"Brandon Drury","Diamondbacks","110","464","430","114","26","1","11","48","51","27","84","3","2","2",".265",".311",".409",".720",".310","-3.3","-0.9","0.4","250.9","11615"
"Chris Coghlan","","50","210","184","44","10","2","5","23","21","22","45","2","3","1",".237",".323",".391",".714",".309","0.8","0.2","0.3","758.2","6878"
"Trevor Plouffe","Athletics","125","525","477","118","26","2","16","56","65","39","102","3","2","1",".248",".307",".411",".718",".309","-4.5","-1.2","1.2","433.9","7462"
"Matt Skole","Nationals","2","7","6","1","0","0","0","1","1","1","2","0","0","0",".230",".315",".398",".713",".309","0.0","0.0","0.0","999.0","sa526563"
"Jose Martinez","Cardinals","18","77","70","19","4","0","1","8","8","5","13","0","1","0",".272",".324",".390",".713",".309","-0.3","0.0","0.0","999.0","7996"
"Clint Robinson","Nationals","30","124","110","28","5","0","3","13","14","12","23","1","0","0",".251",".326",".381",".707",".309","-0.2","-0.3","0.1","829.3","6908"
"Starlin Castro","Yankees","127","532","499","134","25","1","15","56","65","24","95","4","4","2",".269",".305",".416",".721",".308","-1.8","-1.0","1.2","246.0","4579"
"Jurickson Profar","Rangers","78","329","294","74","12","3","7","37","32","27","59","4","4","3",".252",".322",".382",".704",".308","-0.2","-0.4","0.4","318.1","10815"
"Jarrett Parker","Giants","99","416","367","84","14","3","14","47","47","40","142","6","6","4",".228",".312",".395",".707",".308","0.3","-0.3","0.6","697.6","11624"
"Jake Smolinski","Athletics","20","84","76","19","4","0","2","9","9","6","14","1","1","0",".252",".313",".395",".708",".308","-0.2","0.0","0.1","853.5","5408"
"Mac Williamson","Giants","82","346","312","77","15","1","11","38","40","25","89","6","3","1",".245",".310",".404",".714",".308","0.1","-0.1","0.5","835.5","14158"
"Didi Gregorius","Yankees","117","490","450","118","22","2","12","53","54","27","72","6","4","2",".262",".310",".404",".714",".307","-0.4","1.2","1.7","260.1","6012"
"Matt Wieters","Nationals","99","416","379","95","17","1","14","42","52","29","80","3","1","0",".250",".304",".410",".714",".307","0.5","-0.8","1.5","229.8","4298"
"Alex Avila","Tigers","50","211","177","38","8","0","5","21","19","31","68","1","0","1",".216",".332",".353",".685",".307","-0.4","-0.8","0.8","824.6","7476"
"Kevin Pillar","Blue Jays","138","581","543","148","35","2","11","63","62","25","90","5","15","6",".273",".309",".404",".713",".307","10.7","1.4","2.7","295.2","12434"
"Wilson Ramos","Rays","69","291","271","70","11","0","11","29","38","17","53","1","0","0",".258",".300",".417",".717",".307","1.1","-1.0","1.2","269.6","1433"
"Christian Walker","Reds","2","7","6","2","0","0","0","1","1","0","2","0","0","0",".242",".296",".419",".716",".307","0.0","0.0","0.0","889.2","13419"
"Christian Walker","Reds","13","55","50","12","2","0","2","6","7","4","16","0","0","0",".242",".296",".419",".716",".307","-0.2","0.0","0.0","889.2","13419"
"Ryan Rua","Rangers","73","308","279","68","12","1","10","36","34","22","81","4","5","2",".243",".307",".402",".709",".306","0.3","0.1","0.1","590.8","12409"
"Stephen Drew","Nationals","57","241","215","50","12","1","8","25","28","22","48","2","1","1",".231",".303",".408",".711",".306","-0.3","-0.6","0.4","799.3","4251"
"Jacoby Ellsbury","Yankees","133","560","506","133","22","4","10","67","52","43","84","4","21","6",".262",".323",".377",".700",".305","-0.2","2.2","1.6","240.9","4727"
"Kirk Nieuwenhuis","Brewers","88","370","325","71","17","2","13","41","45","39","116","2","7","5",".218",".305",".398",".703",".305","0.2","0.0","0.4","884.9","6400"
"Jean Segura","Mariners","148","623","579","157","25","5","12","73","56","28","96","8","26","9",".271",".312",".394",".706",".305","-3.5","2.0","2.1","62.5","5933"
"Cameron Maybin","Angels","118","497","449","117","20","4","8","58","49","41","96","3","15","6",".260",".324",".373",".696",".305","-3.1","0.6","0.5","304.5","5223"
"Gregor Blanco","","42","175","154","39","7","2","2","20","15","18","31","1","4","2",".256",".334",".366",".700",".305","-1.4","0.1","0.2","884.2","3123"
"Dustin Garneau","Rockies","30","128","116","28","6","0","4","13","15","8","25","2","1","1",".245",".303",".404",".707",".305","0.3","-0.1","0.2","871.5","9433"
"Austin Barnes","Dodgers","46","194","174","43","8","1","4","20","20","17","32","2","4","2",".249",".319",".376",".695",".304","-0.5","0.2","0.8","630.7","12158"
"Matt Olson","Athletics","17","70","61","13","4","0","2","8","8","8","18","0","0","0",".220",".312",".388",".700",".304","-0.1","0.0","0.1","824.4","14344"
"Conor Gillaspie","Giants","60","251","231","60","12","3","5","24","28","16","39","1","1","1",".261",".309",".402",".711",".304","-1.3","-0.2","0.4","873.3","9009"
"Scooter Gennett","Reds","67","280","260","69","14","1","6","30","28","15","53","1","3","2",".264",".306",".401",".708",".304","-1.9","-0.1","0.3","581.0","10339"
"Ketel Marte","Diamondbacks","42","176","163","46","9","1","1","20","15","10","25","1","6","2",".282",".321",".378",".700",".304","-0.9","0.2","0.2","268.0","13613"
"Steve Selsky","Red Sox","2","7","6","2","0","0","0","1","1","1","2","0","0","0",".247",".316",".377",".693",".304","0.0","0.0","0.0","999.0","12957"
"Abraham Almonte","Indians","17","70","63","16","4","1","1","8","7","5","16","0","2","1",".256",".313",".389",".701",".304","0.4","0.1","0.2","768.6","5486"
"Delmon Young","","50","210","195","51","9","1","6","22","24","10","42","2","2","1",".262",".303",".402",".705",".304","-3.0","-0.5","-0.2","999.0","2140"
"Cristhian Adames","Rockies","20","85","77","21","3","1","1","8","8","6","14","1","2","1",".269",".324",".372",".695",".304","0.2","-0.1","0.0","922.7","6013"
"Angel Pagan","","117","490","450","121","22","3","7","54","45","33","71","1","11","5",".269",".318",".380",".698",".303","-2.2","0.6","0.1","551.4","2918"
"Mike Zunino","Mariners","99","416","373","81","15","1","19","46","54","29","126","9","1","1",".218",".289",".415",".704",".303","-0.1","-0.2","1.8","299.1","13265"
"Trayce Thompson","Dodgers","45","190","174","40","9","1","7","21","23","14","49","1","3","1",".231",".289",".419",".707",".303","-0.1","0.3","0.3","608.4","9952"
"Phillip Ervin","Reds","2","7","6","1","0","0","0","1","1","1","2","0","0","0",".231",".309",".386",".695",".303","0.0","0.0","0.0","999.0","sa708965"
"Cory Spangenberg","Padres","92","385","348","90","16","6","6","41","41","27","84","2","9","5",".258",".314",".388",".701",".303","-0.2","0.8","0.9","603.4","12294"
"Andrew Susac","Brewers","53","224","200","47","9","1","7","23","24","20","59","2","0","0",".234",".307",".391",".699",".303","-0.6","0.0","0.6","517.0","13132"
"Aaron Hicks","Yankees","103","434","385","93","17","2","11","48","45","42","88","1","8","4",".241",".314",".381",".696",".303","0.3","0.1","0.6","665.8","5297"
"Matt Duffy","Rays","117","490","450","119","20","3","10","54","49","29","84","5","10","4",".264",".313",".384",".697",".303","-2.0","0.4","1.5","339.0","13836"
"Colby Rasmus","Rays","125","525","468","103","19","1","21","57","65","50","161","2","4","2",".221",".296",".404",".700",".303","6.0","0.9","1.4","529.2","9893"
"Cody Asche","White Sox","95","399","363","87","20","1","12","44","45","30","103","3","3","2",".239",".301",".401",".702",".302","-0.3","-0.1","-0.3","859.1","11997"
"Andrew Toles","Dodgers","65","275","258","69","15","2","5","29","28","12","56","2","12","6",".267",".304",".400",".705",".302","2.3","0.2","0.5","337.9","13414"
"Chris Heisey","Nationals","34","143","127","29","5","1","5","17","16","13","37","2","1","1",".226",".301",".398",".699",".302","0.3","0.1","0.1","999.0","3978"
"Jose Peraza","Reds","142","595","554","155","23","6","7","63","53","25","76","5","31","14",".280",".314",".385",".699",".302","1.4","0.9","1.2","127.5","13593"
"Jon Jay","Cubs","99","414","371","99","19","2","4","43","35","27","77","11","4","2",".267",".331",".355",".687",".302","-2.0","-0.1","0.5","629.7","5227"
"Blake Swihart","Red Sox","33","137","124","32","6","1","2","15","13","11","30","1","2","1",".257",".317",".376",".693",".302","0.0","0.0","0.0","521.4","13176"
"Preston Tucker","Astros","3","14","13","3","1","0","1","2","2","1","3","0","0","0",".237",".292",".413",".705",".302","0.0","0.0","0.0","870.6","13633"
"Marlon Byrd","","83","350","323","78","16","2","13","35","47","20","101","2","1","1",".242",".288",".422",".710",".302","0.1","-0.4","0.1","999.0","950"
"Austin Jackson","Indians","50","210","191","50","11","1","3","24","20","15","49","1","5","2",".259",".314",".377",".691",".301","-1.0","0.1","0.2","765.4","9848"
"Adonis Garcia","Braves","142","595","561","150","30","1","15","63","66","23","98","6","5","3",".267",".301",".402",".703",".301","-5.0","-1.0","0.4","328.9","13777"
"Jonny Gomes","","67","280","244","54","9","1","9","29","31","29","84","3","3","2",".223",".313",".375",".687",".301","0.0","-0.1","-0.3","999.0","1845"
"Coco Crisp","","100","420","376","90","21","3","10","48","43","38","71","1","9","4",".238",".308",".387",".694",".301","-2.1","0.2","0.0","769.7","1572"
"Jeff Baker","","25","105","95","23","4","1","3","11","12","8","28","1","2","1",".239",".298",".401",".699",".301","-0.8","-0.3","-0.1","999.0","2073"
"Jose Reyes","Mets","110","463","424","111","19","3","9","56","39","32","64","1","15","5",".262",".312",".383",".695",".301","-4.9","1.1","0.6","248.7","1736"
"Gavin Cecchini","Mets","2","7","6","2","0","0","0","1","1","0","1","0","0","0",".262",".316",".373",".689",".301","0.0","0.0","0.0","825.1","17005"
"Anthony Santander","Orioles","17","70","64","15","3","0","2","8","8","4","18","1","1","1",".241",".293",".408",".701",".301","-0.3","-0.1","0.0","999.0","sa659463"
"Keon Broxton","Brewers","130","546","483","106","21","6","17","62","57","55","192","3","29","12",".219",".301",".393",".694",".301","4.8","1.1","1.3","193.1","9253"
"Andres Blanco","Phillies","100","419","381","96","23","2","8","45","40","26","77","6","5","4",".251",".308",".384",".693",".301","-2.3","-1.8","0.2","840.3","1907"
"Robinson Chirinos","Rangers","27","115","102","23","5","0","4","13","13","9","28","2","1","1",".226",".299",".393",".692",".301","0.4","-0.2","0.4","650.9","3142"
"Marwin Gonzalez","Astros","52","217","202","52","11","1","5","24","23","10","46","2","4","3",".257",".297",".400",".698",".301","0.7","-0.5","0.3","564.4","5497"
"Hunter Renfroe","Padres","137","575","539","132","26","3","22","65","75","28","146","3","4","2",".244",".283",".426",".710",".301","2.4","0.2","0.6","204.4","15464"
"Aristides Aquino","Reds","2","7","7","2","0","0","0","1","1","0","2","0","0","0",".244",".285",".421",".706",".301","0.0","0.0","0.0","999.0","sa597058"
"Miguel Montero","Cubs","53","224","193","45","7","0","6","21","26","26","49","2","1","1",".232",".327",".363",".690",".300","-1.6","-0.8","0.5","551.6","3364"
"Jeremy Hazelbaker","Diamondbacks","57","240","217","52","9","3","7","27","27","17","69","2","7","3",".239",".297",".403",".700",".300","-0.2","0.2","-0.1","764.4","9399"
"A.J. Ellis","Marlins","29","122","103","24","5","0","2","10","12","15","22","1","1","1",".232",".332",".345",".677",".300","0.0","-0.5","0.4","914.9","5677"
"Eddie Rosario","Twins","97","406","383","100","19","4","11","48","46","16","92","1","8","5",".261",".291",".415",".707",".300","2.4","0.4","0.5","367.3","12155"
"Kyle Higashioka","Yankees","23","96","89","21","4","0","3","11","13","6","21","0","0","0",".242",".290",".412",".702",".300","-0.5","-0.1","0.3","941.0","sa454957"
"Rickie Weeks Jr.","Rays","67","280","247","54","11","1","9","31","30","25","79","5","4","2",".220",".304",".381",".685",".300","-1.2","0.1","-0.1","927.4","1849"
"Delino DeShields","Rangers","108","455","397","97","18","3","7","57","36","44","111","4","24","10",".245",".325",".352",".677",".300","-1.8","1.9","0.2","543.4","11379"
"Yoan Moncada","White Sox","63","266","234","54","11","1","6","28","25","26","74","3","13","6",".232",".315",".370",".685",".300","-1.3","0.3","0.3","244.8","17232"
"Tyler Flowers","Braves","72","303","273","66","13","0","9","26","33","21","91","6","0","1",".240",".306",".382",".688",".300","-2.6","-1.0","0.6","336.0","9134"
"J.P. Crawford","Phillies","83","350","310","77","14","2","5","36","31","35","57","1","6","4",".247",".323",".355",".678",".300","1.1","-0.4","0.9","999.0","sa737507"
"Dylan Cozens","Phillies","5","23","21","5","1","0","1","3","3","2","8","0","1","0",".233",".287",".414",".701",".299","0.0","0.0","0.0","999.0","sa657955"
"Bryce Brentz","Red Sox","2","7","6","2","0","0","0","1","1","0","2","0","0","0",".242",".292",".402",".694",".299","0.0","0.0","0.0","999.0","10607"
"Greg Garcia","Cardinals","38","160","139","34","7","1","1","16","12","17","32","2","2","1",".248",".338",".334",".672",".299","0.1","0.2","0.3","685.0","10951"
"Jordy Mercer","Pirates","125","525","474","123","23","2","10","51","54","38","82","4","2","1",".259",".318",".380",".698",".299","-3.6","0.2","1.0","560.0","6547"
"Adam Frazier","Pirates","92","387","353","96","17","3","2","40","30","26","51","3","12","9",".271",".324",".355",".679",".299","1.0","-0.9","0.6","616.0","15223"
"Hector Sanchez","","53","224","205","50","10","0","8","21","28","13","50","2","1","0",".242",".292",".401",".693",".299","-2.6","0.0","0.5","979.2","10289"
"Brett Phillips","Brewers","2","7","6","1","0","0","0","1","1","1","2","0","0","0",".229",".300",".389",".689",".299","0.0","0.0","0.0","999.0","sa658005"
"Eduardo Escobar","Twins","88","371","342","87","20","2","7","38","39","22","72","2","3","2",".255",".303",".389",".691",".299","-1.7","-0.2","0.6","624.2","6153"
"Juan Uribe","","83","350","321","79","16","0","11","34","41","23","71","2","1","0",".247",".299",".396",".694",".298","4.4","-0.5","1.0","999.0","454"
"Anthony Garcia","Cardinals","3","14","13","3","1","0","0","1","1","1","3","0","0","0",".237",".302",".383",".685",".298","0.0","0.0","0.0","999.0","sa502038"
"Marco Hernandez","Red Sox","12","49","46","12","2","1","1","5","5","2","11","0","1","0",".270",".303",".390",".693",".298","-0.4","0.0","0.0","908.0","13154"
"Jose Iglesias","Tigers","137","574","525","144","26","1","6","60","47","31","60","8","11","6",".273",".321",".359",".680",".298","3.6","-0.7","1.7","546.0","10231"
"Albert Almora","Cubs","87","364","343","92","19","3","6","38","38","14","53","1","6","3",".269",".298",".395",".694",".298","1.6","0.0","0.6","504.8","14109"
"Dee Gordon","Marlins","150","630","586","165","20","9","3","80","39","33","95","3","50","16",".282",".321",".362",".683",".298","0.6","4.6","1.5","64.8","8203"
"Eliezer Alvarez","Cardinals","2","7","6","2","0","0","0","1","1","0","1","0","0","0",".259",".313",".372",".685",".298","0.0","0.0","0.0","999.0","sa657261"
"Nick Franklin","Rays","50","210","189","45","9","1","5","23","22","18","50","1","5","2",".238",".305",".380",".685",".298","-2.1","0.3","0.3","621.6","10166"
"Brandon Phillips","Braves","130","546","512","141","25","1","9","56","57","22","69","6","11","6",".275",".309",".379",".688",".298","2.0","-1.1","0.9","289.0","791"
"Aaron Altherr","Phillies","92","385","345","80","18","2","10","42","44","30","105","6","9","4",".231",".302",".386",".687",".297","2.9","0.1","0.4","486.5","11270"
"Geovany Soto","White Sox","61","256","231","52","11","0","10","27","29","20","73","1","1","1",".224",".288",".400",".688",".297","-0.9","-0.6","0.7","695.7","3707"
"Renato Nunez","Athletics","3","14","13","3","1","0","1","2","2","1","3","0","0","0",".240",".281",".415",".696",".297","-0.1","0.0","0.0","850.1","14503"
"Chris Owings","Diamondbacks","107","449","419","110","22","7","6","46","43","22","91","3","14","4",".263",".302",".392",".694",".297","-3.0","1.3","0.4","311.2","10030"
"Zack Cozart","Reds","133","560","513","127","27","3","14","64","56","35","91","4","5","2",".247",".298",".393",".691",".297","6.2","0.4","1.7","369.5","2616"
"Chris Taylor","Dodgers","18","77","70","18","4","1","1","8","7","6","16","1","2","1",".256",".316",".363",".680",".297","0.4","0.1","0.2","976.5","13757"
"Jose Osuna","Pirates","2","7","7","2","0","0","0","1","1","0","1","0","0","0",".253",".295",".397",".692",".297","0.0","0.0","0.0","999.0","sa546540"
"Guillermo Heredia","Mariners","68","287","252","64","10","1","3","31","24","24","44","6","4","3",".254",".328",".339",".667",".297","-0.1","-0.2","0.2","903.0","18721"
"Josh Phegley","Athletics","38","160","147","36","8","1","5","18","20","9","31","2","0","0",".241",".290",".399",".690",".297","0.5","-0.1","0.7","704.2","9308"
"Jace Peterson","Braves","45","188","164","40","8","1","2","19","16","20","35","1","4","3",".243",".325",".348",".673",".297","-0.3","-0.1","0.1","681.4","12325"
"Tony Kemp","Astros","13","56","50","13","2","1","0","6","4","5","9","1","2","1",".256",".325",".344",".669",".297","0.0","0.0","0.1","966.0","14894"
"Miguel Gomez","Giants","2","7","7","2","0","0","0","1","1","0","1","0","0","0",".269",".294",".398",".692",".297","0.0","0.0","0.0","999.0","sa657484"
"Phil Gosselin","Pirates","35","147","136","37","7","1","2","15","12","7","25","1","2","1",".270",".310",".371",".681",".297","-0.5","0.2","0.2","872.7","10953"
"Matt Chapman","Athletics","13","56","51","11","2","0","2","7","7","5","17","0","1","0",".214",".282",".412",".694",".296","0.4","0.0","0.1","999.0","sa828672"
"Andrelton Simmons","Angels","150","630","581","155","28","3","9","64","61","38","57","4","8","4",".267",".314",".369",".683",".296","14.8","-0.7","3.4","417.6","10847"
"Nick Williams","Phillies","9","36","34","8","2","0","1","4","4","1","9","0","0","0",".247",".281",".416",".696",".296","0.1","0.0","0.0","999.0","sa657981"
"Dalton Pompey","Blue Jays","42","175","157","39","7","1","3","19","16","15","39","1","8","3",".246",".312",".362",".674",".296","0.4","0.5","0.2","761.8","12797"
"Richie Shaffer","Indians","8","35","31","7","2","0","1","4","4","3","11","0","0","0",".220",".294",".389",".684",".296","-0.3","0.0","0.0","937.5","13271"
"Jed Lowrie","Athletics","115","483","434","109","23","1","8","50","45","38","77","4","1","1",".252",".315",".365",".680",".296","-2.4","-0.8","0.4","613.1","4418"
"Jaff Decker","Athletics","38","161","141","33","6","1","3","17","14","17","34","1","5","2",".232",".318",".356",".674",".296","-1.0","0.0","0.1","999.0","7945"
"Joey Rickard","Orioles","50","210","187","47","9","1","3","22","17","17","42","2","5","2",".252",".319",".349",".668",".295","-2.6","0.1","-0.2","814.3","13277"
"Ozzie Albies","Braves","17","70","64","16","3","1","1","7","6","5","14","1","3","1",".256",".311",".367",".678",".295","0.3","0.0","0.1","999.0","sa830219"
"Jason Castro","Twins","99","416","369","82","18","2","11","44","43","39","121","3","2","1",".222",".301",".374",".675",".295","2.0","-0.4","1.4","355.4","8722"
"Corey Hart","","50","210","193","45","9","1","8","22","26","12","57","3","2","1",".232",".284",".404",".688",".295","-1.0","-0.7","-0.3","999.0","1945"
"Enrique Hernandez","Dodgers","39","163","148","35","7","1","4","17","16","12","33","1","1","1",".239",".300",".380",".679",".295","-0.2","-0.1","0.3","808.4","10472"
"Drew Robinson","Rangers","12","49","44","9","2","0","2","5","5","5","15","0","1","1",".217",".295",".382",".677",".295","-0.1","0.0","0.0","999.0","sa548300"
"Jose Marmolejos","Nationals","2","7","6","2","0","0","0","1","1","0","2","0","0","0",".248",".301",".382",".682",".295","0.0","0.0","0.0","999.0","sa598311"
"Cameron Rupp","Phillies","91","384","352","82","17","1","12","37","45","25","107","4","1","0",".233",".290",".394",".684",".295","0.0","-0.5","1.0","272.1","11146"
"Rajai Davis","Athletics","137","574","525","128","29","3","13","68","65","33","111","7","18","6",".244",".294",".387",".681",".295","-1.7","2.0","1.2","233.8","3708"
"Ezequiel Carrera","Blue Jays","75","315","283","71","11","2","5","36","29","23","68","3","11","4",".251",".312",".359",".670",".295","0.9","0.5","0.1","714.6","9048"
"Daniel Descalso","Diamondbacks","60","251","222","53","11","1","5","25","25","24","51","1","2","2",".239",".314",".365",".679",".294","-1.3","0.2","-0.1","866.8","8392"
"Aaron Hill","Giants","15","63","57","14","3","0","1","6","7","5","10","0","1","0",".248",".309",".366",".675",".294","-0.4","-0.1","0.1","763.1","6104"
"Hernan Perez","Brewers","131","550","518","137","26","4","11","54","58","22","104","2","24","8",".264",".293",".392",".686",".294","-0.6","1.9","0.3","240.0","5751"
"Gorkys Hernandez","Giants","73","305","275","70","13","1","4","31","27","23","63","3","9","5",".254",".315",".355",".670",".294","0.3","-0.2","0.3","949.8","4146"
"Yan Gomes","Indians","84","352","328","78","17","1","12","38","45","16","88","4","1","1",".238",".279",".411",".690",".294","2.3","-0.2","1.3","310.4","9627"
"Rio Ruiz","Braves","39","165","147","35","7","1","3","16","16","15","41","1","1","1",".236",".308",".364",".673",".294","0.0","-0.1","0.1","817.4","14103"
"Alejandro De Aza","","67","280","250","59","12","2","5","30","26","23","66","4","6","3",".238",".308",".365",".673",".294","-0.3","-0.2","-0.1","924.8","3371"
"Derek Norris","Rays","69","291","260","59","13","1","8","32","32","26","74","2","4","2",".227",".300",".378",".678",".294","-1.5","0.0","0.7","322.4","6867"
"Darrell Ceciliani","Blue Jays","8","35","32","8","2","0","1","4","4","2","9","0","1","0",".246",".292",".391",".683",".293","0.1","0.0","0.0","999.0","9954"
"Dioner Navarro","","61","256","234","58","10","1","6","23","30","18","46","1","1","1",".247",".299",".379",".678",".293","-1.9","-0.8","0.5","826.4","3179"
"Sandy Leon","Red Sox","84","352","316","77","16","1","6","36","33","28","81","3","1","1",".244",".309",".363",".672",".293","4.1","-0.6","1.3","294.2","5273"
"Victor Caratini","Cubs","1","6","6","1","0","0","0","1","1","1","1","0","0","0",".245",".313",".355",".667",".293","0.0","0.0","0.0","999.0","sa737618"
"T.J. Rivera","Mets","48","200","187","50","9","1","3","20","20","8","31","2","1","1",".269",".305",".371",".676",".293","0.1","0.0","0.3","689.9","12495"
"Ben Gamel","Mariners","27","112","102","26","5","1","2","12","11","8","25","0","2","1",".253",".306",".372",".677",".293","-0.6","0.0","0.0","712.0","12160"
"Daniel Palka","Twins","7","28","26","6","1","0","1","3","3","2","9","0","1","0",".221",".278",".407",".685",".293","-0.1","0.0","0.0","999.0","sa549449"
"Ehire Adrianza","Twins","17","70","63","15","3","0","1","7","6","5","13","1","1","1",".245",".306",".362",".668",".293","0.0","-0.1","0.1","884.9","8418"
"Taylor Motter","Mariners","23","98","89","21","4","0","3","11","11","7","19","1","3","1",".239",".296",".380",".676",".293","-0.5","0.0","0.1","935.2","12399"
"Chase Utley","Dodgers","48","201","181","43","9","1","4","22","20","14","38","4","1","1",".238",".302",".372",".674",".293","0.3","0.2","0.3","641.1","1679"
"Carlos Asuaje","Padres","15","65","59","15","3","1","1","6","6","5","12","0","1","1",".248",".306",".365",".671",".293","-0.1","0.0","0.1","819.7","15197"
"Tyler Saladino","White Sox","100","420","385","97","16","2","9","46","43","25","82","3","15","5",".251",".299",".374",".674",".293","2.2","0.8","0.9","417.4","10807"
"Cole Gillespie","","50","210","189","48","9","1","3","22","19","17","37","1","3","1",".251",".312",".355",".667",".293","-0.7","0.1","-0.1","999.0","5888"
"Adam Rosales","Athletics","77","322","289","66","13","2","9","36","33","27","91","3","4","3",".228",".298",".376",".673",".292","0.1","-0.3","0.6","832.6","9682"
"Manuel Margot","Padres","133","560","520","134","24","7","7","60","48","30","79","3","24","12",".258",".300",".374",".674",".292","4.9","0.3","1.3","248.0","14712"
"Anthony Recker","Braves","26","111","97","21","4","0","4","11","12","11","34","1","1","0",".213",".299",".368",".667",".292","-1.1","0.0","0.1","807.1","4063"
"Samir Duenez","Royals","2","7","7","2","0","0","0","1","1","0","1","0","0","0",".257",".294",".384",".677",".292","0.0","0.0","0.0","999.0","sa739574"
"Christian Colon","Royals","72","301","275","72","12","0","3","29","26","19","40","2","6","3",".262",".315",".347",".662",".292","1.4","-0.3","0.5","845.8","11145"
"Brett Nicholas","Rangers","3","13","12","3","1","0","0","1","1","1","3","0","0","0",".249",".296",".378",".674",".292","-0.1","0.0","0.0","999.0","11192"
"Ronald Torreyes","Yankees","77","322","297","79","13","3","3","34","28","16","32","3","6","3",".265",".307",".362",".669",".292","0.1","-0.1","0.5","833.9","11400"
"Manny Pina","Brewers","30","128","117","29","6","0","3","12","14","8","22","1","1","1",".245",".298",".377",".675",".292","0.2","-0.1","0.3","891.2","2829"
"Paulo Orlando","Royals","100","420","395","106","19","3","5","41","38","15","86","4","11","4",".270",".301",".373",".675",".292","3.5","0.5","0.4","585.9","8628"
"Tim Anderson","White Sox","150","630","599","158","26","6","12","72","54","20","162","4","21","8",".265",".291",".385",".677",".291","3.9","0.7","1.7","176.0","15172"
"Pat Valaika","Rockies","3","14","13","3","1","0","0","1","1","1","3","0","0","0",".254",".290",".388",".678",".291","0.0","0.0","0.0","999.0","14885"
"Roberto Perez","Indians","61","256","218","47","11","1","5","27","25","30","69","1","1","1",".214",".311",".344",".655",".291","1.5","-0.3","0.8","660.0","2900"
"Steve Clevenger","","15","64","58","15","3","0","1","6","6","5","11","0","0","0",".255",".311",".357",".668",".291","-0.6","-0.1","0.1","999.0","9542"
"Kurt Suzuki","Braves","65","271","247","63","14","1","4","22","28","16","34","4","0","0",".254",".307",".361",".668",".291","-2.0","-0.7","0.4","609.1","8259"
"Tyler Collins","Tigers","90","378","345","81","12","2","11","38","41","27","91","3","5","3",".235",".293",".376",".670",".291","-2.0","0.1","0.2","858.5","12723"
"Mikie Mahtook","Tigers","77","322","297","72","15","3","6","34","32","17","84","5","6","2",".244",".294",".379",".673",".291","-1.1","0.0","0.2","786.1","13130"
"Brett Eibner","Dodgers","3","14","13","3","1","0","0","1","2","1","4","0","0","0",".225",".291",".381",".672",".291","-0.1","0.0","0.0","794.3","11369"
"Jarrod Dyson","Mariners","113","476","427","109","16","6","4","57","35","34","77","5","41","11",".254",".315",".347",".662",".291","9.7","4.8","1.7","271.8","4866"
"Bruce Maxwell III","Athletics","23","96","87","21","4","0","2","9","9","7","20","0","0","0",".245",".304",".359",".663",".291","-0.1","-0.1","0.3","502.2","13866"
"Brian Goodwin","Nationals","12","49","44","10","2","0","1","5","5","4","13","0","1","1",".237",".301",".365",".666",".291","-0.2","0.0","0.0","999.0","12858"
"Carlos Ruiz","Mariners","49","205","181","44","9","0","2","19","17","19","32","3","2","1",".241",".321",".331",".652",".291","0.0","-0.5","0.6","696.8","2579"
"Jarrod Saltalamacchia","Blue Jays","38","160","139","28","6","0","6","17","19","18","58","1","0","0",".200",".293",".375",".668",".291","-1.7","0.0","0.3","726.4","5557"
"Rymer Liriano","White Sox","87","364","325","74","15","1","9","41","36","31","111","4","10","5",".227",".301",".363",".664",".291","2.7","-0.3","0.1","739.4","4779"
"Oscar Hernandez","Diamondbacks","8","32","30","7","2","0","1","3","3","2","7","0","0","0",".234",".284",".388",".672",".290","-0.2","0.0","0.0","767.5","13490"
"Teoscar Hernandez","Astros","33","140","128","30","6","1","3","16","14","9","36","1","6","3",".237",".293",".377",".670",".290","0.2","-0.1","0.0","789.0","13066"
"Tucker Barnhart","Reds","53","224","200","50","10","1","3","19","21","19","38","1","1","0",".250",".317",".354",".671",".290","1.6","-0.5","0.6","460.0","10200"
"Christian Villanueva","Cubs","2","7","6","2","0","0","0","1","1","0","2","0","0","0",".237",".286",".393",".679",".290","0.0","0.0","0.0","999.0","sa505993"
"Chris Herrmann","Diamondbacks","46","195","176","41","8","2","4","19","21","15","49","2","2","1",".233",".298",".372",".670",".290","-0.6","0.1","0.2","324.5","9284"
"Nolan Reimold","","67","280","249","57","11","1","7","28","26","26","75","2","3","1",".228",".304",".359",".662",".290","-0.1","-0.4","-0.2","999.0","3441"
"Alex Rios","","108","455","423","107","22","2","9","43","48","23","89","4","8","3",".252",".293",".378",".672",".290","-1.6","-0.5","-0.4","999.0","2090"
"Boog Powell","Mariners","3","14","13","3","0","0","0","1","1","1","3","0","0","0",".253",".315",".340",".655",".290","0.1","0.0","0.0","999.0","sa658509"
"Alen Hanson","Pirates","76","321","296","74","12","5","6","33","32","18","59","1","17","8",".248",".292",".381",".673",".290","-0.2","0.1","0.4","625.6","12926"
"Christian Vazquez","Red Sox","61","256","232","59","13","1","3","26","24","18","51","2","2","1",".252",".308",".356",".664",".290","1.9","-0.2","0.7","613.5","9774"
"Arismendy Alcantara","Reds","110","463","428","99","19","6","13","51","51","28","132","1","19","7",".231",".279",".396",".675",".290","-0.7","1.6","0.0","863.6","10711"
"Charlie Tilson","White Sox","17","70","64","16","2","1","1","7","6","5","12","0","2","1",".256",".308",".354",".662",".290","-0.1","0.0","0.1","398.5","12983"
"Leonys Martin","Mariners","145","609","554","135","22","4","13","67","56","41","145","4","25","9",".244",".298",".367",".665",".289","5.6","2.4","1.8","282.3","11846"
"Austin Hedges","Padres","107","448","418","101","20","1","14","47","54","20","87","4","2","2",".242",".280",".399",".680",".289","3.7","-0.1","1.6","301.5","12976"
"Josh Rutledge","Red Sox","2","7","6","2","0","0","0","1","1","0","2","0","0","0",".245",".300",".364",".664",".289","-0.1","0.0","0.0","885.8","11167"
"Willy Adames","Rays","2","7","6","1","0","0","0","1","1","1","2","0","0","0",".231",".303",".356",".659",".289","0.0","0.0","0.0","999.0","sa736655"
"Jett Bandy","Brewers","69","288","263","61","12","0","9","27","30","13","61","7","2","1",".231",".283",".385",".668",".289","2.2","-0.5","0.7","351.2","12508"
"Melvin Upton Jr.","Blue Jays","75","315","285","64","12","2","10","35","33","25","94","1","11","4",".225",".287",".383",".671",".289","1.6","0.7","0.2","354.8","5015"
"Whit Merrifield","Royals","40","168","156","41","9","1","2","18","15","9","30","1","5","2",".260",".301",".365",".666",".289","0.8","0.3","0.3","588.2","11281"
"Miguel Andujar","Yankees","2","7","7","2","0","0","0","1","1","0","1","0","0","0",".244",".286",".385",".670",".289","0.0","0.0","0.0","999.0","sa659185"
"Pedro Severino","Nationals","11","45","41","11","2","0","1","4","4","2","7","0","0","0",".259",".303",".358",".661",".289","0.1","-0.1","0.1","884.8","14523"
"Danny Santana","Twins","38","161","151","39","7","2","2","18","14","6","35","1","7","3",".261",".295",".374",".668",".289","-1.0","0.2","0.0","820.0","10322"
"Ivan De Jesus","Brewers","35","147","133","33","6","1","2","13","13","11","32","1","1","1",".251",".310",".348",".658",".289","-0.6","-0.2","-0.1","999.0","9886"
"Ichiro Suzuki","Marlins","60","253","230","60","8","3","1","26","18","18","33","1","6","2",".263",".317",".339",".656",".289","0.3","-0.1","0.0","798.2","1101"
"Patrick Kivlehan","Reds","57","238","220","51","9","1","7","25","26","14","65","2","3","2",".233",".282",".386",".668",".288","-1.7","0.0","-0.4","999.0","13910"
"Jose Lobaton","Nationals","43","179","159","37","7","1","3","16","17","16","41","1","1","0",".233",".306",".353",".659",".288","-0.2","-0.4","0.3","756.7","4243"
"Matt Szczur","Cubs","39","162","148","37","6","1","3","17","16","10","31","1","5","2",".249",".302",".360",".661",".288","0.2","0.1","0.0","929.0","11255"
"Orlando Arcia","Brewers","142","595","552","135","27","5","12","60","60","34","114","3","18","8",".245",".291",".377",".668",".288","1.9","0.4","0.8","287.4","13185"
"Nick Hundley","Giants","33","139","128","31","6","1","3","12","14","9","32","1","1","1",".242",".292",".378",".669",".288","-1.1","-0.4","0.2","508.7","3376"
"Breyvic Valera","Cardinals","2","7","6","2","0","0","0","1","1","0","1","0","0","0",".269",".318",".334",".652",".288","0.0","0.0","0.0","999.0","sa546472"
"J.J. Hardy","Orioles","133","560","520","130","26","0","13","55","59","30","98","2","1","0",".250",".291",".375",".666",".288","4.6","-1.2","1.2","535.3","3797"
"Alexi Amarista","Rockies","34","144","132","34","5","1","2","14","15","9","21","1","4","1",".260",".308",".358",".666",".287","-0.4","0.3","-0.2","853.5","9063"
"Alberto Callaspo","","83","350","310","74","13","1","5","32","31","33","48","2","3","2",".239",".314",".334",".648",".287","-2.9","-1.6","-0.2","999.0","3336"
"Franklin Barreto","Athletics","2","7","7","2","0","0","0","1","1","0","1","0","0","0",".249",".292",".371",".663",".287","0.0","0.0","0.0","999.0","sa739765"
"Dawel Lugo","Diamondbacks","2","7","7","2","0","0","0","1","1","0","1","0","0","0",".259",".282",".387",".669",".287","0.0","0.0","0.0","999.0","sa659207"
"Daniel Robertson","Rays","20","84","75","18","3","0","1","8","7","7","17","2","0","0",".238",".312",".333",".645",".287","0.0","0.0","0.1","999.0","sa657854"
"Tomas Telis","Marlins","15","64","60","16","3","0","1","6","6","3","8","0","1","0",".264",".303",".360",".662",".287","0.0","0.0","0.1","999.0","10067"
"Aneury Tavarez","Orioles","25","105","98","24","4","1","2","11","10","5","26","1","3","2",".245",".286",".380",".665",".287","0.4","-0.1","0.0","999.0","sa598684"
"Ryan Flaherty","Orioles","83","350","313","70","13","1","10","37","37","28","88","4","2","1",".223",".294",".367",".661",".287","-0.4","0.3","0.3","999.0","7888"
"Michael Taylor","Nationals","49","205","187","43","8","1","6","21","21","15","65","1","9","3",".232",".292",".372",".664",".287","1.0","0.4","0.0","650.6","11489"
"Billy Burns","Royals","17","70","64","17","3","1","0","8","5","4","11","1","4","1",".263",".310",".344",".654",".286","-0.1","0.4","0.0","643.6","12701"
"Ryan Cordell","Brewers","2","7","6","2","0","0","0","1","1","0","2","0","0","0",".235",".280",".386",".666",".286","0.0","0.0","0.0","999.0","sa737938"
"Austin Romine","Yankees","30","128","119","29","6","0","3","14","15","6","24","1","1","0",".246",".287",".379",".666",".286","-0.8","0.0","0.2","808.4","5491"
"Travis Jankowski","Padres","150","630","563","138","22","5","5","71","39","55","137","3","39","16",".246",".315",".327",".642",".286","9.3","2.0","0.9","286.6","13768"
"Kevin Plawecki","Mets","15","64","58","14","3","0","1","6","6","4","11","1","0","0",".243",".300",".358",".658",".286","0.1","0.0","0.2","920.4","13807"
"Joey Wendle","Athletics","8","35","33","8","2","0","1","4","4","1","7","0","1","0",".247",".286",".379",".664",".286","0.1","0.0","0.1","706.5","13853"
"Juan Lagares","Mets","45","190","176","45","8","2","3","19","17","9","37","2","3","2",".254",".296",".367",".663",".286","2.6","0.1","0.4","880.6","5384"
"Tim Beckham","Rays","53","224","205","48","9","3","5","23","21","14","66","2","3","2",".233",".285",".376",".660",".286","-0.7","-0.5","0.2","719.8","7949"
"Wilmer Difo","Nationals","24","99","92","24","4","1","1","10","10","5","18","1","4","1",".256",".296",".362",".659",".286","0.2","0.3","0.1","724.2","14320"
"Mallex Smith","Rays","37","154","138","34","5","2","2","17","13","12","34","1","12","5",".243",".307",".340",".647",".285","1.2","0.4","0.1","340.9","13608"
"Dixon Machado","Tigers","18","77","69","17","3","0","1","8","6","6","12","1","2","1",".247",".308",".336",".644",".285","0.7","0.0","0.1","999.0","11472"
"Giovanny Urshela","Indians","58","245","231","58","12","1","5","25","26","10","38","1","0","1",".253",".285",".376",".661",".285","1.8","-0.3","0.2","914.5","10681"
"Roman Quinn","Phillies","36","150","136","32","5","1","2","17","13","11","38","1","9","4",".239",".300",".349",".648",".285","-0.1","0.3","0.0","399.1","13546"
"Curt Casali","Rays","15","64","56","12","2","0","2","7","6","6","18","1","0","0",".209",".296",".348",".644",".285","-0.2","-0.1","0.1","681.3","12510"
"Ronald Guzman","Rangers","5","21","20","5","1","0","0","2","2","1","5","0","0","0",".242",".286",".375",".660",".285","0.0","0.0","0.0","999.0","sa659670"
"Tony Wolters","Rockies","91","384","345","84","16","2","5","35","35","30","90","3","4","3",".242",".306",".343",".649",".285","2.4","-0.1","0.2","449.1","11470"
"Billy Hamilton","Reds","125","525","477","119","19","4","6","65","35","37","101","2","56","14",".249",".304",".343",".647",".285","9.6","7.3","1.8","95.1","10199"
"Tyler Goeddel","Phillies","31","130","118","28","4","1","3","13","13","9","30","1","3","2",".233",".291",".362",".653",".285","-0.2","0.1","-0.1","930.4","13180"
"Socrates Brito","Diamondbacks","37","156","148","37","6","2","3","16","16","6","33","0","4","2",".251",".279",".385",".665",".285","1.1","0.1","-0.1","703.9","12944"
"Freddy Galvis","Phillies","54","225","209","51","9","2","6","22","24","11","45","1","4","2",".244",".282",".383",".666",".284","0.8","0.2","0.3","337.8","6609"
"Kevan Smith","White Sox","8","32","29","7","1","0","1","3","3","2","7","0","0","0",".232",".292",".359",".651",".284","0.0","0.0","0.1","920.5","12284"
"Ildemaro Vargas","Diamondbacks","2","7","6","2","0","0","0","1","1","0","1","0","0","0",".260",".300",".351",".651",".284","0.0","0.0","0.0","999.0","sa504705"
"Chad Pinder","Athletics","10","42","39","9","2","0","1","4","4","2","10","1","0","0",".241",".281",".376",".656",".284","-0.2","0.0","0.0","848.1","15191"
"Hunter Dozier","Royals","13","56","51","12","3","0","1","6","6","4","15","0","1","0",".229",".287",".366",".653",".283","-0.1","0.0","-0.1","655.1","15117"
"Drew Stubbs","","67","280","248","53","9","2","7","30","25","26","98","2","11","4",".215",".293",".353",".646",".283","-1.4","1.1","0.1","948.0","9328"
"Andrew Knapp","Phillies","38","160","146","33","7","1","3","16","16","12","45","1","1","1",".230",".291",".359",".649",".283","-0.5","-0.2","0.2","999.0","sa550140"
"Michael Reed","Brewers","5","21","18","4","1","0","0","2","2","2","6","0","1","0",".213",".308",".327",".634",".283","0.0","0.0","0.0","878.5","13228"
"Jesmuel Valentin","Phillies","3","13","12","3","1","0","0","1","1","1","2","0","0","0",".243",".295",".354",".649",".283","0.0","0.0","0.0","999.0","sa657867"
"Kelby Tomlinson","Giants","29","120","108","28","4","1","1","11","9","9","22","1","4","2",".254",".315",".323",".638",".283","-0.1","0.2","0.1","868.4","13005"
"Mitch Garver","Twins","3","13","12","3","1","0","0","1","1","1","3","0","0","0",".232",".298",".346",".644",".283","0.0","0.0","0.0","999.0","sa578988"
"Francisco Pena","Orioles","8","32","30","7","1","0","1","3","4","1","6","0","0","0",".237",".276",".381",".657",".283","0.2","0.0","0.1","999.0","8298"
"Elias Diaz","Pirates","15","64","59","15","3","0","1","6","6","4","11","0","0","0",".247",".296",".351",".647",".283","0.0","-0.1","0.1","899.5","11680"
"Zack Granite","Twins","12","49","45","12","2","0","0","5","4","3","6","0","3","1",".259",".305",".337",".642",".282","0.1","0.0","0.0","999.0","sa738899"
"Jorge Bonifacio","Royals","2","7","6","1","0","0","0","1","1","0","2","0","0","0",".230",".287",".361",".648",".282","0.0","0.0","0.0","999.0","sa547943"
"James McCann","Tigers","99","416","385","93","17","2","9","39","45","21","102","4","2","1",".241",".286",".365",".650",".282","5.8","-1.0","1.4","328.2","12859"
"Chris Stewart","Pirates","46","192","171","43","7","0","2","15","15","15","30","3","1","0",".250",".318",".318",".636",".282","-0.7","-0.3","0.3","942.4","3878"
"Alcides Escobar","Royals","153","644","601","159","26","5","6","66","52","25","85","5","17","5",".264",".297",".354",".651",".282","0.3","1.9","0.9","331.6","6310"
"Richard Urena","Blue Jays","3","14","13","3","1","0","0","1","2","0","3","0","0","0",".247",".276",".385",".660",".282","-0.1","0.0","0.0","999.0","sa736829"
"Rafael Ynoa","Rockies","12","50","46","12","2","0","0","4","4","3","9","0","1","0",".256",".303",".343",".645",".282","-0.1","-0.1","-0.1","999.0","2832"
"Jaycob Brugman","Athletics","5","21","19","5","1","0","0","2","2","1","5","0","0","0",".236",".292",".355",".647",".282","-0.1","0.0","0.0","999.0","sa550136"
"Ben Revere","Angels","57","238","223","60","7","2","1","27","16","10","24","2","11","3",".271",".305",".337",".642",".282","-0.7","1.1","0.0","353.0","4712"
"John Ryan Murphy","Twins","20","83","76","18","4","0","2","8","8","5","18","0","0","0",".239",".287",".361",".648",".282","-0.2","0.0","0.1","757.9","10346"
"Erick Aybar","Padres","100","420","387","99","20","2","4","40","35","23","52","4","7","4",".257",".303",".346",".649",".282","-3.2","-0.3","0.2","760.9","4082"
"Christian Bethancourt","Padres","77","325","306","75","15","0","8","32","36","14","70","1","4","3",".247",".279",".377",".656",".281","0.7","-0.4","0.3","775.0","10028"
"Ramon Cabrera","","38","160","148","38","7","0","2","14","15","9","23","1","1","1",".257",".300",".342",".642",".281","-0.6","-0.2","0.2","999.0","10327"
"John Hicks","Tigers","3","13","12","3","1","0","0","1","1","1","3","0","0","0",".242",".283",".366",".649",".281","0.1","0.0","0.0","853.2","12547"
"Chris Gimenez","Twins","30","128","115","26","5","0","3","13","11","10","32","1","1","1",".226",".292",".347",".639",".281","-0.7","-0.3","0.1","953.5","7324"
"Carson Kelly","Cardinals","1","6","6","1","0","0","0","1","1","0","1","0","0","0",".243",".290",".353",".644",".281","0.0","0.0","0.0","758.4","13620"
"Destin Hood","Marlins","32","135","126","30","7","1","3","13","14","7","36","1","2","1",".236",".279",".370",".649",".280","0.2","-0.1","-0.1","999.0","9887"
"Darwin Barney","Blue Jays","63","266","244","60","11","1","4","27","23","16","40","2","3","2",".246",".296",".347",".642",".280","2.4","0.1","0.4","758.3","2430"
"Mason Williams","Yankees","5","21","19","5","1","0","0","2","2","1","4","0","0","0",".245",".293",".350",".643",".280","0.1","0.0","0.0","990.5","11859"
"Nate McLouth","","58","245","217","47","10","1","5","23","23","21","59","3","4","2",".216",".294",".339",".633",".279","-1.0","0.2","-0.4","999.0","3190"
"JaCoby Jones","Tigers","28","119","109","25","4","1","3","12","12","7","38","1","3","2",".227",".280",".364",".644",".279","0.0","-0.1","0.0","999.0","14818"
"Matt Davidson","White Sox","67","280","250","52","10","0","9","31","29","24","94","3","1","0",".207",".281",".360",".641",".279","-0.2","0.0","-0.7","816.6","7226"
"Rafael Bautista","Nationals","2","7","6","2","0","0","0","1","1","0","1","0","0","0",".258",".303",".330",".632",".279","0.0","0.0","0.0","999.0","sa657400"
"Erik Gonzalez","Indians","15","63","59","15","3","0","1","6","6","2","14","0","2","1",".249",".280",".367",".647",".279","0.1","-0.1","0.0","955.5","13369"
"Mel Rojas Jr.","Braves","5","22","20","5","1","0","0","2","2","2","6","0","0","0",".227",".287",".354",".641",".278","0.0","0.0","0.0","999.0","sa548194"
"Adeiny Hechavarria","Marlins","143","602","559","144","22","7","5","54","50","33","86","2","5","3",".258",".299",".347",".647",".278","2.2","-0.6","0.5","627.5","10459"
"Hanser Alberto","Rangers","20","84","80","21","4","0","1","8","8","2","11","1","1","1",".259",".281",".364",".645",".278","0.7","-0.1","0.1","966.5","11902"
"D.J. Peterson","Mariners","7","28","26","6","1","0","1","3","3","1","8","0","0","0",".221",".269",".376",".644",".278","0.0","0.0","-0.1","999.0","sa549926"
"Peter Bourjos","Rays","55","231","210","49","9","3","4","25","19","14","61","3","5","3",".231",".286",".357",".644",".278","1.3","0.1","0.0","871.6","2578"
"Colin Moran","Astros","8","35","32","7","1","0","1","3","3","2","9","0","0","0",".234",".290",".346",".636",".278","0.1","0.0","0.0","924.4","16909"
"Jake Marisnick","Astros","85","357","329","76","16","2","8","40","35","17","97","4","16","6",".231",".277",".367",".644",".278","4.2","0.8","0.4","804.9","11339"
"Leury Garcia","White Sox","53","224","207","52","7","2","3","23","19","12","52","2","10","5",".249",".294",".347",".640",".278","0.2","0.2","0.1","937.5","5913"
"Alexei Ramirez","","100","420","396","99","20","1","6","39","41","17","52","3","10","5",".251",".286",".358",".643",".278","-6.1","-0.7","-0.4","779.0","5133"
"Nick Ahmed","Diamondbacks","93","390","358","86","16","3","6","35","33","23","68","3","7","4",".240",".289",".352",".640",".277","3.9","0.4","0.2","851.9","12147"
"Carlos Sanchez","White Sox","30","126","117","28","5","1","2","12","12","6","27","1","2","1",".240",".283",".354",".637",".277","0.9","-0.1","0.1","925.4","11602"
"Omar Narvaez","White Sox","76","320","291","72","11","0","3","31","25","24","45","1","1","1",".247",".305",".318",".623",".276","-1.4","-0.2","0.3","705.0","13338"
"Shawn O'Malley","Mariners","38","161","145","34","5","1","2","16","13","12","33","2","5","2",".237",".298",".324",".622",".276","-0.4","0.2","0.0","864.2","9629"
"Caleb Joseph","Orioles","46","192","176","40","7","0","5","19","19","11","43","1","1","1",".228",".278",".358",".636",".276","1.8","-0.3","0.4","845.7","7087"
"Jorge Alfaro","Phillies","23","96","90","20","4","0","3","10","10","4","29","1","1","1",".228",".270",".370",".640",".276","-0.3","-0.1","0.1","450.1","12180"
"Chris Bostick","Pirates","2","7","6","2","0","0","0","1","1","0","2","0","0","0",".234",".282",".351",".633",".275","0.0","0.0","0.0","999.0","sa602694"
"Juan Graterol","Blue Jays","8","32","30","8","1","0","0","3","3","1","5","0","0","0",".254",".283",".350",".633",".275","0.0","0.0","0.0","999.0","5398"
"Miguel Rojas","Marlins","49","206","189","47","9","1","2","20","17","11","27","2","2","2",".250",".296",".336",".631",".275","0.5","-0.3","0.0","864.2","7802"
"Sam Fuld","","125","525","466","103","20","5","7","52","44","48","93","3","16","5",".221",".296",".326",".622",".275","1.6","0.9","0.1","999.0","8254"
"Danny Espinosa","Angels","138","581","515","107","20","1","17","59","58","44","183","14","8","3",".208",".286",".352",".638",".275","3.8","1.0","0.8","417.1","9219"
"Michael Bourn","","83","350","318","76","11","3","3","34","26","25","83","1","10","5",".240",".296",".326",".621",".274","-1.5","0.5","-0.2","803.2","6387"
"Martin Maldonado","Angels","91","384","334","71","12","0","9","35","39","39","96","6","1","1",".212",".303",".332",".634",".274","2.3","-0.3","1.0","640.3","6887"
"Willy Garcia","White Sox","5","21","20","4","1","0","1","2","2","1","7","0","0","0",".222",".266",".373",".639",".274","0.1","-0.1","0.0","999.0","sa547734"
"Harold Ramirez","","3","14","13","3","1","0","0","1","1","1","4","0","0","0",".220",".284",".342",".627",".274","0.0","0.0","0.0","999.0","sa550711"
"Francisco Mejia","","3","13","11","3","0","0","0","1","1","1","3","0","0","0",".220",".284",".342",".627",".274","0.0","0.0","0.0","999.0","sa455980"
"Nick Williams","","8","35","31","7","1","0","1","3","3","3","9","0","0","0",".220",".284",".342",".627",".274","0.0","0.0","-0.1","999.0","sa829392"
"Anthony Alford","Blue Jays","3","14","13","3","1","0","0","1","1","1","5","0","0","0",".213",".286",".335",".620",".274","0.0","0.0","0.0","999.0","sa657953"
"Bryan Holaday","","30","128","118","28","6","1","2","12","13","6","28","2","1","1",".234",".278",".352",".630",".274","0.2","0.0","0.2","861.0","11287"
"Eric Fryer","Cardinals","37","154","137","32","6","1","1","15","13","13","34","1","2","1",".232",".302",".311",".613",".274","0.3","-0.2","0.2","914.2","8145"
"Allen Cordoba","Padres","12","50","46","11","2","0","0","5","4","3","7","0","2","1",".245",".290",".335",".625",".274","0.1","0.1","0.0","918.0","sa737201"
"Cam Gallagher","Royals","3","13","12","3","1","0","0","1","1","1","2","0","0","0",".230",".290",".330",".620",".273","0.1","0.0","0.0","999.0","sa597771"
"Ryan LaMarre","Angels","7","28","26","6","1","0","1","3","2","2","8","0","1","0",".226",".281",".343",".623",".273","0.1","0.0","0.0","951.5","10700"
"Jack Reinheimer","Diamondbacks","2","7","6","2","0","0","0","1","1","0","1","0","0","0",".242",".293",".325",".618",".272","0.0","0.0","0.0","999.0","sa549854"
"Carlos Perez","Angels","61","256","236","55","13","0","4","25","28","14","45","1","2","1",".233",".278",".346",".624",".272","1.6","-0.2","0.6","999.0","10642"
"Raul Mondesi","Royals","75","315","293","68","10","5","6","32","30","15","84","2","18","7",".231",".271",".359",".631",".272","0.3","1.0","0.0","391.5","13769"
"Chase d'Arnaud","Braves","61","258","237","56","11","2","3","24","21","14","49","3","10","4",".236",".287",".333",".620",".272","-0.7","0.3","-0.3","948.7","6652"
"Rene Rivera","Mets","43","179","163","37","7","0","4","14","19","11","44","2","0","0",".224",".279",".346",".625",".270","1.3","-0.4","0.3","826.4","3648"
"Drew Butera","Royals","27","115","105","23","5","1","2","11","10","7","28","1","1","0",".224",".279",".338",".618",".270","-0.6","-0.2","0.0","879.1","3411"
"Tuffy Gosewisch","Mariners","5","19","18","4","1","0","0","2","2","1","4","0","0","0",".227",".272",".351",".622",".270","0.1","0.0","0.0","999.0","5277"
"Emilio Bonifacio","Braves","23","98","90","22","3","1","1","10","8","6","21","0","5","2",".247",".296",".315",".611",".270","-0.8","0.2","-0.2","959.5","4054"
"Trevor Brown","Giants","8","32","30","7","1","0","0","3","3","2","6","0","0","0",".236",".283",".330",".613",".269","-0.1","0.0","0.0","834.4","13895"
"JT Riddle","Marlins","3","14","13","3","1","0","0","1","1","1","2","0","0","0",".248",".285",".332",".617",".269","0.0","0.0","0.0","999.0","sa550025"
"Austin Nola","Marlins","3","13","12","3","1","0","0","1","1","1","2","0","0","0",".233",".294",".313",".607",".269","0.1","0.0","0.0","999.0","sa577789"
"Amed Rosario","Mets","2","7","7","2","0","0","0","1","1","0","2","0","0","0",".237",".282",".335",".617",".268","0.0","0.0","0.0","999.0","sa732115"
"Andrew Romine","Tigers","78","329","299","71","9","2","3","33","26","21","69","4","11","4",".237",".294",".310",".603",".268","2.1","0.7","0.0","829.2","1159"
"Adam Engel","White Sox","7","28","25","5","1","0","0","3","2","2","8","0","2","1",".216",".282",".325",".606",".268","0.2","0.0","0.0","999.0","sa709002"
"Tomas Nido","Mets","3","13","12","3","1","0","0","1","1","0","3","0","0","0",".233",".265",".356",".621",".268","0.1","0.0","0.0","999.0","sa658115"
"Ryan Goins","Blue Jays","42","175","161","37","8","1","2","16","16","10","39","1","1","1",".232",".278",".334",".611",".267","0.7","-0.2","-0.1","919.7","9807"
"Adam Moore","Indians","5","19","18","4","1","0","0","2","2","1","5","0","0","0",".226",".275",".337",".613",".267","0.0","0.0","0.0","999.0","9362"
"Ramon Torres","Royals","3","14","13","3","1","0","0","1","1","1","2","0","0","0",".249",".284",".325",".609",".267","0.0","0.0","0.0","999.0","sa547940"
"Jose Rondon","Padres","25","105","99","24","4","1","1","9","9","4","18","1","2","2",".245",".277",".339",".616",".267","0.2","-0.1","0.0","999.0","14140"
"Kyle Farmer","Dodgers","3","13","12","3","1","0","0","1","1","1","2","0","0","0",".231",".275",".339",".614",".267","0.0","0.0","0.0","999.0","sa620958"
"Edmundo Sosa","Cardinals","2","7","7","2","0","0","0","1","1","0","1","0","0","0",".241",".277",".333",".610",".267","0.0","0.0","0.0","999.0","sa736859"
"Cliff Pennington","Angels","37","154","137","30","5","1","2","14","11","13","35","1","2","0",".221",".293",".306",".599",".267","0.4","0.1","0.1","999.0","3395"
"Jacob Hannemann","Cubs","3","14","13","3","1","0","0","1","1","1","4","0","1","0",".221",".270",".341",".611",".267","0.0","0.0","0.0","999.0","sa550326"
"Max Stassi","Astros","8","32","30","6","1","0","1","3","3","2","10","0","0","0",".211",".260",".351",".611",".265","0.0","0.0","0.0","873.8","10059"
"Jonathan Herrera","","50","210","194","46","8","1","2","17","18","11","39","2","3","2",".238",".282",".322",".604",".265","-1.4","-0.2","-0.4","999.0","4182"
"Matt Reynolds","Mets","12","49","45","10","2","0","1","5","4","3","12","0","1","0",".226",".278",".325",".603",".265","0.1","0.0","0.0","926.5","13788"
"Michael Martinez","Indians","25","105","97","23","4","1","1","10","9","6","22","0","2","1",".238",".281",".325",".607",".265","-0.6","-0.3","-0.2","825.5","7358"
"Stuart Turner","Reds","8","32","29","6","1","0","1","3","3","2","7","0","0","0",".217",".279",".319",".598",".264","0.1","0.0","0.0","999.0","sa737625"
"Johan Camargo","Braves","5","21","19","5","1","0","0","2","2","1","4","0","0","0",".238",".274",".332",".607",".264","0.0","0.0","0.0","999.0","sa657234"
"Franchy Cordero","Padres","17","70","65","15","2","1","1","6","6","4","20","1","2","1",".224",".269",".339",".608",".263","0.1","-0.1","-0.1","999.0","sa657481"
"Magneuris Sierra","Cardinals","2","7","7","2","0","0","0","1","1","0","2","0","0","0",".246",".274",".328",".602",".262","0.0","0.0","0.0","999.0","sa736866"
"Luis Torrens","Padres","8","32","29","6","1","0","0","3","3","2","7","0","0","0",".212",".275",".318",".593",".262","0.0","-0.1","0.0","999.0","sa739618"
"Deven Marrero","Red Sox","8","35","32","7","1","0","0","3","3","2","9","0","1","0",".230",".282",".311",".593",".262","-0.1","0.0","0.0","999.0","13325"
"Kaleb Cowart","Angels","7","28","26","6","1","0","0","3","3","2","7","0","1","0",".221",".272",".328",".600",".261","0.1","0.0","0.0","922.2","11494"
"Luis Sardinas","Padres","33","140","130","32","5","1","1","12","11","7","24","1","3","2",".245",".284",".314",".598",".261","-0.9","0.0","-0.2","758.7","13153"
"Orlando Calixte","Giants","3","14","13","3","1","0","0","1","1","1","3","0","0","0",".227",".271",".329",".599",".261","0.1","0.0","0.0","999.0","11905"
"Luke Maile","Rays","8","32","29","6","1","0","0","3","3","2","7","0","0","0",".220",".272",".323",".595",".261","0.2","0.0","0.0","896.4","13355"
"Craig Gentry","","67","280","252","57","8","1","2","28","19","20","59","3","11","4",".226",".290",".292",".582",".260","2.7","1.1","-0.5","970.5","9571"
"Jacob May","White Sox","108","455","424","99","18","2","5","43","35","22","109","3","23","12",".233",".275",".315",".590",".260","3.5","-0.2","-0.3","999.0","sa550097"
"Jorge Mateo","Yankees","2","7","7","1","0","0","0","1","1","0","2","0","0","0",".222",".265",".330",".595",".259","0.0","0.0","0.0","999.0","sa657910"
"Robert Andino","Marlins","2","7","7","1","0","0","0","1","1","0","2","0","0","0",".224",".265",".325",".590",".258","0.0","0.0","0.0","999.0","4900"
"Jeff Mathis","Diamondbacks","38","160","147","31","6","1","3","13","17","9","47","1","0","0",".209",".260",".332",".592",".256","1.2","-0.1","-0.1","946.6","3448"
"Alfredo Gonzalez","White Sox","8","32","29","6","1","0","0","3","2","2","7","0","0","0",".221",".285",".285",".570",".256","0.0","0.0","0.0","999.0","sa505301"
"Engelb Vielma","Twins","2","7","6","2","0","0","0","1","0","0","1","0","0","0",".235",".284",".286",".570",".254","0.0","0.0","0.0","999.0","sa657416"
"Jesus Sucre","Rays","8","32","30","7","1","0","0","3","2","1","6","0","0","0",".238",".271",".307",".578",".254","0.3","-0.1","0.0","860.4","5942"
"Tyler Ladendorf","","25","105","97","22","4","0","1","10","8","6","23","1","1","1",".222",".271",".304",".575",".254","0.1","-0.1","-0.2","999.0","3211"
"Nolan Fontana","Angels","3","14","12","2","1","0","0","1","1","1","4","0","0","0",".194",".284",".269",".553",".252","0.0","0.0","0.0","999.0","sa657932"
"Gift Ngoepe","Pirates","2","7","6","1","0","0","0","1","1","1","2","0","0","0",".195",".261",".305",".566",".250","0.0","0.0","0.0","999.0","sa503029"
"Yefri Perez","Marlins","3","14","13","3","0","0","0","1","1","1","3","0","1","0",".228",".275",".282",".557",".248","0.1","0.0","0.0","872.0","12090"
"Yadiel Rivera","Brewers","9","36","34","7","1","0","0","3","3","1","9","0","1","0",".219",".255",".307",".562",".246","0.1","-0.1","-0.1","999.0","11863"
"Bubba Starling","Royals","2","7","6","1","0","0","0","1","1","0","2","0","0","0",".199",".247",".315",".562",".245","0.0","0.0","0.0","999.0","sa597751"
"Terrance Gore","Royals","5","21","19","4","0","0","0","2","1","1","5","0","2","0",".216",".274",".256",".531",".240","-0.1","0.2","-0.1","974.5","13658"
"J.B. Shuck","White Sox","0","0","0","0","0","0","0","0","0","0","0","0","0","0",".000",".000",".000",".000",".000","0.0","0.0","0.0","999.0","6677"
