"Name","Team","W","L","SV","HLD","ERA","GS","G","IP","H","ER","HR","SO","BB","WHIP","K/9","BB/9","FIP","WAR","playerid"
"Clayton Kershaw","Dodgers","19","7","0","0","2.06","34","34","233.0","173","53","16","286","46","0.94","11.05","1.76","2.22","8.1","2036"
"Kenley Jansen","Dodgers","4","2","44","2","2.34","0","65","65.0","47","17","6","91","16","0.97","12.59","2.26","2.38","2.0","3096"
"Andrew Miller","Yankees","4","2","8","13","2.31","0","65","65.0","43","17","6","99","22","1.00","13.67","2.99","2.40","2.1","6785"
"Dellin Betances","Yankees","4","1","1","15","2.33","0","55","55.0","36","14","4","81","22","1.05","13.27","3.52","2.50","1.4","6216"
"Aroldis Chapman","Yankees","5","2","35","4","2.34","0","65","65.0","41","17","5","103","29","1.08","14.29","4.04","2.51","2.1","10233"
"Wade Davis","Royals","5","2","38","1","2.43","0","65","65.0","48","18","4","80","22","1.08","11.02","3.00","2.65","1.8","7441"
"Jose Fernandez","Marlins","11","7","0","0","2.75","29","29","173.0","142","53","13","203","46","1.09","10.54","2.39","2.66","4.7","11530"
"Max Scherzer","Nationals","15","7","0","0","2.70","34","34","211.0","170","63","18","250","50","1.04","10.66","2.14","2.69","5.8","3137"
"Craig Kimbrel","Red Sox","4","2","37","3","2.68","0","65","65.0","47","19","5","87","25","1.11","12.10","3.40","2.70","1.7","6655"
"Trevor Rosenthal","Cardinals","4","2","42","0","2.69","0","65","65.0","50","19","4","82","25","1.16","11.39","3.49","2.71","1.6","10745"
"Hunter Strickland","Giants","3","2","2","17","2.57","0","55","55.0","44","16","4","61","13","1.04","9.93","2.18","2.73","1.0","7836"
"David Robertson","White Sox","5","3","36","1","2.89","0","65","65.0","51","21","6","84","19","1.08","11.68","2.68","2.75","1.9","8241"
"Zach Britton","Orioles","4","2","33","3","2.65","0","65","65.0","53","19","4","69","19","1.12","9.56","2.68","2.81","1.8","3240"
"Stephen Strasburg","Nationals","14","8","0","0","2.93","31","31","182.0","155","59","17","208","40","1.07","10.26","2.00","2.83","4.7","10131"
"Mark Melancon","Pirates","4","2","41","1","2.67","0","65","65.0","57","19","4","59","13","1.09","8.20","1.84","2.83","1.4","4264"
"Chris Sale","White Sox","16","9","0","0","2.89","34","34","227.0","186","73","23","277","50","1.04","11.02","1.97","2.84","6.5","10603"
"Cody Allen","Indians","4","3","38","1","2.79","0","65","65.0","50","20","6","84","23","1.12","11.63","3.19","2.85","1.6","12183"
"Carlos Carrasco","Indians","14","9","0","0","3.07","31","31","192.0","164","66","17","210","46","1.10","9.81","2.17","2.90","5.1","6632"
"Jake Arrieta","Cubs","16","8","0","0","2.75","32","32","206.0","167","63","15","215","55","1.08","9.40","2.43","2.91","5.2","4153"
"Liam Hendriks","Athletics","3","2","0","14","2.94","0","55","55.0","49","18","5","55","10","1.08","8.98","1.62","2.91","1.0","3548"
"Ken Giles","Astros","4","3","33","4","2.92","0","65","65.0","52","21","5","78","24","1.17","10.78","3.30","2.94","1.6","12910"
"Madison Bumgarner","Giants","17","10","0","0","2.73","34","34","226.0","189","69","20","233","48","1.05","9.25","1.92","2.97","4.9","5524"
"Shawn Kelley","Nationals","4","3","4","16","3.04","0","65","65.0","54","22","6","76","22","1.17","10.51","3.06","2.97","1.2","7773"
"Jeurys Familia","Mets","3","2","42","2","2.83","0","65","65.0","54","20","5","71","19","1.12","9.81","2.65","2.97","1.4","5114"
"Brett Cecil","Blue Jays","5","2","2","14","2.93","0","55","55.0","44","18","5","67","19","1.14","10.99","3.15","2.98","1.0","2660"
"Will Smith","Brewers","4","3","23","7","3.01","0","65","65.0","52","22","6","83","24","1.17","11.55","3.30","2.99","1.5","8048"
"Jacob deGrom","Mets","14","9","0","0","3.00","32","32","202.0","174","67","17","210","52","1.11","9.34","2.30","2.99","4.9","10954"
"Corey Kluber","Indians","15","10","0","0","3.13","32","32","216.0","189","75","20","228","47","1.09","9.48","1.94","3.00","5.5","2429"
"Sergio Romo","Giants","5","3","9","14","2.83","0","65","65.0","55","20","6","67","15","1.08","9.34","2.06","3.03","1.0","9817"
"Noah Syndergaard","Mets","12","9","0","0","3.12","31","31","182.0","155","63","18","203","46","1.11","10.02","2.30","3.04","4.3","11762"
"Matt Harvey","Mets","13","9","0","0","3.00","32","32","209.0","180","69","18","205","48","1.09","8.82","2.05","3.04","4.9","11713"
"David Price","Red Sox","15","8","0","0","3.14","34","34","213.0","194","74","21","216","42","1.11","9.12","1.76","3.05","5.0","3184"
"Carson Smith","Red Sox","3","2","0","13","3.08","0","55","55.0","47","19","4","60","20","1.21","9.87","3.22","3.05","0.7","13172"
"Jason Grilli","Braves","5","3","21","9","2.95","0","65","65.0","53","21","6","76","21","1.15","10.47","2.94","3.07","1.2","521"
"Sean Doolittle","Athletics","4","3","35","1","2.97","0","65","65.0","54","21","7","73","16","1.08","10.16","2.20","3.07","1.3","1581"
"Gerrit Cole","Pirates","15","11","0","0","3.17","32","32","206.0","186","72","15","196","51","1.15","8.59","2.23","3.08","4.5","13125"
"Tony Watson","Pirates","4","2","1","17","2.91","0","65","65.0","57","21","5","60","16","1.12","8.25","2.17","3.10","1.0","3132"
"Jake McGee","Rockies","4","3","29","5","3.14","0","65","65.0","55","23","6","75","20","1.16","10.33","2.78","3.13","1.5","7550"
"Parker Bridwell","Orioles","0","0","0","0","0.00","0","0","0.0","0","0","0","0","0","0.00","0.00","0.00","3.13","0.0","sa548445"
"Felix Hernandez","Mariners","15","11","0","0","3.19","34","34","224.0","199","79","20","220","55","1.13","8.84","2.22","3.14","5.0","4772"
"Nate Jones","White Sox","3","3","0","13","3.27","0","55","55.0","46","20","5","64","20","1.20","10.49","3.23","3.14","0.8","4696"
"Hector Rondon","Cubs","4","3","44","1","3.00","0","65","65.0","56","22","5","65","19","1.15","8.99","2.61","3.15","1.2","2391"
"Jon Lester","Cubs","15","9","0","0","3.07","32","32","210.0","185","72","19","207","50","1.12","8.84","2.14","3.15","4.7","4930"
"Mike Broadway","Giants","1","1","0","1","3.01","0","25","25.0","21","8","2","27","8","1.15","9.58","2.73","3.16","0.1","9894"
"Justin Grimm","Cubs","4","3","0","17","2.97","0","55","55.0","43","18","5","65","22","1.19","10.59","3.60","3.16","0.8","11720"
"Rafael Martin","Nationals","2","1","0","3","3.17","0","30","30.0","25","11","3","34","10","1.17","10.34","2.96","3.17","0.2","10258"
"Leonel Campos","Padres","1","1","0","1","3.21","0","15","15.0","12","5","1","19","7","1.27","11.29","4.40","3.17","0.0","12277"
"Koji Uehara","Red Sox","6","3","4","14","3.01","0","65","65.0","56","22","8","71","14","1.08","9.81","1.94","3.19","1.1","9227"
"Keone Kela","Rangers","5","3","0","10","3.25","0","45","45.0","38","16","4","51","16","1.20","10.10","3.20","3.19","0.5","14696"
"Pedro Strop","Cubs","5","2","2","17","2.87","0","65","65.0","49","21","5","76","26","1.16","10.58","3.62","3.20","1.1","4070"
"Zack Greinke","Diamondbacks","15","9","0","0","2.92","32","32","212.0","187","69","20","196","45","1.09","8.31","1.91","3.20","4.6","1943"
"Silvino Bracho","Diamondbacks","2","1","0","8","3.04","0","40","40.0","33","13","4","48","11","1.11","10.70","2.59","3.20","0.3","15051"
"Chris Hatcher","Dodgers","4","3","3","17","3.25","0","65","65.0","56","23","6","70","19","1.16","9.72","2.61","3.21","1.0","3299"
"Kelvin Herrera","Royals","4","2","1","15","3.05","0","55","55.0","46","19","4","58","20","1.19","9.42","3.22","3.21","0.8","6033"
"Tyson Ross","Padres","12","11","0","0","3.36","31","31","188.0","164","70","12","190","72","1.26","9.10","3.45","3.23","3.9","7872"
"Nick Vincent","Padres","3","2","0","10","3.24","0","45","45.0","39","16","4","49","15","1.19","9.79","2.90","3.24","0.4","7555"
"Blake Treinen","Nationals","3","2","0","17","3.24","0","55","55.0","51","20","4","51","19","1.26","8.39","3.08","3.24","0.7","12572"
"Francisco Liriano","Pirates","12","9","0","0","3.25","31","31","184.0","156","66","14","192","70","1.23","9.39","3.44","3.24","3.6","3201"
"Yimi Garcia","Dodgers","3","2","1","17","3.03","0","55","55.0","45","19","6","62","15","1.09","10.20","2.41","3.25","0.7","12095"
"Chris Archer","Rays","13","10","0","0","3.23","32","32","196.0","168","70","17","204","65","1.19","9.34","2.96","3.26","4.1","6345"
"Arodys Vizcaino","Braves","3","2","10","12","3.19","0","65","65.0","54","23","6","72","25","1.22","9.99","3.46","3.26","0.9","5498"
"Shae Simmons","Braves","2","2","0","8","3.24","0","40","40.0","33","14","3","45","18","1.27","10.07","3.97","3.26","0.2","14200"
"Jordan Walden","Cardinals","3","2","0","14","3.12","0","55","55.0","45","19","5","62","22","1.22","10.22","3.67","3.27","0.5","3271"
"Carlos Martinez","Cardinals","12","9","0","0","3.41","29","29","170.0","156","65","13","166","58","1.26","8.79","3.08","3.29","3.3","11682"
"Johnny Cueto","Giants","15","10","0","0","2.99","32","32","216.0","190","72","17","187","53","1.12","7.77","2.20","3.29","3.7","6893"
"Dallas Keuchel","Astros","15","10","0","0","3.16","32","32","217.0","201","76","18","188","54","1.18","7.79","2.26","3.30","4.8","9434"
"Corey Knebel","Brewers","2","2","0","8","3.29","0","40","40.0","33","15","4","49","16","1.21","10.94","3.54","3.30","0.3","15010"
"Adam Wainwright","Cardinals","14","10","0","0","3.32","29","29","195.0","188","72","16","156","41","1.18","7.23","1.90","3.30","3.8","2233"
"Cory Mazzoni","Padres","0","1","0","1","3.46","0","10","10.0","9","4","1","10","3","1.22","9.16","2.86","3.31","0.0","12537"
"Jeremy Jeffress","Brewers","3","3","15","9","3.38","0","65","65.0","60","24","5","63","24","1.29","8.77","3.31","3.32","1.1","9490"
"Pedro Baez","Dodgers","2","2","0","11","3.31","0","45","45.0","39","17","5","47","13","1.16","9.34","2.56","3.32","0.3","5420"
"Oliver Perez","Nationals","4","2","0","15","3.25","0","55","55.0","47","20","5","64","21","1.23","10.42","3.41","3.32","0.5","1514"
"Drew Pomeranz","Padres","4","3","4","13","3.11","0","65","65.0","54","22","6","71","24","1.20","9.79","3.27","3.33","0.8","11426"
"Tony Sipp","Astros","3","2","0","8","3.08","0","40","40.0","32","14","5","47","13","1.14","10.55","2.98","3.35","0.3","8280"
"Jeff Samardzija","Giants","12","10","0","0","3.36","31","31","202.0","187","75","18","177","46","1.15","7.91","2.05","3.35","3.3","3254"
"Glen Perkins","Twins","3","3","36","1","3.34","0","65","65.0","60","24","7","66","16","1.16","9.09","2.18","3.36","1.0","8041"
"A.J. Ramos","Marlins","4","3","38","2","3.08","0","65","65.0","51","22","5","75","30","1.24","10.38","4.19","3.36","0.8","8350"
"Roberto Osuna","Blue Jays","4","2","8","12","3.17","0","65","65.0","54","23","7","73","21","1.15","10.13","2.89","3.37","1.0","13764"
"Miguel Socolovich","Cardinals","2","1","0","3","3.35","0","30","30.0","27","11","2","29","11","1.25","8.68","3.19","3.37","0.1","6697"
"Nick Wittgren","Marlins","2","2","0","5","3.42","0","35","35.0","33","13","3","31","9","1.19","8.02","2.21","3.38","0.1","sa621793"
"Fernando Salas","Angels","3","3","0","16","3.37","0","55","55.0","50","21","6","55","13","1.15","8.93","2.18","3.38","0.6","4971"
"Junichi Tazawa","Red Sox","4","3","2","15","3.44","0","55","55.0","52","21","6","53","14","1.20","8.64","2.29","3.39","0.6","4079"
"Josh Fields","Astros","3","3","0","13","3.38","0","55","55.0","46","21","6","63","21","1.22","10.37","3.44","3.39","0.6","5070"
"Drew Storen","Blue Jays","3","2","30","4","3.19","0","65","65.0","57","23","6","66","18","1.16","9.14","2.50","3.39","1.1","6983"
"Ryan Madson","Athletics","3","3","2","14","3.31","0","65","65.0","59","24","6","63","20","1.21","8.78","2.72","3.40","0.9","1852"
"Darren O'Day","Orioles","4","3","4","13","3.06","0","65","65.0","55","22","7","70","18","1.11","9.73","2.44","3.40","1.1","3321"
"Luke Gregerson","Astros","5","4","8","12","3.34","0","65","65.0","59","24","6","61","16","1.16","8.42","2.26","3.40","1.0","4090"
"Mike Dunn","Marlins","5","4","2","16","3.28","0","65","65.0","53","24","6","74","27","1.24","10.21","3.80","3.41","0.7","9948"
"Felipe Rivero","Nationals","2","1","0","6","3.33","0","35","35.0","31","13","3","32","12","1.22","8.33","2.97","3.42","0.1","12076"
"Hyun-Jin Ryu","Dodgers","5","4","0","0","3.44","13","13","75.0","72","29","7","63","18","1.19","7.63","2.12","3.42","1.4","14444"
"Gio Gonzalez","Nationals","11","9","0","0","3.59","29","29","170.0","157","68","13","163","64","1.30","8.65","3.38","3.42","3.1","7448"
"Shawn Armstrong","Indians","2","2","0","10","3.34","0","45","45.0","36","17","4","55","20","1.26","11.09","4.05","3.42","0.3","12857"
"Brad Boxberger","Rays","3","2","0","11","3.20","0","45","45.0","35","16","5","55","19","1.20","11.09","3.77","3.42","0.3","10133"
"Kevin Siegrist","Cardinals","4","3","1","17","3.07","0","65","65.0","51","22","6","78","29","1.22","10.78","3.96","3.42","0.7","8180"
"Jumbo Diaz","Reds","2","2","0","16","3.31","0","55","55.0","47","20","6","59","18","1.18","9.64","2.95","3.43","0.7","3397"
"Tony Zych","Mariners","2","2","0","16","3.46","0","55","55.0","51","21","5","53","15","1.19","8.64","2.42","3.44","0.6","12876"
"Santiago Casilla","Giants","4","3","35","5","3.05","0","65","65.0","55","22","4","58","23","1.21","8.04","3.20","3.44","0.5","2873"
"Michael Pineda","Yankees","11","8","0","0","3.60","26","26","153.0","149","61","18","137","25","1.14","8.07","1.49","3.44","3.2","5372"
"John Holdzkom","Pirates","1","1","0","1","3.37","0","20","20.0","16","7","1","23","10","1.33","10.19","4.68","3.45","0.0","9392"
"Jaime Garcia","Cardinals","8","6","0","0","3.40","19","19","114.0","111","43","9","91","29","1.22","7.12","2.27","3.45","2.0","8137"
"Kevin Quackenbush","Padres","3","3","2","12","3.41","0","55","55.0","48","21","5","56","21","1.25","9.12","3.37","3.45","0.4","12360"
"Garrett Richards","Angels","13","9","0","0","3.38","31","31","195.0","174","73","15","175","66","1.23","8.07","3.03","3.45","3.5","9784"
"Evan Scribner","Mariners","1","1","0","1","3.45","0","25","25.0","23","10","3","26","5","1.10","9.29","1.72","3.45","0.0","7525"
"Kenta Maeda","Dodgers","12","9","0","0","3.37","29","29","185.0","173","69","18","165","43","1.17","8.00","2.11","3.45","3.3","18498"
"Antonio Bastardo","Mets","3","3","0","16","3.28","0","55","55.0","43","20","5","65","25","1.24","10.60","4.09","3.46","0.5","8844"
"Francelis Montas","Dodgers","1","0","0","1","3.36","0","10","10.0","9","4","1","11","4","1.24","9.58","3.47","3.46","0.0","14309"
"Adam Warren","Cubs","6","5","0","9","3.26","11","51","106.0","94","38","9","96","33","1.20","8.13","2.84","3.46","1.4","9029"
"Hansel Robles","Mets","4","3","0","14","3.31","0","55","55.0","46","20","6","61","19","1.17","10.03","3.05","3.47","0.4","11801"
"Joakim Soria","Royals","3","2","1","15","3.17","0","65","65.0","57","23","7","64","19","1.17","8.83","2.66","3.47","0.8","6941"
"Oliver Drake","Orioles","1","0","0","1","3.39","0","10","10.0","8","4","1","11","4","1.26","10.02","3.77","3.47","0.0","8823"
"Xavier Cedeno","Rays","3","3","2","16","3.23","0","55","55.0","48","20","5","57","19","1.21","9.28","3.04","3.48","0.5","36"
"Neil Ramirez","Cubs","2","2","0","6","3.18","0","35","35.0","29","12","3","39","14","1.23","10.02","3.67","3.48","0.1","7677"
"Joe Smith","Angels","4","3","4","14","3.32","0","65","65.0","60","24","5","56","19","1.21","7.74","2.65","3.48","0.7","3281"
"Joe Blanton","Dodgers","2","2","0","9","3.58","0","40","40.0","38","16","5","39","9","1.17","8.86","2.05","3.48","0.2","4849"
"Danny Salazar","Indians","12","10","0","0","3.44","29","29","173.0","150","66","20","185","50","1.16","9.61","2.60","3.49","3.3","5867"
"Daniel Hudson","Diamondbacks","3","2","9","13","3.36","0","65","65.0","57","24","7","67","22","1.21","9.26","3.07","3.49","0.7","7146"
"Zach McAllister","Indians","3","3","1","15","3.60","0","55","55.0","52","22","6","53","16","1.23","8.69","2.63","3.49","0.6","2895"
"Steven Matz","Mets","10","9","0","0","3.48","28","28","159.0","144","61","15","155","51","1.23","8.80","2.91","3.50","2.8","13361"
"Jerry Blevins","Mets","1","1","0","1","3.29","0","20","20.0","17","7","2","21","7","1.20","9.30","3.04","3.50","0.0","7841"
"Adam Liberatore","Dodgers","2","1","0","3","3.41","0","30","30.0","26","11","3","30","11","1.24","9.10","3.24","3.50","0.1","10637"
"Addison Reed","Mets","4","4","5","15","3.48","0","65","65.0","59","25","7","65","21","1.22","8.99","2.92","3.50","0.7","10586"
"Sam Dyson","Rangers","4","3","3","15","3.47","0","65","65.0","62","25","6","58","19","1.25","8.01","2.66","3.51","0.9","11710"
"Yu Darvish","Rangers","9","6","0","0","3.44","21","21","132.0","113","51","15","151","47","1.21","10.28","3.22","3.51","2.7","13074"
"Michael Mariot","Phillies","0","0","0","1","3.54","0","10","10.0","9","4","1","10","3","1.23","9.45","3.06","3.51","0.0","10835"
"Adam Ottavino","Rockies","1","1","0","1","3.51","0","25","25.0","23","10","3","26","8","1.24","9.49","3.05","3.51","0.1","1247"
"Jeff Walters","Mets","1","1","0","1","3.53","0","10","10.0","9","4","1","9","3","1.22","8.47","2.80","3.51","0.0","sa328221"
"Sean Gilmartin","Mets","2","2","0","11","3.43","0","45","45.0","41","17","4","42","15","1.24","8.38","2.96","3.52","0.3","12781"
"Raudel Lazo","Marlins","2","2","0","1","3.55","0","25","25.0","23","10","2","23","8","1.26","8.11","2.89","3.52","0.0","14077"
"Danny Farquhar","Rays","3","3","27","8","3.47","0","65","65.0","57","25","7","66","22","1.22","9.10","2.99","3.52","0.8","8501"
"Wei-Yin Chen","Marlins","12","9","0","0","3.33","32","32","196.0","189","72","19","159","42","1.18","7.29","1.93","3.52","3.1","13071"
"Charlie Furbush","Mariners","3","2","0","10","3.31","0","45","45.0","39","17","5","47","14","1.18","9.41","2.86","3.53","0.3","1370"
"Tyler Lyons","Cardinals","3","3","0","9","3.52","3","43","59.0","56","23","7","54","12","1.16","8.34","1.88","3.53","0.5","11334"
"Jonathan Papelbon","Nationals","4","3","42","2","3.32","0","65","65.0","61","24","6","56","15","1.17","7.81","2.11","3.53","0.7","5975"
"Sonny Gray","Athletics","13","10","0","0","3.47","32","32","212.0","197","82","18","179","66","1.24","7.59","2.80","3.55","3.7","12768"
"Scott Kazmir","Dodgers","10","8","0","0","3.48","28","28","162.0","147","63","17","151","44","1.18","8.41","2.46","3.55","2.7","4897"
"Josh Osich","Giants","2","2","0","12","3.30","0","45","45.0","39","17","4","44","18","1.26","8.77","3.51","3.56","0.1","11528"
"Jose Quintana","White Sox","11","10","0","0","3.71","32","32","203.0","202","84","20","172","50","1.24","7.64","2.22","3.56","4.0","11423"
"Cory Gearrin","Giants","2","2","0","3","3.43","0","30","30.0","26","11","2","28","11","1.25","8.55","3.36","3.56","0.0","7947"
"Mike Morin","Angels","4","3","0","13","3.50","0","55","55.0","50","21","6","52","16","1.20","8.54","2.57","3.56","0.4","13442"
"Ian Krol","Braves","2","2","0","10","3.51","0","45","45.0","39","18","4","48","18","1.27","9.64","3.60","3.56","0.2","10066"
"Chad Qualls","Rockies","4","2","4","15","3.78","0","55","55.0","55","23","5","46","13","1.24","7.52","2.09","3.57","0.7","2170"
"Al Alburquerque","Angels","2","2","0","8","3.51","0","40","40.0","34","16","4","43","17","1.29","9.78","3.91","3.57","0.2","6324"
"Mark Lowe","Tigers","3","3","1","14","3.58","0","65","65.0","59","26","7","65","20","1.22","9.03","2.82","3.57","0.8","7416"
"Alex Cobb","Rays","1","1","0","0","3.47","3","3","19.0","18","7","2","17","6","1.23","7.75","2.75","3.58","0.3","6562"
"Clay Buchholz","Red Sox","11","8","0","0","3.78","28","28","168.0","165","71","16","144","46","1.26","7.70","2.45","3.58","2.8","3543"
"Brandon Morrow","Padres","2","3","0","0","3.82","8","8","47.0","44","20","4","42","15","1.28","8.04","2.95","3.58","0.8","9346"
"Derek Law","Giants","0","0","0","1","3.39","0","10","10.0","9","4","1","10","5","1.32","9.08","4.13","3.58","0.0","sa502368"
"Brett Anderson","Dodgers","2","2","0","0","3.66","6","6","37.0","38","15","3","27","10","1.29","6.46","2.43","3.59","0.6","8223"
"Jose De Leon","Dodgers","1","0","0","0","3.60","2","2","9.0","8","4","1","10","3","1.20","10.09","3.07","3.59","0.1","sa738334"
"Cam Bedrosian","Angels","1","1","0","3","3.60","0","30","30.0","26","12","3","33","14","1.32","9.88","4.16","3.59","0.1","13360"
"Shawn Tolleson","Rangers","4","3","36","2","3.41","0","65","65.0","59","25","8","67","19","1.19","9.23","2.57","3.59","0.9","10481"
"Zach Putnam","White Sox","4","3","1","15","3.58","0","55","55.0","48","22","5","59","23","1.29","9.66","3.73","3.60","0.6","9080"
"Justin Wilson","Tigers","3","2","1","15","3.53","0","55","55.0","48","22","5","54","22","1.28","8.87","3.58","3.60","0.5","4301"
"Jonathan Broxton","Cardinals","3","3","0","17","3.60","0","55","55.0","50","22","5","51","19","1.26","8.32","3.10","3.61","0.4","4759"
"Steve Cishek","Mariners","4","4","32","5","3.68","0","65","65.0","61","27","6","62","24","1.30","8.52","3.32","3.61","0.6","6483"
"Hisashi Iwakuma","Mariners","10","9","0","0","3.60","28","28","169.0","164","68","20","139","29","1.14","7.44","1.55","3.62","2.7","13048"
"Zac Rosscup","Cubs","1","0","0","1","3.41","0","15","15.0","12","6","2","18","7","1.28","10.94","4.41","3.62","0.0","9419"
"Kyle Hendricks","Cubs","8","7","0","0","3.54","24","24","139.0","134","55","13","112","34","1.21","7.27","2.24","3.62","2.3","12049"
"Chris Withrow","Braves","2","1","0","3","3.48","0","30","30.0","24","12","3","35","15","1.30","10.55","4.56","3.63","0.1","7161"
"Arquimedes Caminero","Pirates","2","2","1","17","3.42","0","55","55.0","48","21","5","55","21","1.24","8.93","3.36","3.63","0.3","8992"
"Andrew Chafin","Diamondbacks","2","1","0","5","3.45","0","35","35.0","32","13","3","30","13","1.29","7.62","3.36","3.63","0.0","12988"
"Samuel Tuivailala","Cardinals","2","1","0","6","3.60","0","35","35.0","29","14","3","40","18","1.36","10.16","4.71","3.64","0.0","13485"
"Kyle Crockett","Indians","1","1","0","1","3.55","0","25","25.0","23","10","2","23","8","1.25","8.26","2.79","3.64","0.0","15033"
"Juan Nicasio","Pirates","2","2","0","11","3.65","0","45","45.0","42","18","4","41","16","1.30","8.15","3.30","3.64","0.2","7731"
"Marcus Stroman","Blue Jays","13","9","0","0","3.73","31","31","186.0","181","77","19","156","47","1.23","7.58","2.27","3.64","3.3","13431"
"Matt Andriese","Rays","2","2","0","3","3.57","2","32","39.0","38","16","4","32","9","1.21","7.26","2.16","3.64","0.2","12022"
"Luis Garcia","Phillies","3","3","2","13","3.72","0","65","65.0","60","27","5","63","30","1.38","8.79","4.19","3.65","0.6","6984"
"Francisco Rodriguez","Tigers","3","2","35","1","3.56","0","65","65.0","60","26","8","61","17","1.18","8.46","2.35","3.65","0.7","1642"
"Masahiro Tanaka","Yankees","12","10","0","0","3.58","29","29","185.0","172","74","24","171","36","1.12","8.32","1.76","3.65","3.5","15764"
"Michael Tonkin","Twins","2","2","0","10","3.71","0","45","45.0","43","19","5","41","13","1.26","8.17","2.67","3.65","0.2","10315"
"Junior Guerra","Brewers","1","1","0","1","3.66","0","15","15.0","13","6","2","18","6","1.27","10.60","3.78","3.65","0.0","5702"
"Steven Okert","Giants","1","1","0","1","3.53","0","20","20.0","17","8","2","21","9","1.29","9.37","3.86","3.66","0.0","sa550187"
"Tommy Hunter","Indians","2","2","0","5","3.63","0","35","35.0","34","14","4","30","8","1.21","7.62","2.18","3.66","0.1","1157"
"John Lackey","Cubs","12","9","0","0","3.50","28","28","176.0","167","69","20","150","42","1.18","7.65","2.14","3.66","2.8","1507"
"James Shields","Padres","10","12","0","0","3.65","32","32","207.0","191","84","22","196","63","1.23","8.56","2.75","3.66","3.1","7059"
"Jason Frasor"," ","3","3","0","0","3.55","0","65","65.0","58","26","5","62","28","1.33","8.61","3.86","3.66","0.6","1906"
"Brandon McCarthy","Dodgers","3","3","0","0","3.70","8","8","47.0","47","19","5","39","9","1.19","7.47","1.80","3.66","0.7","4662"
"Carlos Villanueva","Padres","3","3","2","14","3.60","0","55","55.0","52","22","6","49","16","1.25","7.98","2.70","3.66","0.3","4138"
"Patrick Corbin","Diamondbacks","10","8","0","0","3.59","28","28","160.0","154","64","17","136","41","1.22","7.63","2.29","3.66","2.5","9323"
"Neftali Feliz","Pirates","2","2","0","9","3.57","0","40","40.0","37","16","4","35","14","1.27","7.89","3.07","3.67","0.1","18"
"Seth Maness","Cardinals","2","2","0","11","3.63","0","45","45.0","47","18","4","32","10","1.26","6.31","2.00","3.67","0.2","12235"
"J.P. Howell","Dodgers","3","2","0","15","3.41","0","55","55.0","50","21","5","49","21","1.29","8.08","3.45","3.67","0.3","8245"
"Jharel Cotton","Dodgers","1","1","0","1","3.62","0","15","15.0","13","6","2","15","5","1.23","9.24","2.97","3.67","0.0","sa599378"
"George Kontos","Giants","3","3","0","15","3.45","0","55","55.0","52","21","5","44","14","1.20","7.23","2.37","3.68","0.1","9486"
"Buddy Baumann","Padres","2","2","0","1","3.66","5","25","48.0","45","20","4","45","18","1.30","8.36","3.34","3.68","0.4","sa501507"
"Andrew Cashner","Padres","9","11","0","0","3.84","29","29","175.0","171","75","17","146","53","1.28","7.51","2.72","3.68","2.6","8782"
"Sammy Solis","Nationals","1","1","0","1","3.75","0","15","15.0","15","6","1","12","5","1.30","7.27","2.91","3.69","0.0","11457"
"Yordano Ventura","Royals","12","10","0","0","3.61","29","29","172.0","157","69","16","159","62","1.27","8.34","3.22","3.69","2.8","11855"
"Marc Rzepczynski","Athletics","2","2","0","7","3.71","0","40","40.0","38","16","3","37","16","1.34","8.32","3.58","3.69","0.2","6612"
"Pat Neshek","Astros","3","2","0","10","3.55","0","45","45.0","42","18","6","43","11","1.16","8.55","2.10","3.69","0.2","4682"
"Aaron Loup","Blue Jays","2","1","0","1","3.49","0","25","25.0","23","10","2","23","8","1.24","8.19","2.82","3.69","0.0","10343"
"Cesar Vargas","Padres","0","0","0","1","3.65","0","10","10.0","9","4","1","9","3","1.27","8.40","3.09","3.69","0.0","sa507176"
"Carl Edwards","Cubs","1","1","0","1","3.65","2","12","19.0","16","8","1","23","12","1.40","10.48","5.39","3.70","0.1","13607"
"Vincent Velasquez","Phillies","5","5","0","1","3.71","13","33","95.0","82","39","11","108","38","1.26","10.23","3.61","3.70","1.2","11189"
"Michael Wacha","Cardinals","12","10","0","0","3.60","29","29","174.0","161","70","17","155","55","1.24","8.00","2.82","3.70","2.5","14078"
"Joaquin Benoit","Mariners","4","3","11","12","3.29","0","65","65.0","54","24","7","65","22","1.17","9.04","3.05","3.71","0.5","1437"
"Kevin Jepsen","Twins","3","3","1","15","3.67","0","65","65.0","60","26","6","62","25","1.31","8.53","3.46","3.71","0.6","6475"
"Jim Johnson","Braves","3","3","9","12","3.81","0","55","55.0","54","23","4","45","19","1.34","7.44","3.16","3.71","0.2","3656"
"Jose Alvarez","Angels","2","2","0","10","3.60","0","45","45.0","42","18","4","40","15","1.26","7.90","2.95","3.71","0.2","5358"
"Julio Urias","Dodgers","1","0","0","0","3.72","2","2","9.0","9","4","1","9","3","1.28","8.60","3.27","3.71","0.1","sa736324"
"Jake Diekman","Rangers","3","3","1","15","3.80","0","55","55.0","48","23","5","59","26","1.36","9.61","4.30","3.71","0.5","5003"
"Zack Wheeler","Mets","4","4","0","0","3.72","11","11","65.0","59","27","6","62","25","1.31","8.66","3.49","3.72","1.0","10310"
"Erik Goeddel","Mets","2","2","0","8","3.78","0","40","40.0","36","17","4","38","15","1.29","8.59","3.43","3.72","0.1","11712"
"Drew Smyly","Rays","9","7","0","0","3.47","24","24","141.0","125","54","18","140","41","1.18","8.94","2.64","3.72","2.1","11760"
"Brad Brach","Orioles","4","3","0","12","3.56","0","55","55.0","46","22","6","59","23","1.27","9.68","3.80","3.72","0.4","6627"
"Casey Fien","Twins","4","3","0","13","3.71","0","55","55.0","55","23","7","46","12","1.20","7.45","1.89","3.73","0.3","3926"
"Boone Logan","Rockies","3","2","0","11","3.90","0","45","45.0","41","19","5","50","18","1.31","9.91","3.55","3.73","0.3","5525"
"Will Harris","Astros","4","3","0","16","3.50","0","55","55.0","48","21","6","55","19","1.22","9.03","3.09","3.73","0.5","3192"
"Mike Bolsinger","Dodgers","3","3","0","0","3.82","10","10","55.0","52","23","5","51","20","1.30","8.34","3.25","3.73","0.8","11137"
"Alex Wood","Dodgers","10","9","0","1","3.74","24","44","161.0","158","67","15","130","47","1.27","7.30","2.65","3.73","2.0","13781"
"Dario Alvarez","Mets","1","1","0","1","3.56","0","15","15.0","13","6","2","17","7","1.29","10.00","3.93","3.74","0.0","14239"
"Cory Rasmus","Angels","1","1","0","1","3.56","0","25","25.0","21","10","3","27","11","1.28","9.54","3.81","3.74","0.0","2413"
"Evan Marshall","Diamondbacks","1","1","0","1","3.73","0","20","20.0","19","8","2","17","7","1.32","7.78","3.27","3.74","0.0","12297"
"Lance McCullers","Astros","9","7","0","0","3.74","26","26","149.0","133","62","14","152","62","1.31","9.20","3.77","3.74","2.5","14120"
"Dean Kiekhefer","Cardinals","1","1","0","1","3.71","0","20","20.0","20","8","2","14","4","1.22","6.30","1.81","3.74","0.0","sa526393"
"Dominic Leone","Diamondbacks","1","1","0","1","3.75","0","10","10.0","9","4","1","9","4","1.33","8.41","3.77","3.75","0.0","13763"
"Brad Ziegler","Diamondbacks","3","3","35","4","3.42","0","65","65.0","63","25","4","44","21","1.29","6.02","2.84","3.75","0.5","7293"
"Raisel Iglesias","Reds","9","10","0","0","3.67","29","29","168.0","157","69","20","162","48","1.22","8.66","2.57","3.75","2.7","17130"
"Spencer Patton","Cubs","0","0","0","1","3.63","0","10","10.0","8","4","1","11","4","1.24","10.05","3.57","3.75","0.0","12361"
"Brandon Maurer","Padres","8","9","0","1","3.76","16","41","119.0","113","50","12","103","40","1.28","7.77","3.01","3.75","1.3","4878"
"Josh Smoker","Mets","0","0","0","1","3.76","0","10","10.0","9","4","1","10","4","1.33","9.44","4.00","3.75","0.0","sa389911"
"Enrique Burgos","Diamondbacks","1","1","0","1","3.73","0","25","25.0","20","10","3","31","14","1.36","11.24","4.98","3.75","0.0","3895"
"Randall Delgado","Diamondbacks","4","3","0","14","3.56","0","55","55.0","49","22","6","56","22","1.28","9.11","3.58","3.75","0.2","5985"
"Blaine Hardy","Tigers","3","3","0","12","3.71","0","55","55.0","52","23","5","49","20","1.31","8.03","3.23","3.75","0.3","6499"
"Rick Porcello","Red Sox","11","9","0","0","4.00","26","26","160.0","167","71","17","122","35","1.26","6.85","1.97","3.75","2.4","2717"
"Robbie Ross","Red Sox","2","1","0","10","3.82","0","45","45.0","44","19","4","38","15","1.32","7.69","2.99","3.77","0.2","6819"
"David Carpenter","Rays","1","1","0","1","3.55","0","20","20.0","18","8","2","19","7","1.23","8.37","2.96","3.77","0.0","3959"
"Trevor May","Twins","4","5","1","15","4.02","3","58","74.0","73","33","8","69","24","1.30","8.39","2.88","3.77","0.7","6398"
"Jon Edwards","Padres","1","2","0","5","3.62","0","35","35.0","28","14","3","42","20","1.38","10.81","5.15","3.77","0.0","1483"
"Cole Hamels","Rangers","12","9","0","0","3.71","32","32","212.0","202","88","24","187","58","1.23","7.93","2.48","3.77","3.6","4972"
"Dan Jennings","White Sox","1","1","0","5","3.93","0","35","35.0","34","15","3","31","14","1.38","8.08","3.64","3.78","0.1","8073"
"Jean Machi","Cubs","1","0","0","1","3.65","0","10","10.0","9","4","1","8","3","1.26","7.55","2.91","3.79","0.0","3220"
"Josh Edgin","Mets","1","0","0","1","3.58","0","10","10.0","9","4","1","10","4","1.29","8.73","3.65","3.79","0.0","10796"
"Caleb Cotham","Reds","2","2","0","5","3.66","0","35","35.0","32","14","4","35","11","1.22","8.91","2.74","3.79","0.0","10075"
"Mychal Givens","Orioles","2","2","0","9","3.67","0","45","45.0","39","18","5","47","19","1.30","9.42","3.87","3.79","0.2","10430"
"Huston Street","Angels","3","3","38","2","3.57","0","65","65.0","59","26","8","58","19","1.21","8.08","2.70","3.79","0.4","8258"
"Clayton Blackburn","Giants","1","1","0","0","3.73","2","2","9.0","9","4","1","7","3","1.26","7.11","2.54","3.79","0.1","sa598302"
"Yusmeiro Petit","Nationals","3","3","0","11","3.85","3","48","64.0","62","27","9","57","13","1.19","8.05","1.89","3.80","0.4","4020"
"Anibal Sanchez","Tigers","11","9","0","0","3.90","28","28","166.0","159","72","19","147","48","1.25","8.00","2.62","3.80","2.6","3284"
"Ian Thomas","Dodgers","1","1","0","1","3.75","0","25","25.0","23","10","3","25","9","1.27","8.88","3.24","3.80","0.0","13881"
"Collin McHugh","Astros","12","10","0","0","3.77","31","31","185.0","177","77","21","159","49","1.23","7.73","2.41","3.81","2.9","7531"
"Eric O'Flaherty","Pirates","1","1","0","1","3.83","0","25","18.0","18","7","1","13","6","1.36","6.65","3.25","3.81","0.0","5746"
"Fernando Rodriguez","Athletics","3","2","0","12","3.73","0","55","55.0","49","23","6","55","22","1.29","9.02","3.62","3.81","0.2","7558"
"Josh Martin","Padres","2","3","0","8","3.90","0","40","40.0","37","17","4","39","15","1.30","8.83","3.36","3.81","0.1","sa599246"
"Travis Wood","Cubs","4","4","0","11","3.57","5","50","73.0","65","29","8","71","26","1.26","8.72","3.26","3.81","0.5","9884"
"Keith Hessler","Diamondbacks","1","0","0","1","3.71","0","10","10.0","9","4","1","9","3","1.26","8.49","2.94","3.82","0.0","12220"
"Tyler Skaggs","Angels","3","3","0","0","3.80","8","8","48.0","46","20","4","40","17","1.30","7.50","3.11","3.82","0.6","10190"
"Ryan Dull","Athletics","2","2","0","3","3.78","0","30","30.0","28","13","3","28","10","1.26","8.43","2.94","3.82","0.1","13974"
"Burke Badenhop","Nationals","1","1","0","1","3.86","0","20","20.0","21","9","2","12","5","1.33","5.61","2.45","3.82","0.0","9736"
"Zach Duke","White Sox","4","3","1","15","3.69","0","65","65.0","58","27","7","69","28","1.31","9.58","3.86","3.82","0.6","3840"
"Jake Odorizzi","Rays","10","9","0","0","3.62","28","28","161.0","147","65","19","147","47","1.21","8.26","2.66","3.82","2.2","6397"
"Daniel Stumpf","Phillies","1","2","0","3","3.63","0","30","30.0","27","12","3","29","12","1.30","8.73","3.60","3.83","0.1","sa658129"
"Ryan Buchter","Padres","0","0","0","1","3.74","0","10","10.0","8","4","1","11","6","1.42","10.23","5.46","3.83","0.0","9456"
"Matt Grace","Nationals","1","0","0","1","3.84","0","10","10.0","10","4","1","7","4","1.36","6.71","3.21","3.83","0.0","11449"
"Javier Lopez","Giants","2","2","0","9","3.49","0","40","40.0","36","15","3","29","16","1.32","6.62","3.67","3.83","0.0","1663"
"Nicholas Goody","Yankees","1","1","0","1","3.81","0","20","20.0","18","8","2","22","8","1.29","9.68","3.65","3.84","0.0","13685"
"Deolis Guerra","Angels","2","1","0","5","3.75","0","35","35.0","33","15","4","32","10","1.24","8.27","2.68","3.84","0.0","8410"
"Bryan Shaw","Indians","3","4","1","15","3.75","0","65","65.0","61","27","7","56","21","1.26","7.73","2.87","3.84","0.5","8110"
"Akeel Morris","Mets","0","0","0","1","3.75","0","10","10.0","8","4","1","12","6","1.37","10.69","4.99","3.84","0.0","12185"
"Joe Thatcher","Indians","2","2","0","3","3.86","0","30","30.0","29","13","3","27","10","1.31","8.14","3.09","3.84","0.1","4620"
"Ryan Pressly","Twins","1","1","0","1","3.99","0","20","20.0","20","9","2","17","8","1.37","7.50","3.47","3.84","0.0","7005"
"Tyler Glasnow","Pirates","5","4","0","0","3.77","11","11","65.0","55","27","6","69","33","1.35","9.59","4.53","3.84","0.8","sa597835"
"Ryan Webb","Rays","2","2","0","8","3.77","0","40","40.0","40","17","3","28","12","1.29","6.24","2.68","3.84","0.1","7474"
"Joe Ross","Nationals","8","8","0","0","3.89","23","23","130.0","127","56","14","108","38","1.27","7.49","2.65","3.85","1.7","12972"
"Josh Johnson"," ","4","6","0","0","4.16","15","15","83.0","85","39","8","70","28","1.35","7.50","2.98","3.85","1.2","4567"
"Elvis Araujo","Phillies","1","1","0","1","3.91","0","10","10.0","9","4","1","10","5","1.39","9.23","4.51","3.85","0.0","12854"
"Blaine Boyer","Brewers","2","2","0","5","3.93","0","35","35.0","35","15","3","26","10","1.30","6.69","2.62","3.85","0.0","2237"
"Mario Hollands","Phillies","0","1","0","1","3.92","0","10","10.0","10","4","1","9","4","1.35","7.85","3.46","3.85","0.0","10504"
"Chris O'Grady","Reds","1","1","0","3","3.47","0","30","30.0","27","12","3","27","10","1.24","8.22","3.01","3.85","0.1","sa658155"
"Trevor Gott","Nationals","2","2","0","9","3.82","0","40","40.0","38","17","3","33","16","1.36","7.34","3.64","3.85","0.1","15046"
"Michael Blazek","Brewers","3","3","0","13","3.78","0","55","55.0","52","23","5","49","21","1.32","8.08","3.37","3.85","0.3","9654"
"Logan Verrett","Mets","2","2","0","5","3.86","0","35","35.0","34","15","4","29","8","1.21","7.58","2.13","3.86","0.0","12905"
"Justin Miller","Rockies","3","2","0","14","3.87","0","55","55.0","52","24","6","53","19","1.29","8.68","3.17","3.86","0.4","8580"
"Eduardo Rodriguez","Red Sox","9","7","0","0","3.90","21","21","121.0","120","53","13","100","36","1.29","7.44","2.65","3.86","1.6","13164"
"Justin Verlander","Tigers","13","10","0","0","3.85","31","31","195.0","188","83","22","164","56","1.25","7.56","2.58","3.86","2.9","8700"
"Dan Otero","Indians","2","2","0","8","3.89","0","40","40.0","43","17","4","25","8","1.27","5.60","1.75","3.86","0.1","7385"
"Blake Wood","Reds","2","3","0","10","3.83","0","45","45.0","38","19","5","51","23","1.36","10.12","4.69","3.87","0.2","1345"
"Bartolo Colon","Mets","8","10","0","3","3.98","19","49","143.0","152","63","18","97","21","1.21","6.14","1.34","3.87","1.5","375"
"Rafael Montero","Mets","2","2","0","0","3.87","5","5","28.0","26","12","3","26","10","1.29","8.30","3.13","3.87","0.4","12760"
"Luis Avilan","Dodgers","2","2","0","6","3.71","0","35","35.0","33","14","3","28","13","1.31","7.31","3.33","3.87","0.0","2882"
"Andrew Triggs","Athletics","0","0","0","1","3.83","0","10","10.0","10","4","1","8","3","1.28","7.22","2.66","3.87","0.0","sa549679"
"Edubray Ramos","Phillies","0","1","0","1","3.89","0","10","10.0","9","4","1","9","3","1.28","8.17","2.96","3.88","0.0","sa546466"
"Matt Shoemaker","Angels","5","5","0","1","3.80","11","31","85.0","83","36","11","73","20","1.19","7.64","2.06","3.88","0.8","4776"
"Nathan Eovaldi","Yankees","9","9","0","0","4.08","26","26","152.0","155","69","17","125","44","1.31","7.39","2.63","3.88","2.4","9132"
"Edward Mujica","Phillies","2","2","0","7","3.92","0","40","40.0","41","17","5","32","8","1.22","7.26","1.85","3.88","0.1","3970"
"Fernando Rodney","Padres","4","5","34","3","3.70","0","65","65.0","57","27","6","65","28","1.31","9.05","3.89","3.88","0.3","494"
"Tyler Clippard","Diamondbacks","4","3","0","16","3.30","0","55","55.0","45","20","7","57","20","1.19","9.32","3.32","3.88","0.2","5640"
"Jose Berrios","Twins","6","6","0","0","4.08","16","16","92.0","91","42","10","81","27","1.29","7.92","2.65","3.88","1.3","sa657852"
"Tony Barnette"," ","1","1","0","0","3.86","0","35","35.0","33","15","4","34","13","1.31","8.68","3.28","3.88","0.0","sa327110"
"Bryan Morris","Marlins","3","3","1","16","3.73","0","55","55.0","53","23","4","43","22","1.38","7.00","3.66","3.88","0.1","10234"
"Phil Hughes","Twins","12","12","0","0","4.15","32","32","194.0","211","90","26","140","24","1.22","6.48","1.13","3.89","2.8","7450"
"Brian Matusz","Orioles","3","2","2","14","3.57","0","55","55.0","48","22","7","57","20","1.25","9.40","3.31","3.89","0.4","2646"
"John Axford","Athletics","3","3","0","9","3.97","0","45","45.0","40","20","4","47","23","1.41","9.47","4.60","3.89","0.1","9059"
"Anthony DeSclafani","Reds","11","11","0","0","3.90","31","31","188.0","183","82","21","154","54","1.26","7.37","2.58","3.89","2.7","13050"
"Kyle Barraclough","Marlins","2","2","0","9","3.79","0","40","40.0","33","17","3","44","26","1.45","9.92","5.75","3.89","0.0","13713"
"Chase Whitley","Rays","1","1","0","1","3.84","0","10","10.0","10","4","1","8","3","1.28","7.34","2.67","3.89","0.0","10982"
"Kyle Lobstein","Pirates","2","3","0","6","4.01","2","37","44.0","46","20","4","31","13","1.34","6.23","2.71","3.89","0.1","9178"
"Jake Peavy","Giants","9","8","0","0","3.66","26","26","152.0","145","62","17","120","40","1.21","7.10","2.36","3.90","1.4","1051"
"Tom Layne","Red Sox","2","1","0","5","3.89","0","35","35.0","33","15","3","32","17","1.41","8.10","4.25","3.90","0.0","7501"
"Tony Cingrani","Reds","3","3","2","15","3.58","0","65","65.0","53","26","8","76","30","1.28","10.53","4.20","3.90","0.4","12555"
"Robbie Ray","Diamondbacks","9","8","0","0","3.88","23","23","129.0","119","56","13","124","53","1.34","8.63","3.70","3.90","1.6","11486"
"Bruce Rondon","Tigers","2","2","0","8","4.02","0","40","40.0","36","18","4","42","19","1.38","9.42","4.23","3.90","0.1","5766"
"Sean Marshall"," ","0","0","0","0","4.63","0","65","65.0","61","33","6","61","28","1.37","8.49","3.86","3.91","0.2","5905"
"Randy Choate","Blue Jays","1","1","0","1","3.76","0","20","20.0","19","8","2","16","6","1.26","7.15","2.62","3.91","0.0","813"
"David Hernandez","Phillies","4","4","36","1","3.82","0","65","65.0","58","28","8","69","24","1.27","9.58","3.32","3.91","0.4","4259"
"Jake Petricka","White Sox","2","1","0","3","3.93","0","30","30.0","30","13","3","24","12","1.38","7.12","3.55","3.91","0.1","10534"
"Jeff Manship","Indians","2","2","0","13","3.71","0","55","55.0","51","23","6","48","19","1.28","7.85","3.13","3.91","0.2","6865"
"Alex Claudio","Rangers","1","1","0","1","3.87","0","25","25.0","25","11","3","20","7","1.28","7.13","2.44","3.91","0.0","12890"
"Jacob Lindgren","Yankees","1","1","0","1","3.75","0","10","10.0","8","4","1","12","5","1.33","10.41","4.36","3.92","0.0","16215"
"J.R. Graham","Twins","1","1","0","1","4.06","0","25","25.0","25","11","2","20","9","1.36","7.22","3.06","3.92","0.0","12042"
"James Paxton","Mariners","5","5","0","0","4.03","13","13","74.0","71","33","7","61","28","1.33","7.46","3.37","3.92","0.9","11828"
"Jesse Chavez","Blue Jays","7","6","0","12","3.95","11","66","122.0","119","53","15","109","34","1.26","8.08","2.54","3.92","1.2","5448"
"Aaron Nola","Phillies","9","11","0","0","4.02","29","29","176.0","175","78","23","150","41","1.23","7.71","2.09","3.92","2.4","16149"
"Jared Hughes","Pirates","3","3","0","14","3.64","0","55","55.0","56","22","4","35","18","1.34","5.76","2.90","3.92","0.1","9325"
"Brian Ellington","Marlins","2","1","0","3","3.72","0","30","30.0","27","12","3","28","14","1.36","8.30","4.08","3.92","0.0","17233"
"Lucas Giolito","Nationals","4","4","0","0","3.97","11","11","66.0","63","29","7","61","24","1.32","8.36","3.32","3.92","0.8","sa657908"
"Brandon Finnegan","Reds","7","7","0","1","3.72","15","40","110.0","96","45","12","110","45","1.29","9.06","3.67","3.92","1.2","16208"
"Luke Hochevar","Royals","3","3","0","13","3.61","0","55","55.0","49","22","7","52","18","1.23","8.56","3.03","3.92","0.2","6943"
"Daniel Winkler","Braves","3","3","1","13","3.84","0","55","55.0","50","23","7","54","19","1.25","8.82","3.07","3.92","0.1","12237"
"Chris Heston","Giants","6","6","0","6","3.79","11","46","101.0","97","42","9","78","34","1.30","6.93","3.05","3.92","0.6","10302"
"Trevor Cahill","Cubs","3","3","0","15","3.96","0","55","55.0","52","24","5","49","23","1.37","8.00","3.82","3.93","0.1","6249"
"Heath Hembree","Red Sox","2","1","0","3","3.89","0","30","30.0","28","13","3","28","11","1.32","8.39","3.35","3.93","0.0","11632"
"Brandon Gomes","Cubs","1","1","0","1","3.69","0","20","20.0","19","8","2","18","6","1.22","8.13","2.66","3.93","0.0","2267"
"Joe Nathan"," ","5","3","0","0","4.13","0","65","65.0","61","30","7","60","27","1.35","8.33","3.72","3.93","0.3","1122"
"Jon Niese","Pirates","9","10","0","0","4.05","28","28","162.0","173","73","14","106","46","1.35","5.86","2.55","3.93","1.8","4424"
"Alex Colome","Rays","3","4","13","12","3.86","0","65","65.0","63","28","7","54","21","1.29","7.50","2.90","3.94","0.3","6661"
"Steve Geltz","Rays","2","2","0","5","3.63","0","35","35.0","30","14","4","36","14","1.25","9.20","3.57","3.94","0.0","8402"
"Jacob Barnes","Brewers","0","1","0","1","4.06","0","10","10.0","10","5","1","9","4","1.35","8.28","3.46","3.94","0.0","sa579271"
"T.J. McFarland","Orioles","2","2","0","5","3.95","0","35","35.0","36","15","3","25","12","1.36","6.33","2.99","3.94","0.0","3237"
"Jason Hammel","Cubs","8","7","0","0","3.84","23","23","130.0","123","56","17","116","35","1.21","8.03","2.39","3.94","1.6","4538"
"Mike Leake","Cardinals","12","11","0","0","3.88","32","32","201.0","207","87","20","132","51","1.28","5.93","2.28","3.94","2.3","10130"
"Andrew Heaney","Angels","9","8","0","0","3.82","26","26","151.0","147","64","16","121","44","1.27","7.21","2.60","3.95","1.8","15423"
"Luis Severino","Yankees","10","8","0","0","3.81","26","26","149.0","138","63","18","137","50","1.26","8.29","3.00","3.95","2.3","15890"
"Chasen Shreve","Yankees","3","3","0","13","3.77","0","55","55.0","49","23","7","58","23","1.30","9.52","3.72","3.96","0.3","10855"
"Brad Hand","Marlins","2","2","0","11","3.99","0","45","45.0","44","20","4","35","17","1.36","7.09","3.34","3.96","0.0","9111"
"Nicholas Tropeano","Angels","2","2","0","0","4.00","6","6","37.0","35","16","4","33","12","1.28","8.13","2.95","3.97","0.4","12385"
"Edwin Jackson","Marlins","5","6","1","14","4.12","5","60","83.0","84","38","8","62","28","1.35","6.73","3.07","3.97","0.3","1841"
"Taylor Jordan","Nationals","1","1","0","0","4.12","2","2","9.0","10","4","1","6","3","1.33","6.05","2.42","3.97","0.1","10466"
"Jameson Taillon","Pirates","2","2","0","0","4.07","5","5","28.0","28","13","3","22","10","1.36","7.09","3.24","3.97","0.3","sa548151"
"Dalier Hinojosa","Phillies","3","3","0","12","3.90","0","55","55.0","50","24","6","54","24","1.34","8.83","3.92","3.97","0.2","15671"
"Blake Smith","Padres","1","1","0","1","4.03","0","10","10.0","9","4","1","10","5","1.41","8.82","4.59","3.97","0.0","sa500814"
"Julio Teheran","Braves","12","12","0","0","3.76","32","32","205.0","194","85","25","181","61","1.24","7.96","2.67","3.97","2.1","6797"
"Nick Kingham","Pirates","2","3","0","0","4.00","8","8","47.0","47","21","5","37","15","1.31","7.02","2.79","3.97","0.5","sa548285"
"Nick Rumbelow","Yankees","2","2","0","5","4.03","0","35","35.0","33","16","5","35","12","1.27","9.03","3.04","3.98","0.0","14867"
"Jim Henderson","Mets","1","2","0","1","4.04","0","25","25.0","22","11","3","27","10","1.31","9.55","3.71","3.98","0.0","6653"
"Carlos Rodon","White Sox","10","9","0","0","3.96","28","28","168.0","152","74","19","174","72","1.33","9.31","3.87","3.98","2.5","16137"
"Jose Ramirez","Braves","2","2","0","5","3.92","0","35","35.0","31","15","3","36","17","1.37","9.27","4.47","3.98","0.0","10171"
"Jimmy Nelson","Brewers","11","12","0","0","4.10","31","31","183.0","177","83","19","160","67","1.33","7.87","3.28","3.99","2.5","10547"
"Austin Adams","Indians","1","1","0","1","4.04","0","20","20.0","19","9","2","19","8","1.35","8.33","3.55","3.99","0.0","7411"
"Taijuan Walker","Mariners","10","11","0","0","4.03","31","31","181.0","172","81","23","167","53","1.24","8.31","2.62","3.99","2.1","11836"
"Homer Bailey","Reds","5","6","0","0","3.92","16","16","100.0","97","44","12","84","29","1.25","7.53","2.56","3.99","1.3","8362"
"Kevin Gausman","Orioles","9","8","0","0","3.99","24","24","140.0","136","62","16","119","46","1.30","7.65","2.93","4.00","2.1","14107"
"Charlie Morton","Phillies","6","8","0","0","4.13","21","21","122.0","122","56","12","100","41","1.34","7.40","3.06","4.00","1.5","4676"
"John Lamb","Reds","7","7","0","0","3.85","19","19","112.0","101","48","14","115","42","1.28","9.28","3.39","4.00","1.5","8493"
"Abel De Los Santos","Nationals","1","1","0","1","3.90","0","25","25.0","24","11","3","23","8","1.29","8.14","3.03","4.00","0.0","12962"
"Tanner Roark","Nationals","9","8","0","0","3.91","24","24","141.0","145","61","16","98","34","1.27","6.23","2.16","4.01","1.5","8753"
"Chaz Roe","Orioles","1","1","0","1","3.89","0","20","20.0","19","9","2","18","8","1.34","8.07","3.57","4.01","0.0","9866"
"Kyle Gibson","Twins","10","11","0","0","4.16","29","29","172.0","178","80","16","121","56","1.36","6.34","2.92","4.01","2.2","10123"
"Carlos Estevez","Rockies","1","1","0","1","4.13","0","10","10.0","10","5","1","9","3","1.34","8.17","3.07","4.01","0.0","sa598491"
"Rob Scahill","Pirates","1","2","0","3","3.95","0","30","30.0","30","13","3","23","11","1.35","6.96","3.25","4.01","0.0","9286"
"Blake Mcfarland","Blue Jays","1","1","0","1","4.03","0","10","10.0","9","4","1","10","4","1.29","9.04","3.24","4.01","0.0","sa598555"
"Wade Miley","Mariners","9","11","0","0","4.14","29","29","175.0","177","80","18","137","59","1.35","7.07","3.02","4.02","2.0","8779"
"Bud Norris","Braves","9","11","0","0","4.10","28","28","161.0","157","73","19","143","52","1.30","8.02","2.89","4.02","1.6","9492"
"Tim Collins","Royals","1","1","0","1","3.91","0","20","20.0","18","9","2","19","9","1.35","8.62","4.02","4.02","0.0","3164"
"Matt Albers","White Sox","2","2","0","10","3.96","0","45","45.0","46","20","4","33","14","1.34","6.51","2.90","4.02","0.1","4300"
"Cody Hall","Diamondbacks","0","0","0","1","3.89","0","10","10.0","10","4","1","9","4","1.32","7.72","3.21","4.02","0.0","12232"
"James Pazos","Yankees","2","2","0","8","3.98","0","40","40.0","36","18","4","39","17","1.34","8.86","3.90","4.03","0.1","13323"
"Jordan Zimmermann","Tigers","13","10","0","0","3.94","32","32","199.0","205","87","26","149","40","1.23","6.72","1.78","4.03","2.5","4505"
"Jesse Hahn","Athletics","10","10","0","0","4.09","29","29","173.0","174","79","15","125","58","1.34","6.50","3.04","4.03","2.0","13287"
"Zach Phillips","White Sox","1","1","0","1","4.04","0","20","20.0","19","9","2","20","9","1.38","8.91","4.07","4.04","0.0","99"
"Joe Kelly","Red Sox","8","7","0","1","4.15","19","39","133.0","135","61","13","107","49","1.38","7.25","3.33","4.04","1.3","9761"
"Jeanmar Gomez","Phillies","2","2","0","14","4.06","0","55","55.0","57","25","6","40","17","1.35","6.53","2.86","4.04","0.1","9033"
"Joe Musgrove","Astros","1","1","0","1","4.19","0","10","10.0","10","5","1","8","2","1.21","7.50","1.67","4.04","0.0","sa597766"
"Jeff Locke","Pirates","8","9","0","0","4.08","26","26","149.0","149","68","14","113","55","1.36","6.80","3.28","4.04","1.4","2929"
"Tim Cooney","Cardinals","2","2","0","0","4.00","5","5","28.0","28","12","3","21","7","1.28","6.80","2.38","4.04","0.3","13762"
"Aaron Blair","Braves","2","2","0","0","4.13","6","6","36.0","36","17","4","33","13","1.34","8.07","3.31","4.04","0.3","sa549491"
"Fernando Abad","Twins","2","2","0","5","3.91","0","35","35.0","34","15","4","31","12","1.30","7.93","3.04","4.04","0.0","4994"
"Aaron Brooks","Cubs","1","1","0","0","4.15","2","2","9.0","10","4","1","7","2","1.26","6.57","1.94","4.05","0.1","12272"
"Tom Wilhelmsen","Rangers","2","2","0","13","4.01","0","55","55.0","51","24","5","50","25","1.37","8.23","4.11","4.06","0.2","9975"
"Cory Luebke"," ","1","1","0","0","4.15","0","10","10.0","10","5","1","8","3","1.33","7.27","3.12","4.06","0.0","1984"
"David Phelps","Marlins","5","5","0","0","4.06","16","16","93.0","93","42","9","71","31","1.34","6.91","3.00","4.06","0.9","6316"
"Ryan Cook","Mariners","1","1","0","1","4.19","0","15","15.0","14","7","2","14","6","1.37","8.14","3.68","4.06","0.0","8855"
"Rex Brothers","Cubs","1","1","0","1","3.76","0","25","25.0","20","10","2","29","17","1.46","10.35","6.02","4.06","0.0","9794"
"Zachary Davies","Brewers","1","1","0","0","4.13","2","2","9.0","9","4","1","8","3","1.36","7.37","3.27","4.07","0.1","13183"
"Martin Perez","Rangers","11","11","0","0","4.20","31","31","180.0","191","84","18","123","54","1.36","6.13","2.69","4.07","2.4","6902"
"Luke Jackson","Rangers","1","1","0","1","4.09","0","15","15.0","14","7","2","15","7","1.38","9.02","4.14","4.07","0.0","11752"
"Alec Mills","Royals","1","1","0","1","4.04","0","10","10.0","10","4","1","7","3","1.29","6.50","2.36","4.07","0.0","sa658528"
"Andrew Schugel","Pirates","0","1","0","1","4.17","0","10","10.0","11","5","1","7","3","1.36","6.16","2.71","4.07","0.0","11432"
"Giovanni Soto","Indians","0","1","0","1","4.06","0","15","15.0","14","7","1","13","7","1.39","7.88","3.94","4.07","0.0","10330"
"Jonathan Aro","Mariners","1","1","0","1","4.01","0","20","20.0","19","9","2","17","7","1.32","7.70","3.10","4.08","0.0","14699"
"Adam Conley","Marlins","3","3","0","0","3.95","8","8","46.0","45","20","4","36","17","1.35","6.92","3.36","4.08","0.4","14457"
"Jake Barrett","Diamondbacks","0","1","0","1","3.99","0","10","10.0","9","4","1","9","4","1.35","8.02","3.71","4.08","0.0","sa501237"
"Joel Peralta","Mariners","1","2","0","3","4.07","0","30","30.0","29","14","4","27","8","1.25","8.24","2.55","4.08","0.0","2332"
"Shelby Miller","Diamondbacks","11","10","0","0","3.86","31","31","183.0","174","78","21","153","63","1.30","7.53","3.12","4.09","1.9","10197"
"Vidal Nuno","Mariners","2","2","0","8","3.98","2","42","49.0","48","22","7","42","12","1.22","7.73","2.14","4.09","0.1","9674"
"Chris Bassitt","Athletics","8","8","0","0","4.06","24","24","140.0","138","63","13","109","51","1.35","7.02","3.28","4.10","1.5","12304"
"J.B. Wendelken","Athletics","1","1","0","1","4.22","0","25","25.0","25","12","3","22","8","1.31","7.82","2.79","4.10","0.0","sa658247"
"Cesar Ramos","Rangers","0","0","0","1","4.09","0","10","10.0","10","5","1","8","4","1.36","7.16","3.22","4.10","0.0","3357"
"Alex Wilson","Tigers","2","2","0","5","3.97","0","35","35.0","36","15","4","23","10","1.31","5.89","2.51","4.10","0.0","9239"
"Tyler Duffey","Twins","6","7","0","0","4.37","19","19","112.0","119","54","13","82","30","1.34","6.59","2.45","4.10","1.3","13758"
"Tommy Milone","Twins","4","4","0","8","4.15","6","46","78.0","80","36","10","62","20","1.29","7.14","2.29","4.10","0.5","7608"
"Kevin Chapman","Astros","1","1","0","1","4.07","0","25","25.0","22","11","3","26","13","1.43","9.26","4.79","4.11","0.0","11240"
"Carlos Frias","Dodgers","0","1","0","0","4.20","2","2","9.0","10","4","1","6","3","1.35","6.12","2.68","4.11","0.1","3547"
"Daniel Burawa","Braves","1","1","0","1","4.08","0","20","20.0","18","9","2","19","10","1.42","8.76","4.58","4.11","0.0","11397"
"Matt Barnes","Red Sox","2","2","0","8","4.18","0","40","40.0","40","19","5","34","14","1.35","7.67","3.22","4.11","0.0","12863"
"Colton Murray","Phillies","1","1","0","1","4.13","0","10","10.0","9","5","1","10","4","1.38","8.72","3.97","4.12","0.0","12264"
"C.J. Wilson","Angels","8","9","0","0","4.09","23","23","137.0","131","62","14","114","54","1.35","7.47","3.57","4.12","1.3","3580"
"Neal Cotts","Astros","1","1","0","3","3.87","0","30","30.0","28","13","4","28","10","1.28","8.50","3.14","4.12","0.0","1797"
"Juan Minaya","Astros","0","0","0","1","4.11","0","10","10.0","9","5","1","9","4","1.38","8.39","3.91","4.12","0.0","sa503614"
"Jarred Cosart","Marlins","7","8","0","0","4.03","23","23","130.0","127","58","10","93","56","1.41","6.43","3.91","4.12","1.1","10304"
"Alex Meyer","Twins","3","3","0","3","4.29","5","35","58.0","55","28","6","57","27","1.43","8.83","4.25","4.12","0.3","12833"
"Franklin Morales","Brewers","2","2","0","10","4.06","0","45","45.0","45","20","5","36","15","1.34","7.13","3.07","4.12","0.1","5088"
"Ryan Tepera","Blue Jays","3","2","0","10","4.01","0","45","45.0","43","20","6","41","16","1.29","8.16","3.12","4.12","0.1","10291"
"Josh Tomlin","Indians","7","8","0","0","4.11","21","21","123.0","125","56","19","100","22","1.19","7.36","1.59","4.12","1.4","9388"
"Josh Ravin","Dodgers","1","1","0","1","4.06","0","10","10.0","9","5","1","11","5","1.40","9.58","4.60","4.12","0.0","2951"
"Jonathan Gray","Rockies","9","8","0","0","4.38","28","28","160.0","165","78","19","139","55","1.38","7.81","3.09","4.13","2.2","14916"
"Joan Gregorio","Giants","0","1","0","1","4.00","0","10","10.0","9","4","1","9","5","1.39","8.17","4.18","4.13","0.0","sa547815"
"Mayckol Guaipe","Mariners","0","0","0","1","4.21","0","10","10.0","10","5","1","8","3","1.32","7.14","2.72","4.13","0.0","11663"
"Hiram Burgos","Brewers","1","1","0","1","4.16","0","10","10.0","10","5","1","9","4","1.34","8.30","3.41","4.13","0.0","9412"
"Matt Reynolds","Diamondbacks","2","1","0","3","3.87","0","30","30.0","28","13","4","27","10","1.28","8.05","3.02","4.13","0.0","8887"
"R.J. Alvarez","Athletics","1","1","0","1","4.15","0","20","20.0","18","9","2","20","10","1.40","9.18","4.38","4.13","0.0","13401"
"Mike Fiers","Astros","9","8","0","0","3.96","26","26","150.0","141","66","21","138","46","1.24","8.29","2.74","4.14","1.8","7754"
"Danny Duffy","Royals","8","7","0","10","3.68","15","60","130.0","121","53","14","107","47","1.29","7.41","3.25","4.14","0.9","3542"
"Clayton Richard","Cubs","2","2","0","3","4.07","0","30","30.0","32","14","3","18","7","1.31","5.43","2.20","4.15","0.0","3551"
"Kyle Zimmer","Royals","2","2","0","0","4.14","6","6","37.0","36","17","4","32","13","1.33","7.68","3.22","4.15","0.4","sa621583"
"David Rollins","Mariners","0","1","0","1","4.18","0","10","10.0","10","5","1","8","3","1.33","7.42","3.02","4.15","0.0","11928"
"Henderson Alvarez","Athletics","4","4","0","0","4.24","13","13","76.0","84","36","7","42","18","1.34","4.99","2.15","4.16","0.8","5669"
"Dylan Bundy","Orioles","2","2","0","1","3.98","2","27","34.0","33","15","4","30","13","1.32","7.82","3.30","4.16","0.1","12917"
"Ross Stripling","Dodgers","1","1","0","1","4.21","2","12","19.0","20","9","2","15","6","1.33","6.92","2.85","4.16","0.1","sa598259"
"Sam Freeman","Rangers","2","1","0","8","4.03","0","40","40.0","37","18","4","37","20","1.43","8.32","4.50","4.16","0.1","6832"
"Tayron Guerrero","Padres","0","1","0","1","4.10","0","10","10.0","9","5","1","10","5","1.43","8.97","4.68","4.16","0.0","sa551046"
"J.A. Happ","Blue Jays","10","9","0","0","4.15","26","26","148.0","147","68","20","126","46","1.30","7.64","2.82","4.16","1.7","7410"
"Sean Manaea","Athletics","1","1","0","0","4.20","3","3","19.0","18","9","2","17","8","1.37","8.01","3.73","4.16","0.2","sa709610"
"Michael Montgomery","Mariners","2","3","0","5","4.21","2","37","44.0","44","21","5","34","16","1.36","6.85","3.21","4.17","0.1","4869"
"Felix Doubront","Athletics","4","4","0","5","4.25","8","43","82.0","82","39","9","66","31","1.38","7.24","3.40","4.17","0.5","1478"
"Rich Hill","Athletics","10","11","0","0","4.16","28","28","163.0","148","75","17","158","80","1.40","8.73","4.43","4.17","1.6","4806"
"J.T. Chargois","Twins","0","0","0","1","4.25","0","10","10.0","10","5","1","9","5","1.42","8.31","4.18","4.18","0.0","sa621373"
"Pierce Johnson","Cubs","1","1","0","1","4.04","0","10","10.0","9","4","1","9","4","1.38","8.17","4.03","4.18","0.0","sa501771"
"Phil Klein","Rangers","1","1","0","1","4.09","0","20","20.0","18","9","2","19","9","1.38","8.52","4.19","4.18","0.0","12675"
"Ben Rowen","Blue Jays","0","0","0","1","4.12","0","10","10.0","10","5","1","7","3","1.32","5.92","2.49","4.18","0.0","10983"
"Derek Holland","Rangers","9","9","0","0","4.17","29","29","169.0","170","78","22","142","51","1.31","7.56","2.71","4.18","2.1","4141"
"Enny Romero","Rays","2","3","2","13","4.20","0","55","55.0","53","26","6","49","24","1.39","7.95","3.93","4.19","0.0","4001"
"Miguel Castro","Rockies","2","2","0","3","4.38","0","30","30.0","30","15","3","28","13","1.41","8.29","3.82","4.19","0.0","15684"
"Taylor Guerrieri","Rays","2","3","0","1","4.08","6","16","48.0","47","22","6","36","15","1.31","6.90","2.81","4.19","0.4","sa597787"
"Taylor Jungmann","Brewers","8","9","0","0","4.29","23","23","130.0","126","62","14","116","55","1.39","8.00","3.79","4.19","1.5","13119"
"Ryan Weber","Braves","1","1","0","0","4.25","3","3","19.0","20","9","2","12","4","1.28","5.89","1.78","4.19","0.1","10160"
"Jacob Faria","Rays","4","4","0","1","4.10","8","23","62.0","59","28","7","54","25","1.35","7.91","3.56","4.19","0.4","sa598097"
"A.J. Achter","Angels","1","1","0","1","4.00","0","10","10.0","9","4","1","9","3","1.29","7.97","3.12","4.19","0.0","11387"
"Ricky Nolasco","Twins","5","7","0","0","4.64","18","18","100.0","110","51","13","74","25","1.36","6.68","2.28","4.20","1.1","3830"
"Jeremy Hellickson","Phillies","8","12","0","0","4.37","28","28","159.0","163","77","22","133","45","1.31","7.52","2.56","4.20","1.6","4371"
"Matt Bowman","Cardinals","1","1","0","1","4.23","0","15","15.0","16","7","2","11","5","1.35","6.41","2.79","4.20","0.0","sa658240"
"Dan Straily","Astros","2","3","0","5","4.21","2","37","44.0","43","21","7","42","13","1.28","8.44","2.70","4.20","0.1","9460"
"Steve Delabar","Blue Jays","1","1","0","1","4.02","0","10","10.0","9","4","1","11","5","1.36","9.68","4.28","4.20","0.0","11827"
"Joe Wieland","Mariners","1","1","0","1","4.32","2","12","19.0","20","9","3","15","5","1.30","6.94","2.34","4.21","0.1","6109"
"Kendry Flores","Marlins","1","1","0","0","4.23","2","2","9.0","10","4","1","7","3","1.34","6.59","2.79","4.21","0.1","12118"
"Zack Jones","Brewers","1","1","0","1","4.19","0","10","10.0","9","5","1","11","6","1.44","10.09","5.14","4.21","0.0","sa502134"
"Drew Hutchison","Blue Jays","4","4","0","1","4.31","10","20","66.0","66","32","9","59","20","1.30","8.06","2.70","4.21","0.6","10732"
"Erasmo Ramirez","Rays","6","7","0","0","4.11","21","21","120.0","119","55","14","90","35","1.28","6.79","2.61","4.21","1.1","10314"
"Dallas Beeler","Cubs","1","1","0","0","4.16","2","2","9.0","10","4","1","6","3","1.36","6.11","3.04","4.21","0.1","11471"
"Rookie Davis","Reds","0","1","0","1","4.24","0","10","10.0","10","5","1","9","3","1.30","7.83","2.81","4.21","0.0","sa599174"
"Colin Rea","Padres","6","8","0","0","4.28","21","21","121.0","122","57","12","91","45","1.39","6.80","3.33","4.22","1.0","12317"
"Ty Blach","Giants","1","1","0","0","4.19","2","2","9.0","10","4","1","6","2","1.32","5.41","2.34","4.22","0.0","sa658009"
"Brett Oberholtzer","Phillies","5","7","0","0","4.39","16","16","93.0","98","45","12","70","23","1.31","6.78","2.27","4.22","0.9","3855"
"Bobby LaFromboise","Phillies","2","2","0","9","4.17","0","45","45.0","44","21","6","42","17","1.34","8.30","3.38","4.22","0.0","7758"
"Trey Haley","Pirates","1","1","0","1","4.12","0","15","15.0","14","7","1","14","8","1.47","8.34","4.98","4.23","0.0","sa456039"
"Chase Anderson","Brewers","7","9","0","0","4.32","24","24","136.0","139","65","18","113","41","1.33","7.49","2.71","4.24","1.5","6895"
"Edwin Escobar","Red Sox","1","1","0","1","4.23","0","10","10.0","10","5","1","8","3","1.30","7.06","2.63","4.24","0.0","10337"
"Andrew Bailey","Phillies","1","2","0","5","4.22","0","35","35.0","32","16","6","38","13","1.29","9.77","3.34","4.24","0.0","1368"
"A.J. Cole","Nationals","2","2","0","0","4.06","5","5","28.0","28","13","4","22","8","1.29","6.99","2.52","4.24","0.2","11467"
"Luis Perdomo","Padres","1","1","0","0","4.28","3","3","18.0","18","9","2","15","7","1.37","7.18","3.33","4.24","0.1","5380"
"Blake Snell","Rays","6","6","0","0","4.11","15","15","84.0","75","38","9","82","43","1.40","8.81","4.57","4.24","0.8","sa597786"
"Nate Karns","Mariners","7","8","0","0","4.23","23","23","130.0","123","61","17","121","49","1.32","8.44","3.40","4.25","1.1","12638"
"Matt Cain","Giants","6","7","0","0","4.05","19","19","110.0","108","50","14","87","33","1.28","7.10","2.73","4.25","0.6","4732"
"Tyler Thornburg","Brewers","2","3","0","15","4.21","0","55","55.0","53","26","6","49","23","1.39","7.96","3.84","4.25","0.0","10688"
"Noe Ramirez","Red Sox","1","1","0","1","4.10","0","15","15.0","15","7","2","12","6","1.39","7.15","3.50","4.25","0.0","12800"
"Adalberto Mejia","Giants","1","1","0","0","4.15","2","2","9.0","9","4","1","7","4","1.37","6.57","3.38","4.26","0.0","sa596976"
"Ervin Santana","Twins","11","12","0","0","4.42","31","31","191.0","200","94","24","142","58","1.36","6.70","2.76","4.26","1.9","3200"
"Ubaldo Jimenez","Orioles","7","7","0","0","4.24","21","21","119.0","114","56","14","106","50","1.37","7.98","3.75","4.26","1.4","3374"
"Marco Gonzales","Cardinals","4","4","0","0","4.21","13","13","74.0","75","35","9","57","24","1.34","6.92","2.93","4.26","0.6","15467"
"Rubby de la Rosa","Diamondbacks","8","9","0","0","4.26","24","24","141.0","141","67","18","114","47","1.34","7.31","3.03","4.27","1.2","3862"
"Mike Strong","Twins","0","1","0","1","4.19","0","10","10.0","10","5","1","8","5","1.42","7.57","4.05","4.27","0.0","sa502184"
"Tyler Chatwood","Rockies","4","4","0","0","4.34","15","15","84.0","87","40","10","65","28","1.37","6.97","3.03","4.27","1.0","4338"
"Matt Moore","Rays","7","9","0","0","4.12","23","23","129.0","121","59","16","119","53","1.34","8.27","3.66","4.27","1.1","1890"
"Drew VerHagen","Tigers","3","3","0","10","4.25","0","45","45.0","47","21","4","29","17","1.42","5.78","3.43","4.27","0.0","13424"
"Manny Banuelos","Braves","5","6","0","0","4.17","18","18","101.0","95","47","10","88","46","1.40","7.90","4.13","4.28","0.7","5365"
"Ariel Pena","Brewers","3","3","0","3","4.21","5","35","58.0","54","27","7","58","28","1.40","9.02","4.29","4.28","0.3","10240"
"Tommy Kahnle","White Sox","1","1","0","1","4.43","0","25","25.0","22","12","3","27","14","1.47","9.60","5.17","4.29","0.0","11384"
"Josh Collmenter","Diamondbacks","3","3","0","11","3.96","2","47","54.0","56","24","7","36","13","1.26","5.98","2.12","4.29","0.0","7312"
"Alex Reyes","Cardinals","1","1","0","0","4.25","2","2","9.0","8","4","1","9","6","1.50","8.98","5.47","4.29","0.1","sa739551"
"J.J. Hoover","Reds","4","4","37","1","3.82","0","65","65.0","56","28","9","64","29","1.31","8.91","4.01","4.29","0.0","9037"
"Robbie Erlin","Padres","4","7","0","0","4.45","16","16","93.0","96","46","12","72","28","1.33","7.02","2.67","4.29","0.7","10354"
"Jorge de la Rosa","Rockies","11","10","0","0","4.33","31","31","177.0","178","85","20","141","70","1.40","7.17","3.56","4.29","2.1","2047"
"Yhonathan Barrios","Brewers","1","1","0","1","4.34","0","20","20.0","20","10","2","16","8","1.40","7.13","3.55","4.29","0.0","11166"
"Mark Buehrle"," ","11","12","0","0","4.25","32","32","202.0","223","96","23","111","44","1.32","4.92","1.95","4.30","1.8","225"
"Chad Bettis","Rockies","9","9","0","0","4.49","26","26","151.0","159","75","19","123","52","1.40","7.34","3.13","4.30","1.8","10587"
"Evan Rutckyj","Yankees","0","1","0","1","4.04","0","10","10.0","9","4","1","10","5","1.39","8.65","4.54","4.30","0.0","sa549263"
"Hector Neris","Phillies","1","1","0","1","4.23","0","15","15.0","14","7","2","14","6","1.36","8.37","3.60","4.31","0.0","11804"
"Bo Schultz","Blue Jays","2","2","0","7","4.14","0","40","40.0","39","18","5","32","13","1.31","7.20","2.97","4.31","0.0","5028"
"Trevor Bauer","Indians","9","10","0","0","4.23","28","28","159.0","148","75","20","152","69","1.36","8.59","3.92","4.31","1.5","12703"
"Jose Urena","Marlins","1","1","0","0","4.33","3","3","18.0","20","9","2","11","5","1.37","5.53","2.66","4.31","0.1","11589"
"Mat Latos","White Sox","8","9","0","0","4.50","26","26","150.0","157","75","20","120","47","1.36","7.22","2.82","4.31","1.6","3815"
"Zachary Godley","Diamondbacks","2","2","0","0","4.28","5","5","28.0","27","13","3","22","11","1.37","7.27","3.49","4.32","0.2","14862"
"Tim Lincecum"," ","8","10","0","0","4.42","24","24","139.0","138","68","16","112","56","1.40","7.29","3.62","4.32","1.2","5705"
"Ryan O'Rourke","Twins","1","1","0","1","4.28","0","15","15.0","14","7","2","15","7","1.41","9.01","4.23","4.32","0.0","10976"
"Kris Medlen","Royals","8","9","0","0","4.26","24","24","140.0","148","66","18","97","37","1.32","6.20","2.38","4.32","1.2","9417"
"Justin Masterson"," ","7","8","0","0","4.43","21","21","120.0","120","59","11","97","53","1.44","7.33","3.97","4.32","1.0","2038"
"Stephen Johnson","Reds","1","1","0","1","4.23","0","20","20.0","18","9","2","20","11","1.45","9.14","4.98","4.33","0.0","sa658027"
"Jason Motte","Rockies","4","4","6","14","4.33","0","65","65.0","67","31","9","53","18","1.32","7.31","2.54","4.34","0.2","5861"
"Doug Fister","Astros","10","11","0","0","4.26","29","29","173.0","188","82","22","112","38","1.31","5.82","2.00","4.34","1.7","9425"
"Ryan Vogelsong","Pirates","6","8","0","0","4.45","19","19","111.0","115","55","13","82","40","1.39","6.63","3.21","4.34","0.7","1011"
"Javy Guerra","Angels","0","1","0","1","4.27","0","10","10.0","10","5","1","8","4","1.36","6.91","3.32","4.34","0.0","7407"
"Eric Jokisch","Cubs","1","1","0","0","4.27","2","2","9.0","10","4","1","7","3","1.35","6.32","2.86","4.34","0.1","11157"
"Edinson Volquez","Royals","9","9","0","0","4.16","28","28","161.0","159","75","18","121","60","1.36","6.74","3.36","4.34","1.3","3990"
"Dillon Gee","Royals","3","4","0","8","4.26","5","45","69.0","72","33","9","45","16","1.29","5.89","2.14","4.34","0.2","7396"
"Roenis Elias","Red Sox","4","4","0","0","4.38","10","10","55.0","55","27","6","45","22","1.40","7.40","3.60","4.34","0.4","12673"
"Scott McGough","Marlins","1","1","0","1","4.30","0","20","20.0","20","10","2","14","9","1.46","6.47","4.03","4.35","0.0","12056"
"John Gant","Braves","0","1","0","0","4.44","2","2","9.0","9","5","1","8","4","1.41","7.70","3.72","4.35","0.1","sa599212"
"Nefi Ogando","Marlins","1","1","0","1","4.38","0","15","15.0","15","7","1","12","7","1.47","7.31","4.42","4.35","0.0","12253"
"Kendall Graveman","Athletics","8","9","0","0","4.43","23","23","130.0","140","64","14","81","40","1.39","5.65","2.79","4.35","1.0","15514"
"Jordan Lyles","Rockies","7","8","0","0","4.60","23","23","129.0","140","66","14","88","45","1.43","6.17","3.11","4.36","1.5","7593"
"Sam LeCure","Diamondbacks","1","1","0","1","4.25","0","15","15.0","15","7","2","12","6","1.37","7.06","3.45","4.36","0.0","4664"
"Tom Koehler","Marlins","9","11","0","0","4.27","29","29","171.0","172","81","19","126","66","1.39","6.64","3.50","4.37","1.0","6570"
"Matt Garza","Brewers","8","11","0","0","4.49","28","28","164.0","172","82","22","124","53","1.37","6.80","2.89","4.37","1.5","3340"
"CC Sabathia","Yankees","7","8","0","0","4.54","23","23","133.0","139","67","19","109","39","1.34","7.33","2.64","4.37","1.4","404"
"Williams Perez","Braves","6","8","0","0","4.43","21","21","121.0","126","59","13","86","44","1.41","6.42","3.27","4.37","0.7","11592"
"Brandon Workman","Red Sox","2","2","0","1","4.51","2","27","34.0","36","17","5","28","12","1.38","7.25","3.07","4.38","0.0","11428"
"Brian Johnson","Red Sox","1","1","0","0","4.35","2","2","9.0","9","4","1","8","4","1.40","7.27","3.66","4.38","0.1","14272"
"Michael Feliz","Astros","1","1","0","1","4.46","0","15","15.0","15","7","2","13","6","1.38","7.70","3.40","4.39","0.0","11903"
"Vance Worley","Orioles","2","2","0","7","4.44","0","40","40.0","43","20","6","28","9","1.32","6.28","2.10","4.39","0.0","6435"
"Daniel Norris","Tigers","9","9","0","0","4.37","24","24","141.0","140","68","17","119","59","1.41","7.63","3.74","4.39","1.2","13475"
"Mike Foltynewicz","Braves","4","6","0","0","4.42","16","16","93.0","89","46","12","87","42","1.40","8.46","4.04","4.39","0.5","10811"
"Ryan Merritt","Indians","0","1","0","1","4.55","0","10","10.0","11","5","1","6","2","1.29","5.80","1.60","4.39","0.0","sa598282"
"Tim Berry","Marlins","0","1","0","1","4.38","0","10","10.0","10","5","1","7","4","1.40","6.24","3.27","4.39","0.0","sa503777"
"Hector Santiago","Angels","9","8","0","0","3.94","28","28","157.0","147","69","20","134","62","1.33","7.65","3.52","4.40","1.0","4026"
"Brian Flynn","Royals","1","2","0","1","4.32","2","17","24.0","25","12","3","17","9","1.40","6.29","3.19","4.40","0.1","12027"
"Ian Kennedy","Royals","10","12","0","0","4.32","31","31","180.0","176","86","26","157","59","1.31","7.86","2.97","4.40","1.4","6986"
"Tyler Anderson","Rockies","0","0","0","1","4.41","0","10","10.0","10","5","1","8","4","1.39","7.32","3.28","4.40","0.0","sa578009"
"Jerad Eickhoff","Phillies","5","8","0","0","4.39","19","19","110.0","109","54","16","97","37","1.33","7.92","3.03","4.40","0.9","12664"
"Scott Alexander","Royals","2","2","0","5","4.19","0","35","35.0","35","16","4","25","14","1.41","6.43","3.68","4.41","0.0","10591"
"Edgar Olmos","Cubs","0","0","0","1","4.21","0","10","10.0","10","5","1","8","5","1.44","7.17","4.24","4.41","0.0","10174"
"Danny Reynolds","Astros","1","1","0","1","4.45","0","10","10.0","10","5","1","9","5","1.47","7.80","4.52","4.41","0.0","sa501564"
"Jimmy Cordero","Phillies","0","0","0","1","4.48","0","10","10.0","10","5","1","9","5","1.45","8.46","4.40","4.42","0.0","sa680023"
"Matthew Wisler","Braves","7","9","0","0","4.34","23","23","132.0","135","64","19","103","40","1.33","7.06","2.71","4.42","0.7","12804"
"Cody Martin","Mariners","3","4","0","13","4.40","0","55","55.0","54","27","8","50","21","1.37","8.10","3.49","4.43","-0.2","12182"
"Mitchell Harris","Cardinals","1","1","0","1","4.35","0","25","25.0","25","12","3","18","11","1.43","6.65","3.80","4.43","0.0","4530"
"Kirby Yates","Yankees","1","1","0","1","4.18","0","25","25.0","23","12","4","26","10","1.35","9.40","3.78","4.43","0.0","9073"
"Aaron Sanchez","Blue Jays","8","7","0","1","4.17","18","33","118.0","114","55","11","89","58","1.45","6.77","4.39","4.43","0.9","11490"
"Wily Peralta","Brewers","9","12","0","0","4.55","29","29","170.0","184","86","21","119","56","1.41","6.31","2.98","4.43","1.5","7738"
"Ivan Nova","Yankees","6","7","0","0","4.41","18","18","102.0","107","50","13","75","32","1.36","6.56","2.84","4.44","1.0","1994"
"Andrew Faulkner","Rangers","1","1","0","1","4.36","0","10","10.0","10","5","1","9","4","1.41","7.96","3.89","4.44","0.0","12982"
"Michael Fulmer","Tigers","1","1","0","0","4.62","2","2","9.0","10","5","1","7","3","1.39","7.23","2.97","4.44","0.1","sa597764"
"David Goforth","Brewers","1","1","0","1","4.44","0","25","25.0","25","12","3","20","12","1.47","7.27","4.18","4.45","0.0","12166"
"Johnny Barbato","Yankees","1","1","0","1","4.34","0","10","10.0","10","5","1","9","4","1.39","8.35","3.74","4.45","0.0","sa548328"
"Joseph Biagini","Blue Jays","0","0","0","1","4.20","0","10","10.0","10","5","1","7","3","1.35","6.53","2.85","4.46","0.0","sa599307"
"Yovani Gallardo","Orioles","11","11","0","0","4.37","31","31","176.0","187","85","21","115","62","1.41","5.90","3.15","4.47","1.7","8173"
"Seth Lugo","Mets","0","1","0","0","4.59","2","2","9.0","9","5","1","8","3","1.36","7.71","3.14","4.47","0.1","sa599698"
"Branden Pinder","Yankees","2","2","0","10","4.37","0","45","45.0","44","22","7","41","17","1.35","8.12","3.39","4.47","0.0","12093"
"Daniel Coulombe","Athletics","0","0","0","1","4.47","0","10","10.0","9","5","1","9","6","1.54","8.07","5.31","4.48","0.0","13293"
"Taylor Rogers","Twins","1","1","0","0","4.76","2","2","9.0","10","5","1","6","3","1.43","5.67","2.80","4.48","0.1","sa503168"
"Jeff Ferrell","Tigers","0","1","0","1","4.56","0","10","10.0","11","5","1","8","3","1.38","6.89","2.78","4.48","0.0","11506"
"Chris Jones","Orioles","1","1","0","1","4.39","0","10","10.0","11","5","1","7","3","1.34","6.26","2.54","4.48","0.0","sa392067"
"Chris Tillman","Orioles","11","11","0","0","4.34","32","32","192.0","193","93","26","144","65","1.34","6.73","3.06","4.49","1.8","5279"
"Tyler Cravy","Brewers","1","1","0","0","4.50","2","2","9.0","9","5","1","7","3","1.40","7.13","3.40","4.49","0.1","10770"
"T.J. House","Indians","1","1","0","0","4.66","3","3","18.0","20","9","2","13","7","1.46","6.16","3.46","4.49","0.1","9121"
"Pat Venditte","Blue Jays","2","2","0","5","4.35","0","35","35.0","34","17","5","30","13","1.35","7.83","3.28","4.49","0.0","7108"
"Matt Koch","Diamondbacks","0","1","0","1","4.48","0","10","10.0","11","5","1","6","2","1.32","5.64","2.16","4.49","0.0","sa503235"
"Eric Stults"," ","4","5","0","0","4.61","13","13","74.0","81","38","10","47","19","1.34","5.73","2.28","4.49","0.5","8011"
"Jarrod Parker","Athletics","1","1","0","0","4.48","2","2","10.0","10","5","1","7","3","1.36","6.16","2.88","4.50","0.1","4913"
"Scott Feldman","Astros","3","4","0","0","4.51","10","10","57.0","61","29","7","37","17","1.35","5.87","2.68","4.51","0.4","6283"
"Todd Redmond","Orioles","0","1","0","1","4.43","0","10","10.0","10","5","1","8","3","1.37","6.91","3.14","4.51","0.0","9943"
"Scott Oberg","Rockies","1","1","0","1","4.46","0","20","20.0","20","10","2","17","9","1.45","7.53","3.97","4.51","0.0","13911"
"Arnold Leon","Blue Jays","1","1","0","1","4.59","0","10","10.0","11","5","1","8","3","1.35","6.80","2.60","4.52","0.0","5595"
"Matt Boyd","Tigers","4","4","0","0","4.48","13","13","75.0","78","37","11","59","24","1.36","7.11","2.89","4.53","0.5","15440"
"Jake Thompson","Phillies","3","5","0","0","4.47","11","11","65.0","67","32","8","48","23","1.39","6.66","3.20","4.53","0.4","sa526929"
"Justin Nicolino","Marlins","3","4","0","0","4.49","10","10","56.0","63","28","6","27","14","1.37","4.32","2.23","4.53","0.2","11754"
"Cody Anderson","Indians","4","5","0","0","4.38","13","13","75.0","79","37","10","47","22","1.34","5.60","2.64","4.53","0.5","12799"
"Tanner Scheppers","Rangers","2","2","0","3","4.40","0","30","30.0","29","15","4","25","13","1.43","7.54","4.02","4.54","0.0","10267"
"Henry Owens","Red Sox","3","3","0","0","4.39","8","8","47.0","45","23","6","40","21","1.43","7.66","4.15","4.54","0.3","13143"
"Jarlin Garcia","Marlins","0","1","0","0","4.61","2","2","9.0","10","5","1","6","3","1.40","6.06","2.92","4.54","0.0","sa597438"
"Kyle Lohse"," ","8","11","0","0","4.50","28","28","162.0","172","81","24","109","41","1.32","6.05","2.29","4.55","1.0","739"
"Kyle Ryan","Tigers","2","2","0","3","4.70","0","30","30.0","34","16","4","17","9","1.43","5.21","2.72","4.55","-0.1","11753"
"Mike Minor","Royals","1","1","0","0","4.26","3","3","19.0","19","9","3","14","5","1.29","6.49","2.58","4.55","0.1","10021"
"Tyler Olson","Yankees","2","2","0","1","4.29","3","18","34.0","34","16","4","25","12","1.36","6.57","3.12","4.55","0.1","14741"
"Severino Gonzalez","Phillies","1","2","0","1","4.80","0","25","25.0","27","13","4","18","5","1.32","6.41","1.96","4.56","0.0","14697"
"Mike Pelfrey","Tigers","7","8","0","0","4.82","21","21","120.0","137","64","13","66","37","1.45","4.93","2.78","4.56","0.8","5203"
"Damien Magnifico","Brewers","0","1","0","1","4.57","0","10","10.0","10","5","1","8","4","1.44","7.10","3.81","4.56","0.0","sa501481"
"Shane Greene","Tigers","4","5","0","1","4.79","8","33","72.0","80","38","9","49","22","1.42","6.09","2.80","4.56","0.3","10756"
"Archie Bradley","Diamondbacks","5","5","0","0","4.56","15","15","85.0","83","43","9","70","42","1.47","7.45","4.45","4.57","0.4","12918"
"Williams Jerez","Red Sox","0","1","0","1","4.57","0","10","10.0","10","5","1","8","4","1.46","7.35","4.03","4.57","0.0","sa597797"
"Jandel Gustave","Astros","0","1","0","1","4.66","0","10","10.0","10","5","1","8","5","1.49","6.95","4.06","4.57","0.0","sa550624"
"Joe Beimel"," ","2","3","0","0","4.34","0","65","65.0","68","31","8","41","23","1.40","5.70","3.18","4.58","-0.3","979"
"Miguel Almonte","Royals","2","3","0","3","4.51","2","32","39.0","39","20","5","32","15","1.39","7.39","3.50","4.58","0.0","14139"
"Sean Nolin","Brewers","0","1","0","0","4.65","2","2","9.0","9","5","1","7","4","1.42","7.12","3.54","4.58","0.1","11341"
"Chris Stratton","Giants","0","1","0","0","4.49","2","2","9.0","9","5","1","7","4","1.46","6.59","4.10","4.58","0.0","sa621598"
"Steven Wright","Red Sox","5","5","0","1","4.55","13","23","85.0","90","43","11","59","28","1.39","6.19","2.94","4.58","0.4","8185"
"Casey Kelly","Braves","1","2","0","0","4.71","5","5","28.0","30","15","3","19","10","1.42","6.18","3.17","4.58","0.1","9174"
"Andrew Bellatti","Rays","1","1","0","1","4.45","0","25","25.0","25","12","4","22","9","1.34","7.75","3.25","4.58","-0.1","10657"
"Jeff Hoffman","Rockies","2","2","0","1","4.60","3","18","33.0","36","17","4","25","12","1.43","6.83","3.27","4.59","0.1","sa709602"
"Raul Alcantara","Athletics","1","1","0","1","4.61","0","15","15.0","16","8","2","9","4","1.39","5.20","2.65","4.61","0.0","sa548100"
"Nick Lee","Nationals","0","0","0","1","4.43","0","10","10.0","9","5","1","10","7","1.58","8.78","6.05","4.61","0.0","sa550027"
"Jake Esch","Marlins","0","1","0","0","4.65","2","2","9.0","10","5","1","6","4","1.45","5.80","3.42","4.61","0.0","sa546977"
"Aaron Harang"," ","8","12","0","0","4.67","28","28","164.0","178","85","23","109","53","1.40","5.98","2.88","4.62","0.8","1451"
"Mark Appel","Phillies","2","3","0","0","4.81","8","8","47.0","49","25","7","38","18","1.44","7.28","3.46","4.63","0.3","sa501726"
"Kyle Crick","Giants","1","2","0","1","4.46","2","17","24.0","21","12","2","26","20","1.66","9.71","7.35","4.64","0.0","sa597770"
"J.C. Ramirez","Reds","0","1","0","1","4.55","0","10","10.0","10","5","1","8","5","1.44","7.40","4.12","4.64","0.0","8302"
"Pat Dean","Twins","0","1","0","1","4.88","0","10","10.0","12","5","1","5","2","1.38","4.85","1.89","4.65","0.0","sa548253"
"Matt Marksberry","Braves","1","2","0","1","4.57","0","25","25.0","24","13","3","22","13","1.49","7.98","4.69","4.65","-0.1","15089"
"Mason Melotakis","Twins","0","1","0","1","4.72","0","10","10.0","10","5","1","8","5","1.51","7.12","4.21","4.66","0.0","sa621016"
"David Hale","Rockies","0","1","0","0","4.96","2","2","9.0","10","5","1","6","3","1.48","5.83","3.18","4.66","0.1","9756"
"Carlos Contreras","Reds","2","3","0","13","4.37","0","55","55.0","49","27","7","55","33","1.49","9.02","5.43","4.66","-0.2","10386"
"Jayson Aquino","Cardinals","0","1","0","1","4.66","0","10","10.0","11","5","1","6","3","1.41","5.79","2.94","4.66","0.0","sa550591"
"Matt Harrison","Phillies","0","1","0","0","4.74","2","2","9.0","10","5","1","6","4","1.49","5.75","3.65","4.68","0.0","5551"
"Alfredo Simon","Reds","6","7","0","0","4.59","18","18","106.0","112","54","14","68","35","1.39","5.80","2.97","4.68","0.6","2155"
"Colby Lewis","Rangers","7","8","0","0","4.78","19","19","114.0","126","61","18","79","29","1.36","6.20","2.31","4.69","0.8","1259"
"Chris Rusin","Rockies","7","8","0","5","4.88","16","51","129.0","150","70","17","76","37","1.45","5.29","2.62","4.69","0.7","9895"
"Brandon Beachy","Dodgers","1","1","0","0","4.64","3","3","19.0","19","10","2","14","8","1.43","6.83","3.71","4.70","0.1","8851"
"Victor Alcantara","Angels","1","1","0","1","4.48","0","15","15.0","15","7","2","11","8","1.49","6.88","4.66","4.70","0.0","sa657093"
"Erik Johnson","White Sox","3","3","0","0","4.68","8","8","46.0","47","24","7","39","20","1.44","7.47","3.84","4.71","0.3","12520"
"Daniel Webb","White Sox","1","1","0","1","4.90","0","15","15.0","15","8","2","13","9","1.58","7.53","5.14","4.72","0.0","10558"
"Luis Perdomo","Padres","1","2","0","3","4.79","0","30","30.0","32","16","4","22","13","1.47","6.75","3.75","4.72","-0.1","sa597248"
"Jorge Lopez","Brewers","2","4","0","0","4.87","8","8","46.0","48","25","7","40","19","1.44","7.73","3.66","4.72","0.3","14527"
"Donn Roach","Mariners","0","1","0","1","4.85","0","10","10.0","12","5","1","5","3","1.47","4.10","2.69","4.73","0.0","10620"
"John Danks","White Sox","7","10","0","0","4.78","24","24","143.0","155","76","21","99","45","1.39","6.22","2.81","4.73","0.9","6329"
"David Buchanan","Phillies","1","2","0","0","4.94","5","5","28.0","31","15","4","17","9","1.45","5.41","2.94","4.73","0.1","11176"
"Brad Peacock","Astros","1","2","0","1","4.71","2","22","29.0","29","15","4","26","13","1.42","7.96","3.84","4.74","0.0","5401"
"Christian Bergman","Rockies","2","2","0","9","4.88","0","40","40.0","46","22","6","25","9","1.38","5.61","1.97","4.74","-0.1","10925"
"Jerome Williams"," ","5","8","0","0","5.03","19","19","110.0","125","62","16","69","32","1.43","5.62","2.59","4.75","0.4","1137"
"Keyvius Sampson","Reds","2","3","0","8","4.57","0","40","40.0","38","20","5","37","21","1.47","8.32","4.69","4.75","-0.2","10039"
"Luis Cessa","Yankees","2","2","0","0","4.92","5","5","28.0","31","15","4","20","8","1.39","6.30","2.66","4.75","0.2","sa506912"
"Bryan Mitchell","Yankees","3","4","0","3","4.82","6","36","68.0","69","36","8","55","33","1.51","7.30","4.38","4.75","0.2","11479"
"Mike Clevinger","Indians","1","2","0","0","4.78","5","5","28.0","29","15","4","22","11","1.42","7.18","3.39","4.75","0.1","sa597956"
"Jered Weaver","Angels","10","11","0","0","4.42","29","29","178.0","185","87","27","114","47","1.30","5.75","2.38","4.75","0.4","4235"
"Amir Garrett","Reds","1","1","0","1","4.51","0","15","15.0","14","8","2","13","8","1.49","7.84","4.86","4.75","0.0","sa599236"
"R.A. Dickey","Blue Jays","12","12","0","0","4.34","32","32","204.0","206","98","29","138","65","1.33","6.08","2.88","4.76","1.1","1245"
"Tyler Wagner","Diamondbacks","1","1","0","0","4.69","3","3","19.0","20","10","2","13","7","1.43","6.16","3.41","4.76","0.1","13796"
"Tyler Wagner","Diamondbacks","2","3","0","0","4.69","6","6","37.0","39","19","5","25","14","1.43","6.16","3.41","4.76","0.2","13796"
"Mauricio Cabrera","Braves","1","1","0","1","4.74","0","15","15.0","14","8","2","14","10","1.60","8.47","5.96","4.76","0.0","sa596857"
"Odrisamer Despaigne","Orioles","2","3","0","3","4.77","3","33","49.0","53","26","7","30","14","1.38","5.59","2.67","4.77","0.0","16017"
"Marco Estrada","Blue Jays","10","9","0","0","4.26","28","28","163.0","157","77","27","125","49","1.26","6.90","2.69","4.77","0.8","1118"
"Jose Valdez","Tigers","0","1","0","1","4.67","0","10","10.0","10","5","1","8","5","1.51","7.33","4.78","4.77","0.0","14470"
"Dale Thayer","Orioles","1","1","0","1","4.53","0","10","10.0","10","5","2","8","3","1.36","7.22","3.13","4.79","0.0","5032"
"Sal Romano","Reds","0","1","0","1","4.74","0","10","10.0","11","5","1","7","4","1.45","6.26","3.59","4.80","0.0","sa599266"
"A.J. Griffin","Rangers","1","1","0","0","4.49","2","2","10.0","10","5","2","8","3","1.30","7.13","2.47","4.80","0.1","11132"
"Bobby Parnell","Tigers","2","2","0","1","4.95","0","20","20.0","21","11","2","14","10","1.58","6.09","4.60","4.81","0.0","9926"
"Matthew Strahm","Royals","0","1","0","1","4.71","0","10","10.0","9","5","1","10","5","1.45","8.70","4.49","4.81","0.0","sa658557"
"Brady Dragmire","Blue Jays","0","0","0","1","4.83","0","10","10.0","11","5","1","6","4","1.48","5.73","3.50","4.82","0.0","sa598911"
"Dylan Baker","Indians","0","1","0","1","4.71","0","10","10.0","10","5","1","7","5","1.55","6.42","4.90","4.82","0.0","sa658002"
"Robert Stephenson","Reds","2","2","0","0","4.69","5","5","28.0","26","15","4","28","15","1.44","8.95","4.67","4.82","0.1","sa597792"
"Mike Wright","Orioles","4","5","0","0","4.76","13","13","73.0","79","39","11","50","23","1.39","6.14","2.88","4.82","0.4","12586"
"Jacob Turner","White Sox","3","4","0","8","5.22","3","43","59.0","66","34","9","42","21","1.48","6.38","3.17","4.85","-0.1","10185"
"Chi Chi Gonzalez","Rangers","5","6","0","0","4.84","13","13","75.0","81","40","9","44","30","1.49","5.30","3.64","4.85","0.4","14663"
"Gabriel Ynoa","Mets","0","1","0","0","5.03","2","2","9.0","11","5","1","6","2","1.38","5.32","2.14","4.86","0.0","sa549128"
"Miguel Gonzalez","Orioles","9","11","0","0","4.62","28","28","158.0","165","81","25","114","51","1.36","6.47","2.90","4.87","0.8","7024"
"Chad Billingsley"," ","5","7","0","0","5.04","16","16","93.0","105","52","14","56","28","1.43","5.45","2.69","4.88","0.2","5842"
"Adrian Houser","Brewers","1","1","0","0","5.05","3","3","19.0","20","10","3","14","8","1.49","6.89","3.78","4.88","0.1","12718"
"Shawn Morimando","Indians","0","1","0","1","4.89","0","10","10.0","10","5","1","8","4","1.49","6.91","4.01","4.88","0.0","sa599725"
"Angel Nesbitt","Tigers","1","1","0","1","4.94","0","15","15.0","16","8","2","11","7","1.50","6.45","3.95","4.88","0.0","13415"
"Andury Acevedo","Cubs","1","1","0","1","4.51","0","10","10.0","9","5","1","9","6","1.53","7.72","5.30","4.88","0.0","sa395471"
"Tyler Wilson","Orioles","2","3","0","0","4.96","8","8","46.0","51","25","7","29","13","1.40","5.72","2.62","4.88","0.2","12691"
"Gavin Floyd","Blue Jays","2","3","0","3","4.79","5","35","58.0","62","31","10","45","18","1.37","7.03","2.82","4.90","0.0","3886"
"Austin Brice","Marlins","0","1","0","0","4.92","2","2","9.0","9","5","1","7","5","1.56","7.21","4.97","4.90","0.0","sa548458"
"Chris Young","Royals","7","8","0","1","4.33","18","43","128.0","126","62","20","87","46","1.34","6.07","3.26","4.91","0.1","3196"
"Tyler Matzek","Rockies","4","5","0","0","4.93","11","11","65.0","66","36","7","54","39","1.61","7.53","5.41","4.92","0.3","10058"
"Tyrell Jenkins","Braves","2","4","0","0","4.93","8","8","47.0","50","26","6","30","20","1.51","5.84","3.89","4.94","0.0","sa548158"
"Michael Lorenzen","Reds","4","7","0","0","4.82","16","16","94.0","98","50","14","66","38","1.45","6.36","3.66","4.95","0.2","14843"
"Alec Asher","Phillies","2","3","0","0","5.12","6","6","38.0","41","21","7","29","11","1.39","6.87","2.72","4.98","0.1","13560"
"Jon Moscot","Reds","3","4","0","0","4.79","10","10","54.0","57","29","9","39","19","1.40","6.37","3.13","4.99","0.1","13849"
"Michael Ynoa","White Sox","0","1","0","1","5.06","0","10","10.0","10","6","1","9","6","1.58","7.96","5.17","5.01","0.0","sa549595"
"Conner Greene","Blue Jays","1","1","0","0","5.09","2","2","9.0","10","5","1","7","4","1.49","6.37","3.57","5.05","0.0","sa737829"
"Buck Farmer","Tigers","1","1","0","0","5.19","3","3","18.0","20","11","3","13","7","1.46","6.42","3.18","5.07","0.0","14814"
"Scott Carroll","White Sox","0","1","0","0","5.16","2","2","9.0","11","5","1","5","3","1.52","4.99","3.38","5.08","0.0","888"
"Jeremy Guthrie","Rangers","3","4","0","0","5.07","10","10","56.0","65","32","9","33","16","1.44","5.20","2.55","5.08","0.1","2072"
"Chris Beck","White Sox","1","2","0","0","5.22","5","5","28.0","32","16","4","16","10","1.49","5.30","3.16","5.08","0.1","13418"
"Asher Wojciechowski","Astros","1","2","0","0","5.19","5","5","28.0","30","16","5","20","10","1.46","6.48","3.29","5.10","0.0","10836"
"Eddie Butler","Rockies","3","3","0","0","5.25","8","8","47.0","54","27","6","28","20","1.58","5.42","3.83","5.10","0.2","13453"
"Nick Martinez","Rangers","1","1","0","0","4.92","3","3","19.0","21","10","3","11","7","1.48","5.44","3.39","5.11","0.0","12730"
"Pat Light","Red Sox","0","1","0","1","5.18","0","10","10.0","11","6","1","7","5","1.55","6.54","4.23","5.12","0.0","sa502395"
"Jason Garcia","Orioles","1","1","0","1","4.94","0","15","15.0","15","8","2","12","8","1.53","7.43","4.88","5.12","0.0","12143"
"Connor Sadzeck","Rangers","0","1","0","1","5.08","0","10","10.0","10","6","1","7","6","1.64","6.53","5.48","5.15","0.0","sa550247"
"Anthony Ranaudo","Rangers","0","1","0","0","5.13","2","2","9.0","10","5","2","6","4","1.49","6.11","3.71","5.25","0.0","11424"
"Montreal Robertson","Tigers","1","1","0","1","5.36","0","10","10.0","11","6","1","7","5","1.64","5.93","4.85","5.28","0.0","sa598657"
"Chris Lee","Orioles","0","1","0","1","5.18","0","10","10.0","11","6","1","6","5","1.59","5.49","4.56","5.30","0.0","sa550044"
"Adam Morgan","Phillies","1","2","0","0","5.35","3","3","19.0","21","11","3","11","6","1.45","5.40","2.92","5.32","0.0","12580"
"Jose Leclerc","Rangers","0","1","0","1","5.36","0","10","10.0","10","6","1","9","7","1.67","8.01","6.01","5.39","0.0","sa597170"
"Cody Reed","Reds","1","1","0","0","5.16","3","3","18.0","19","11","2","13","11","1.62","6.21","5.40","5.41","0.0","sa828694"
